{"type":"FeatureCollection","note":"Administrative regions of Italy, from Natural Earth 10m admin-1. Built by tools/build-regions.py.","features":[{"type":"Feature","properties":{"name":"Emilia-Romagna","label":{"no":"Emilia-Romagna","en":"Emilia-Romagna"},"short":"Emilia-Romagna","neighbours":["Liguria","Lombardia","Marche","Piemonte","Toscana","Veneto"]},"geometry":{"type":"Polygon","coordinates":[[[12.18523,43.74286],[12.17891,43.74363],[12.17532,43.74456],[12.17128,43.74663],[12.16313,43.75218],[12.15825,43.75552],[12.15552,43.75701],[12.1415,43.76249],[12.13107,43.76404],[12.11998,43.76346],[12.11463,43.76276],[12.10844,43.7609],[12.10224,43.75903],[12.09123,43.75661],[12.06776,43.75433],[12.01818,43.76374],[11.9686,43.77314],[11.96132,43.77714],[11.95403,43.78115],[11.94488,43.78828],[11.91883,43.80353],[11.87875,43.81671],[11.87552,43.81738],[11.85316,43.81907],[11.8296,43.82084],[11.81982,43.82245],[11.81301,43.8244],[11.80928,43.82642],[11.79735,43.83623],[11.79247,43.84137],[11.78955,43.84445],[11.78722,43.84595],[11.78489,43.84745],[11.74567,43.8633],[11.73259,43.86859],[11.73063,43.86978],[11.72082,43.87572],[11.71634,43.87914],[11.70888,43.88484],[11.70858,43.9196],[11.70625,43.92409],[11.70144,43.92952],[11.69555,43.93147],[11.6879,43.93463],[11.68542,43.93853],[11.68511,43.94349],[11.68718,43.95752],[11.68562,43.96205],[11.68313,43.96559],[11.66,43.98052],[11.65332,43.98641],[11.6507,43.99086],[11.65006,43.99499],[11.65085,43.99944],[11.65116,44.01272],[11.65239,44.01773],[11.65564,44.02093],[11.66046,44.02186],[11.67735,44.02302],[11.68155,44.02444],[11.6848,44.02672],[11.69524,44.03839],[11.69788,44.04248],[11.7033,44.05318],[11.7202,44.07023],[11.72299,44.07499],[11.72609,44.0817],[11.73057,44.09571],[11.73864,44.10837],[11.74226,44.11294],[11.74723,44.12165],[11.74738,44.12661],[11.74567,44.13007],[11.74143,44.13172],[11.73633,44.13255],[11.73167,44.13271],[11.72284,44.1318],[11.71998,44.13168],[11.71998,44.13168],[11.69214,44.13056],[11.67907,44.12784],[11.6538,44.11886],[11.64448,44.11746],[11.63427,44.11782],[11.60335,44.12325],[11.59375,44.12589],[11.58817,44.12883],[11.58847,44.13209],[11.59017,44.13537],[11.59329,44.13818],[11.60568,44.14674],[11.60878,44.14934],[11.6108,44.15229],[11.60939,44.15695],[11.60412,44.16253],[11.58832,44.17064],[11.579,44.17327],[11.57184,44.17369],[11.5678,44.17198],[11.5647,44.16966],[11.56206,44.16676],[11.55617,44.16423],[11.55105,44.16268],[11.52627,44.16222],[11.52627,44.16222],[11.51726,44.16206],[11.49597,44.16647],[11.4845,44.17421],[11.44941,44.20443],[11.44367,44.21188],[11.43981,44.21999],[11.43561,44.22412],[11.4319,44.22712],[11.41856,44.23218],[11.41236,44.23358],[11.40254,44.23493],[11.3965,44.23415],[11.39199,44.23245],[11.3892,44.22983],[11.38672,44.22712],[11.37835,44.21446],[11.37571,44.21173],[11.36982,44.20986],[11.36068,44.20865],[11.34203,44.20873],[11.33427,44.20661],[11.32994,44.20371],[11.32854,44.20139],[11.327,44.19927],[11.32219,44.19441],[11.29112,44.17079],[11.28121,44.16834],[11.20364,44.1588],[11.20022,44.15663],[11.19776,44.15374],[11.19635,44.15049],[11.19666,44.14686],[11.19791,44.14366],[11.20022,44.14067],[11.20301,44.13829],[11.20644,44.13606],[11.21481,44.13273],[11.24757,44.12307],[11.25174,44.12119],[11.25515,44.11903],[11.2564,44.11597],[11.25423,44.11224],[11.24601,44.10689],[11.22937,44.10271],[11.21402,44.10271],[11.20011,44.10468],[11.20011,44.10468],[11.19758,44.10504],[11.04825,44.09238],[11.04149,44.09181],[11.00793,44.10412],[11.00468,44.10779],[11.00128,44.11266],[11.00266,44.11622],[11.00514,44.11932],[11.01198,44.1247],[11.01538,44.12803],[11.01729,44.13354],[11.01508,44.137],[11.00969,44.13979],[11.00437,44.14072],[10.99987,44.14097],[10.99073,44.14],[10.98935,44.1373],[10.9884,44.13384],[10.98779,44.13038],[10.98656,44.12769],[10.9853,44.12589],[10.98297,44.12371],[10.97368,44.11704],[10.97089,44.11441],[10.9619,44.10225],[10.92323,44.06796],[10.91921,44.0678],[10.91486,44.06863],[10.89746,44.07493],[10.89001,44.0786],[10.88117,44.08604],[10.87667,44.08847],[10.8556,44.0946],[10.85079,44.09674],[10.84769,44.09902],[10.84505,44.10173],[10.83461,44.10821],[10.81587,44.11351],[10.81587,44.11351],[10.80128,44.11764],[10.73396,44.15467],[10.70739,44.16201],[10.64982,44.15783],[10.64547,44.15689],[10.63603,44.15353],[10.63277,44.15162],[10.62998,44.14919],[10.62781,44.14625],[10.62223,44.13642],[10.61706,44.1309],[10.61054,44.1257],[10.58217,44.1232],[10.57039,44.12563],[10.52227,44.1555],[10.51515,44.16221],[10.48393,44.18681],[10.48162,44.18981],[10.47976,44.19286],[10.4785,44.19642],[10.47758,44.2002],[10.47635,44.21343],[10.47123,44.22459],[10.41645,44.23136],[10.40017,44.23588],[10.39707,44.2382],[10.37128,44.26355],[10.35919,44.27203],[10.35097,44.27492],[10.2962,44.28239],[10.28782,44.28239],[10.26359,44.27207],[10.25394,44.2706],[10.24902,44.26985],[10.22933,44.28149],[10.21764,44.29269],[10.2147,44.29642],[10.20433,44.31419],[10.19936,44.31828],[10.19394,44.32071],[10.18835,44.32138],[10.16924,44.32644],[10.13571,44.34182],[10.13571,44.34182],[10.1218,44.3482],[10.08546,44.34898],[10.0726,44.35213],[10.06019,44.36133],[10.05456,44.36643],[10.05223,44.36923],[9.99126,44.40657],[9.98491,44.4128],[9.98506,44.41626],[9.98691,44.41941],[9.99034,44.42165],[10.00009,44.42561],[10.00165,44.42822],[10.00196,44.43264],[9.99823,44.4409],[9.99436,44.44514],[9.98985,44.44804],[9.93556,44.47039],[9.89665,44.47951],[9.86635,44.48297],[9.85892,44.48292],[9.85255,44.48207],[9.84356,44.47954],[9.83565,44.47625],[9.82027,44.46447],[9.80197,44.44525],[9.77788,44.42555],[9.76206,44.40938],[9.75991,44.40638],[9.75789,44.403],[9.75385,44.39207],[9.75138,44.38923],[9.7478,44.38726],[9.74363,44.38566],[9.71581,44.37843],[9.69955,44.37637],[9.69535,44.37471],[9.69149,44.3728],[9.68885,44.37006],[9.68729,44.36675],[9.68698,44.3636],[9.68977,44.35766],[9.67364,44.3697],[9.66584,44.38323],[9.66011,44.39621],[9.65578,44.40215],[9.65143,44.40618],[9.59852,44.42716],[9.59092,44.42834],[9.57046,44.42711],[9.5562,44.42918],[9.53599,44.42803],[9.51243,44.42899],[9.50575,44.42783],[9.50017,44.42225],[9.49562,44.41933],[9.49129,44.41708],[9.48725,44.41553],[9.4764,44.41248],[9.45346,44.41127],[9.44038,44.41156],[9.4379,44.41435],[9.43605,44.41993],[9.43698,44.42587],[9.43836,44.43073],[9.44164,44.43853],[9.45097,44.46871],[9.45269,44.47196],[9.45502,44.47491],[9.45842,44.47706],[9.46293,44.47832],[9.46912,44.48142],[9.47624,44.48627],[9.48679,44.49868],[9.49114,44.50571],[9.49362,44.51165],[9.49516,44.52927],[9.49133,44.55105],[9.49066,44.55491],[9.48029,44.56297],[9.441,44.57337],[9.43201,44.57708],[9.42551,44.58178],[9.41419,44.59407],[9.40797,44.59619],[9.40334,44.59594],[9.40024,44.59376],[9.39248,44.58552],[9.38675,44.58333],[9.37816,44.58178],[9.36049,44.58193],[9.35181,44.58312],[9.34562,44.58518],[9.34236,44.58738],[9.30185,44.60601],[9.29038,44.60934],[9.28231,44.61009],[9.27218,44.60617],[9.26381,44.60415],[9.25823,44.60449],[9.25357,44.60596],[9.24535,44.61276],[9.2376,44.61805],[9.23109,44.61997],[9.22505,44.62027],[9.21492,44.6179],[9.20314,44.61376],[9.20143,44.68213],[9.23265,44.67882],[9.2421,44.68301],[9.24458,44.69061],[9.2452,44.69468],[9.24474,44.70368],[9.24489,44.70827],[9.24753,44.71437],[9.2514,44.71574],[9.25467,44.7149],[9.25698,44.712],[9.2621,44.70181],[9.26691,44.69872],[9.27486,44.69608],[9.29253,44.69392],[9.30169,44.69407],[9.30912,44.69572],[9.31378,44.69856],[9.31951,44.7036],[9.32215,44.70771],[9.32307,44.71231],[9.32261,44.71624],[9.31782,44.73102],[9.30789,44.75148],[9.30666,44.75494],[9.30587,44.75884],[9.30991,44.76739],[9.31764,44.77954],[9.3408,44.80574],[9.35522,44.82654],[9.35847,44.85215],[9.35832,44.85649],[9.35755,44.86072],[9.35601,44.86421],[9.35383,44.86708],[9.35104,44.86945],[9.34359,44.87328],[9.32509,44.87884],[9.31672,44.88222],[9.31301,44.88424],[9.30697,44.88894],[9.30464,44.89168],[9.30261,44.89617],[9.30169,44.90235],[9.30261,44.91313],[9.30433,44.91961],[9.30648,44.92488],[9.31206,44.93312],[9.31982,44.9418],[9.38312,45.04503],[9.41419,45.08125],[9.41821,45.08797],[9.42505,45.10118],[9.47035,45.10118],[9.49187,45.10361],[9.50063,45.10309],[9.51195,45.10118],[9.53205,45.08826],[9.54187,45.08604],[9.54607,45.09745],[9.54416,45.10691],[9.54058,45.11586],[9.53893,45.12417],[9.54264,45.13156],[9.54605,45.13266],[9.54605,45.13266],[9.55273,45.13482],[9.5613,45.12903],[9.57341,45.11481],[9.59041,45.11259],[9.60296,45.11823],[9.61454,45.12551],[9.62864,45.12846],[9.64042,45.12608],[9.64135,45.12211],[9.63748,45.11706],[9.63484,45.11141],[9.63515,45.0987],[9.63686,45.09394],[9.6491,45.08751],[9.68145,45.07534],[9.72234,45.07228],[9.75246,45.08201],[9.75215,45.108],[9.75505,45.10944],[9.7569,45.10923],[9.75789,45.11007],[9.75835,45.11481],[9.76455,45.11481],[9.77509,45.10151],[9.81183,45.08472],[9.81979,45.07662],[9.82444,45.06867],[9.83369,45.06825],[9.8402,45.07381],[9.8369,45.08376],[9.83018,45.09627],[9.83881,45.09856],[9.88078,45.09157],[9.89585,45.09187],[9.89959,45.09916],[9.88496,45.11792],[9.88289,45.13415],[9.90392,45.13849],[9.92314,45.13006],[9.91603,45.108],[9.9866,45.12872],[9.99792,45.12474],[10.00227,45.11968],[10.02154,45.11011],[10.02589,45.10458],[10.02835,45.09711],[10.04635,45.06578],[10.07188,45.03753],[10.10495,45.03518],[10.14294,45.04335],[10.18354,45.04655],[10.22369,45.03816],[10.32689,44.99131],[10.35036,44.98402],[10.3653,44.98486],[10.37914,44.98889],[10.39925,44.99131],[10.41397,44.9848],[10.4301,44.95141],[10.44359,44.93669],[10.4778,44.92333],[10.50151,44.91943],[10.50382,44.91905],[10.52135,44.91617],[10.56549,44.91565],[10.60124,44.9224],[10.63266,44.93948],[10.6634,44.96527],[10.68026,44.98707],[10.6925,44.99038],[10.69577,44.98852],[10.70166,44.98702],[10.70972,44.98599],[10.72475,44.98671],[10.73721,44.98599],[10.74046,44.98462],[10.75426,44.97653],[10.7572,44.97423],[10.76015,44.97152],[10.76202,44.96831],[10.7634,44.9649],[10.76355,44.96118],[10.76248,44.95775],[10.76046,44.9546],[10.75892,44.95137],[10.75859,44.94816],[10.76076,44.94558],[10.7645,44.94356],[10.85962,44.92702],[10.86584,44.92501],[10.87373,44.92104],[10.87715,44.91899],[10.88778,44.91402],[10.88893,44.91349],[10.92077,44.92144],[10.93255,44.9261],[10.93641,44.92796],[10.94479,44.9308],[10.97476,44.93587],[10.98128,44.93842],[10.98592,44.94124],[10.99088,44.94713],[10.99367,44.94979],[10.99646,44.95189],[10.99941,44.95343],[11.08308,44.9619],[11.09051,44.96147],[11.14467,44.94573],[11.14856,44.94388],[11.15181,44.94176],[11.16018,44.93377],[11.16344,44.93152],[11.18519,44.93235],[11.25702,44.94734],[11.27501,44.94248],[11.27965,44.94268],[11.28679,44.94619],[11.29176,44.95416],[11.29455,44.95699],[11.29815,44.95886],[11.30296,44.96007],[11.37092,44.95814],[11.4215,44.94986],[11.4319,44.93767],[11.44987,44.93751],[11.48852,44.94351],[11.50946,44.94258],[11.52491,44.93998],[11.55338,44.92924],[11.60629,44.89881],[11.62227,44.89509],[11.64031,44.89829],[11.65395,44.90584],[11.67751,44.9224],[11.71829,44.93193],[11.73569,44.93855],[11.73894,44.94971],[11.74753,44.95674],[11.75641,44.96116],[11.76779,44.96335],[11.78366,44.96397],[11.78768,44.96612],[11.79357,44.97549],[11.79735,44.97765],[11.82154,44.97765],[11.86964,44.98537],[11.8949,44.98121],[11.91062,44.98059],[11.92303,44.97849],[11.93046,44.97849],[11.96818,44.9849],[11.97827,44.98558],[11.98603,44.98526],[11.99066,44.98387],[12.08721,44.97048],[12.10426,44.96496],[12.11573,44.95902],[12.11867,44.95653],[12.12085,44.95359],[12.12533,44.94359],[12.12907,44.94005],[12.13511,44.93684],[12.14803,44.93343],[12.1564,44.93323],[12.16306,44.93467],[12.16989,44.93715],[12.17453,44.93684],[12.19134,44.93142],[12.22326,44.92612],[12.23041,44.92628],[12.23271,44.92744],[12.23535,44.92912],[12.23878,44.9308],[12.24548,44.93251],[12.272,44.93643],[12.28114,44.93643],[12.28764,44.93535],[12.29092,44.93318],[12.29323,44.93036],[12.29479,44.92744],[12.29463,44.92419],[12.29307,44.92116],[12.28813,44.91545],[12.28595,44.91227],[12.28455,44.90868],[12.28424,44.9046],[12.2847,44.90078],[12.28734,44.88975],[12.28859,44.87907],[12.29043,44.87157],[12.29169,44.86802],[12.29338,44.86475],[12.29758,44.86145],[12.30472,44.85861],[12.32708,44.853],[12.33297,44.8508],[12.33653,44.84864],[12.33948,44.84621],[12.34181,44.84331],[12.34352,44.84006],[12.34429,44.83623],[12.34444,44.82765],[12.34521,44.82377],[12.34708,44.82068],[12.34972,44.81804],[12.36325,44.80928],[12.39313,44.79359],[12.3934,44.79345],[12.37566,44.79222],[12.29233,44.84325],[12.26637,44.82665],[12.28004,44.8205],[12.24659,44.71162],[12.2527,44.6684],[12.28582,44.60269],[12.2837,44.48762],[12.32106,44.35371],[12.34213,44.32949],[12.36883,44.25068],[12.47877,44.13935],[12.57423,44.0856],[12.6609,44.00829],[12.75386,43.97239],[12.75366,43.97127],[12.74995,43.96121],[12.7392,43.93871],[12.73718,43.93086],[12.73672,43.92652],[12.73657,43.92249],[12.73718,43.91855],[12.73828,43.91502],[12.74153,43.90854],[12.74246,43.90507],[12.74199,43.90146],[12.74074,43.89783],[12.73083,43.88197],[12.7282,43.8791],[12.7251,43.87675],[12.72138,43.87459],[12.7006,43.8674],[12.69682,43.86553],[12.69363,43.86303],[12.69093,43.86024],[12.68878,43.8573],[12.68489,43.85063],[12.68256,43.84761],[12.67992,43.845],[12.67498,43.84332],[12.66845,43.84254],[12.63305,43.84254],[12.62701,43.84363],[12.62158,43.84657],[12.61585,43.85334],[12.61337,43.85823],[12.60779,43.87285],[12.60346,43.87897],[12.5957,43.88745],[12.59135,43.89334],[12.58779,43.89541],[12.58324,43.89619],[12.57533,43.89355],[12.57162,43.89019],[12.56898,43.88636],[12.56727,43.88285],[12.56527,43.87973],[12.56263,43.87691],[12.5592,43.87499],[12.55503,43.8752],[12.55083,43.87794],[12.54758,43.88507],[12.54727,43.89013],[12.54773,43.89479],[12.54773,43.89861],[12.54231,43.90349],[12.53736,43.90695],[12.49654,43.92347],[12.48309,43.9292],[12.49239,43.95642],[12.48216,43.98257],[12.42139,43.96722],[12.38563,43.92453],[12.42111,43.89517],[12.42258,43.89091],[12.42313,43.88645],[12.42245,43.8821],[12.42025,43.87816],[12.41711,43.87546],[12.41328,43.87386],[12.40915,43.87334],[12.405,43.87381],[12.40096,43.87562],[12.39496,43.88105],[12.39144,43.88328],[12.38769,43.88379],[12.38406,43.8827],[12.37709,43.8792],[12.36009,43.87449],[12.35145,43.86995],[12.34862,43.86373],[12.34574,43.84701],[12.33502,43.82794],[12.32159,43.81373],[12.30505,43.80309],[12.28499,43.7947],[12.28826,43.78819],[12.28962,43.78209],[12.28887,43.77584],[12.28585,43.76887],[12.28435,43.76948],[12.2782,43.77126],[12.27564,43.77153],[12.27308,43.7718],[12.27121,43.77164],[12.26394,43.76989],[12.25912,43.76643],[12.25431,43.76297],[12.2474,43.76162],[12.24486,43.76146],[12.23422,43.76291],[12.22357,43.76436],[12.2183,43.76408],[12.21382,43.76297],[12.21179,43.76203],[12.20667,43.75888],[12.20163,43.75333],[12.19659,43.74777],[12.1951,43.74658],[12.1936,43.74539],[12.18989,43.74359],[12.18698,43.74313],[12.18523,43.74286]],[[12.23937,43.79949],[12.23954,43.79996],[12.23988,43.80089],[12.24001,43.80267],[12.23955,43.806],[12.23773,43.80939],[12.23724,43.80998],[12.23665,43.81048],[12.22669,43.81445],[12.18433,43.81841],[12.17818,43.82102],[12.17756,43.82167],[12.17331,43.8121],[12.17189,43.80891],[12.17163,43.80783],[12.17084,43.8046],[12.17084,43.8046],[12.17084,43.8046],[12.17328,43.80037],[12.17572,43.79615],[12.1776,43.794],[12.18218,43.78881],[12.19013,43.78331],[12.19526,43.78173],[12.19934,43.78047],[12.19925,43.78071],[12.19914,43.78101],[12.19914,43.78101],[12.20142,43.78303],[12.21405,43.7895],[12.22667,43.79597],[12.23053,43.7972],[12.23438,43.79843],[12.23856,43.79881],[12.23912,43.79928],[12.23937,43.79949],[12.23937,43.79949]]]}},{"type":"Feature","properties":{"name":"Liguria","label":{"no":"Liguria","en":"Liguria"},"short":"Liguria","neighbours":["Emilia-Romagna","Piemonte","Toscana"]},"geometry":{"type":"Polygon","coordinates":[[[9.67364,44.3697],[9.68977,44.35766],[9.71629,44.32988],[9.75185,44.30556],[9.83782,44.26262],[9.8465,44.25725],[9.85208,44.25259],[9.85349,44.24927],[9.85426,44.24546],[9.85411,44.24128],[9.85349,44.23699],[9.85334,44.23277],[9.85364,44.22867],[9.85938,44.20989],[9.86,44.20609],[9.85984,44.202],[9.8583,44.19348],[9.85892,44.18831],[9.86171,44.18593],[9.86573,44.18562],[9.86898,44.18759],[9.87177,44.19015],[9.88045,44.20257],[9.8848,44.20439],[9.89069,44.20443],[9.90223,44.19988],[9.90656,44.19573],[9.90827,44.19131],[9.90686,44.18769],[9.89974,44.17788],[9.89803,44.17413],[9.89695,44.16888],[9.89864,44.1664],[9.90082,44.16496],[9.91044,44.16366],[9.9202,44.16345],[9.9385,44.1654],[9.94562,44.16536],[9.95406,44.16433],[9.96817,44.15997],[9.97529,44.15668],[9.97979,44.15324],[9.98148,44.15007],[9.98164,44.14611],[9.98102,44.14216],[9.98087,44.13709],[9.98164,44.13115],[9.98568,44.12182],[9.98985,44.11762],[9.99451,44.11524],[10.00132,44.11565],[10.00945,44.11746],[10.01703,44.11685],[10.02681,44.11425],[10.04542,44.10496],[10.05316,44.09953],[10.05689,44.09445],[10.05643,44.09069],[10.05456,44.08744],[10.05223,44.08444],[10.0434,44.07591],[10.03626,44.06641],[10.03316,44.06104],[10.03052,44.05555],[10.02883,44.05072],[10.02853,44.04946],[10.02846,44.04926],[9.98854,44.05976],[9.96274,44.04466],[9.84474,44.10863],[9.82643,44.10725],[9.83326,44.09984],[9.81959,44.093],[9.8475,44.0725],[9.83326,44.05207],[9.84636,44.04629],[9.83229,44.0423],[9.81983,44.06338],[9.77182,44.07941],[9.68263,44.13654],[9.6211,44.14826],[9.57301,44.1916],[9.49903,44.22183],[9.48439,44.24384],[9.43678,44.23949],[9.42237,44.25678],[9.37452,44.2718],[9.36769,44.29442],[9.23064,44.35371],[9.2107,44.30532],[9.14666,44.32856],[9.13006,44.36335],[9.10206,44.37397],[8.76238,44.43211],[8.56479,44.35716],[8.46608,44.30427],[8.44451,44.28388],[8.44972,44.26435],[8.43539,44.24042],[8.41188,44.22704],[8.40821,44.19351],[8.25652,44.12836],[8.23316,44.10358],[8.21632,44.04523],[8.15268,43.98322],[8.16798,43.95649],[8.0892,43.91987],[8.06772,43.89667],[7.95973,43.85285],[7.78582,43.82197],[7.73658,43.79824],[7.54412,43.78449],[7.50229,43.79222],[7.47787,43.86551],[7.55693,43.94409],[7.63093,43.99354],[7.65336,44.03969],[7.68995,44.06734],[7.68794,44.0908],[7.70933,44.09152],[7.73801,44.09938],[7.73816,44.10129],[7.7377,44.10341],[7.73399,44.10527],[7.73135,44.10785],[7.72964,44.11127],[7.72902,44.11483],[7.72964,44.11834],[7.73087,44.1217],[7.73258,44.12459],[7.74003,44.13367],[7.74297,44.13614],[7.74963,44.14057],[7.75337,44.14237],[7.75754,44.14382],[7.76473,44.14392],[7.77402,44.14252],[7.7903,44.13736],[7.8041,44.13126],[7.80735,44.12899],[7.83438,44.12542],[7.89955,44.12335],[7.91847,44.1192],[7.98755,44.11291],[7.99469,44.11406],[8.00027,44.11612],[8.00212,44.11844],[8.00322,44.12165],[8.00243,44.12713],[8.00043,44.13002],[7.9981,44.13172],[7.99019,44.13426],[7.98617,44.13596],[7.98331,44.1386],[7.98177,44.14185],[7.983,44.14692],[7.98647,44.1524],[7.99577,44.16035],[8.00058,44.16322],[8.00662,44.16454],[8.01671,44.16324],[8.03051,44.15942],[8.04026,44.15787],[8.04527,44.15802],[8.04853,44.1588],[8.05116,44.15989],[8.05753,44.16371],[8.06791,44.17436],[8.07753,44.18583],[8.07968,44.19032],[8.08124,44.19565],[8.08124,44.2051],[8.07907,44.21001],[8.07582,44.21347],[8.0721,44.21552],[8.07008,44.21955],[8.06947,44.22572],[8.07226,44.23699],[8.07226,44.24365],[8.07149,44.24892],[8.07023,44.25259],[8.06993,44.25647],[8.07116,44.26324],[8.07814,44.28753],[8.07768,44.29466],[8.07535,44.29955],[8.07179,44.30164],[8.06916,44.3042],[8.06916,44.30779],[8.07164,44.31146],[8.07891,44.31528],[8.08992,44.31895],[8.09676,44.32298],[8.10284,44.32825],[8.10983,44.33549],[8.11649,44.34061],[8.13541,44.35021],[8.13896,44.35316],[8.14145,44.35735],[8.14408,44.36788],[8.1478,44.37744],[8.15903,44.39342],[8.16412,44.3994],[8.16909,44.40359],[8.17313,44.40483],[8.18816,44.40809],[8.19172,44.40967],[8.19515,44.41181],[8.19855,44.41444],[8.20583,44.42243],[8.20945,44.42855],[8.21147,44.43489],[8.21101,44.44571],[8.20877,44.45106],[8.20583,44.45506],[8.19963,44.45976],[8.19699,44.4624],[8.19515,44.46566],[8.19436,44.46953],[8.19561,44.47455],[8.19886,44.48116],[8.20693,44.49093],[8.21147,44.50198],[8.21829,44.51444],[8.22092,44.51806],[8.23613,44.53232],[8.24975,44.53459],[8.2603,44.5271],[8.26547,44.52174],[8.26718,44.51997],[8.27462,44.51584],[8.29058,44.50945],[8.30035,44.50297],[8.30796,44.49886],[8.3129,44.49697],[8.33156,44.49245],[8.34008,44.4895],[8.34335,44.48731],[8.34614,44.48493],[8.34878,44.48222],[8.35326,44.48065],[8.35961,44.48096],[8.37141,44.48641],[8.37669,44.49061],[8.38029,44.49483],[8.38154,44.49791],[8.38308,44.5009],[8.38464,44.50258],[8.38697,44.50468],[8.38991,44.50684],[8.40433,44.51465],[8.40881,44.51594],[8.41408,44.51615],[8.42276,44.51299],[8.43006,44.51175],[8.43801,44.5119],[8.44825,44.51527],[8.47631,44.51811],[8.56416,44.51624],[8.58215,44.52478],[8.58958,44.53105],[8.59718,44.53945],[8.59936,44.54256],[8.60105,44.54586],[8.60136,44.54927],[8.60013,44.55258],[8.59841,44.5555],[8.59687,44.55867],[8.59718,44.56204],[8.59857,44.5655],[8.60219,44.57216],[8.6036,44.57568],[8.60716,44.58258],[8.60949,44.58534],[8.61305,44.58751],[8.62111,44.58855],[8.63212,44.5887],[8.71091,44.58255],[8.71904,44.58079],[8.72462,44.57862],[8.72741,44.57599],[8.72957,44.57307],[8.73346,44.56658],[8.73809,44.56046],[8.74646,44.55284],[8.7522,44.54348],[8.75701,44.53746],[8.76477,44.52966],[8.76664,44.52648],[8.76725,44.52276],[8.76446,44.51165],[8.76446,44.50785],[8.76584,44.50457],[8.76817,44.50209],[8.77088,44.50085],[8.77334,44.50126],[8.77613,44.50313],[8.78544,44.51259],[8.79072,44.51924],[8.79351,44.5217],[8.80838,44.52953],[8.81164,44.5318],[8.81443,44.53444],[8.8166,44.53744],[8.81832,44.5409],[8.82357,44.55584],[8.82574,44.55883],[8.83323,44.561],[8.8447,44.56198],[8.86982,44.56162],[8.89019,44.55938],[8.89608,44.56038],[8.90399,44.56519],[8.90755,44.56953],[8.90926,44.57402],[8.90957,44.57819],[8.90941,44.58235],[8.90847,44.59063],[8.90832,44.60405],[8.90785,44.60823],[8.90662,44.61185],[8.9046,44.61508],[8.90212,44.61775],[8.89173,44.624],[8.8796,44.62926],[8.8765,44.63144],[8.87509,44.63428],[8.87586,44.63728],[8.87804,44.63999],[8.89515,44.65076],[8.90616,44.6594],[8.90755,44.6611],[8.90911,44.66381],[8.91359,44.6767],[8.91499,44.67893],[8.91748,44.68109],[8.92306,44.68281],[8.94466,44.68476],[8.95303,44.68432],[8.95923,44.6826],[8.96821,44.67221],[8.97395,44.66905],[8.98201,44.66549],[8.99897,44.65986],[9.01277,44.65334],[9.02703,44.64048],[9.04099,44.63216],[9.08908,44.61926],[9.09948,44.61462],[9.10552,44.60981],[9.10635,44.6012],[9.10712,44.59733],[9.10884,44.59423],[9.11178,44.59175],[9.1158,44.58937],[9.12092,44.58736],[9.13457,44.58348],[9.14852,44.58111],[9.15441,44.58126],[9.16981,44.58374],[9.17926,44.58692],[9.19183,44.59268],[9.19926,44.59929],[9.20314,44.61376],[9.21492,44.6179],[9.22505,44.62027],[9.23109,44.61997],[9.2376,44.61805],[9.24535,44.61276],[9.25357,44.60596],[9.25823,44.60449],[9.26381,44.60415],[9.27218,44.60617],[9.28231,44.61009],[9.29038,44.60934],[9.30185,44.60601],[9.34236,44.58738],[9.34562,44.58518],[9.35181,44.58312],[9.36049,44.58193],[9.37816,44.58178],[9.38675,44.58333],[9.39248,44.58552],[9.40024,44.59376],[9.40334,44.59594],[9.40797,44.59619],[9.41419,44.59407],[9.42551,44.58178],[9.43201,44.57708],[9.441,44.57337],[9.48029,44.56297],[9.49066,44.55491],[9.49133,44.55105],[9.49516,44.52927],[9.49362,44.51165],[9.49114,44.50571],[9.48679,44.49868],[9.47624,44.48627],[9.46912,44.48142],[9.46293,44.47832],[9.45842,44.47706],[9.45502,44.47491],[9.45269,44.47196],[9.45097,44.46871],[9.44164,44.43853],[9.43836,44.43073],[9.43698,44.42587],[9.43605,44.41993],[9.4379,44.41435],[9.44038,44.41156],[9.45346,44.41127],[9.4764,44.41248],[9.48725,44.41553],[9.49129,44.41708],[9.49562,44.41933],[9.50017,44.42225],[9.50575,44.42783],[9.51243,44.42899],[9.53599,44.42803],[9.5562,44.42918],[9.57046,44.42711],[9.59092,44.42834],[9.59852,44.42716],[9.65143,44.40618],[9.65578,44.40215],[9.66011,44.39621],[9.66584,44.38323],[9.67364,44.3697]]]}},{"type":"Feature","properties":{"name":"Sardegna","label":{"no":"Sardegna","en":"Sardinia"},"short":"Sardegna","neighbours":[]},"geometry":{"type":"MultiPolygon","coordinates":[[[[8.36036,39.11815],[8.38592,39.10505],[8.44459,39.10273],[8.45802,39.06806],[8.4839,39.06977],[8.46339,39.04247],[8.43702,38.96719],[8.40984,38.96182],[8.34929,39.06216],[8.34604,39.09772],[8.36036,39.11815]]],[[[8.26938,39.10017],[8.25473,39.10712],[8.25733,39.11815],[8.22462,39.15705],[8.22999,39.1728],[8.30584,39.1933],[8.30584,39.10456],[8.26938,39.10017]]],[[[8.32618,41.12613],[8.34132,41.07412],[8.25115,41.04377],[8.24643,40.99364],[8.20965,40.99579],[8.24138,41.05207],[8.27565,41.06977],[8.27784,41.10566],[8.30209,41.10505],[8.32618,41.12613]]],[[[9.56756,39.2381],[9.5656,39.20506],[9.57993,39.18708],[9.56642,39.14924],[9.52272,39.1249],[9.51857,39.10456],[9.49635,39.13361],[9.44288,39.12442],[9.29217,39.22126],[9.28533,39.21381],[9.21632,39.22801],[9.16603,39.18708],[9.13689,39.19432],[9.07301,39.24852],[9.01393,39.2639],[9.03785,39.22712],[9.07984,39.2246],[9.01832,39.14614],[9.01873,39.10395],[9.04493,39.05126],[9.02573,38.99531],[9.00465,38.99531],[8.85328,38.878],[8.80543,38.90595],[8.80543,38.88544],[8.76661,38.9204],[8.71656,38.9326],[8.66879,38.91059],[8.65162,38.89155],[8.65512,38.87116],[8.64096,38.86433],[8.64283,38.88996],[8.59986,38.89907],[8.615,38.923],[8.61326,38.95732],[8.58009,38.96052],[8.55958,39.05671],[8.50441,39.06293],[8.51808,39.08344],[8.50441,39.09089],[8.48276,39.08039],[8.4651,39.11945],[8.44223,39.11815],[8.43539,39.16596],[8.41879,39.17731],[8.40952,39.16934],[8.39869,39.20116],[8.37281,39.22207],[8.43214,39.30183],[8.41725,39.33902],[8.38209,39.35969],[8.37403,39.37885],[8.40138,39.41242],[8.39806,39.4465],[8.40556,39.45233],[8.40959,39.45819],[8.39806,39.4465],[8.38689,39.46979],[8.46339,39.57685],[8.44402,39.75703],[8.4686,39.75495],[8.51694,39.70213],[8.56577,39.70108],[8.50441,39.7215],[8.54526,39.78295],[8.51808,39.76252],[8.54884,39.8072],[8.55519,39.85269],[8.52345,39.89887],[8.46306,39.91413],[8.43539,39.89899],[8.46339,39.89899],[8.43539,39.85806],[8.43751,39.87678],[8.39454,39.91267],[8.39454,39.98843],[8.40707,40.0222],[8.39454,40.0362],[8.37721,40.03376],[8.40138,40.04987],[8.4686,40.06216],[8.49,40.10448],[8.46339,40.16315],[8.45965,40.21601],[8.47608,40.29214],[8.44125,40.33145],[8.386,40.35179],[8.39212,40.41232],[8.40569,40.40358],[8.39212,40.41232],[8.37989,40.4687],[8.36557,40.49213],[8.33172,40.51069],[8.31202,40.57807],[8.29151,40.59536],[8.21632,40.57062],[8.19597,40.57807],[8.21632,40.61221],[8.19337,40.6175],[8.17661,40.60659],[8.16179,40.56379],[8.14731,40.59321],[8.14064,40.62519],[8.17384,40.64159],[8.19744,40.69123],[8.1338,40.72891],[8.21534,40.88142],[8.20973,40.91446],[8.17888,40.92817],[8.20216,40.97529],[8.23618,40.95478],[8.23316,40.9101],[8.27784,40.86542],[8.31023,40.85065],[8.50099,40.82445],[8.5984,40.85297],[8.64096,40.89647],[8.70916,40.92064],[8.76441,40.9138],[8.82252,40.94733],[8.88795,41.01626],[8.88111,41.02367],[8.9227,41.03677],[9.00554,41.12189],[9.10776,41.13947],[9.13559,41.16031],[9.14186,41.15278],[9.16342,41.18415],[9.17107,41.24291],[9.23064,41.26264],[9.26808,41.23664],[9.26743,41.20197],[9.27833,41.19501],[9.28533,41.22175],[9.28533,41.19501],[9.31251,41.20124],[9.33302,41.18757],[9.33522,41.21166],[9.38819,41.18073],[9.42237,41.18073],[9.4087,41.16031],[9.44288,41.13296],[9.44288,41.09199],[9.47006,41.12613],[9.45655,41.14037],[9.46909,41.14619],[9.50807,41.14037],[9.52394,41.14973],[9.52475,41.13296],[9.56642,41.11933],[9.54591,41.0777],[9.53907,41.09199],[9.51189,41.01626],[9.53224,41.01626],[9.52475,41.0305],[9.54314,41.03693],[9.55763,41.02505],[9.55274,41.00947],[9.61573,41.0196],[9.66261,41.00263],[9.65122,40.99112],[9.60426,41.00263],[9.58758,40.99579],[9.56642,40.94864],[9.57114,40.93488],[9.50424,40.92691],[9.51197,40.91519],[9.53907,40.92064],[9.57325,40.9064],[9.6421,40.92064],[9.61411,40.89338],[9.65577,40.87604],[9.66326,40.85822],[9.68312,40.86542],[9.72397,40.84492],[9.681,40.82978],[9.68979,40.81078],[9.65789,40.79987],[9.66879,40.79035],[9.66977,40.80146],[9.70395,40.75943],[9.74884,40.66034],[9.73926,40.66892],[9.72849,40.67331],[9.70357,40.67717],[9.6939,40.67583],[9.6798,40.66626],[9.66725,40.66929],[9.6798,40.66626],[9.70357,40.67717],[9.73926,40.66892],[9.75652,40.59516],[9.82643,40.52961],[9.80877,40.47077],[9.76173,40.39069],[9.71241,40.3664],[9.62615,40.26309],[9.63111,40.19619],[9.65463,40.1446],[9.73227,40.08393],[9.68727,39.96117],[9.69663,39.93378],[9.71778,39.93378],[9.68434,39.89423],[9.68312,39.86555],[9.69663,39.85187],[9.67026,39.79377],[9.67628,39.71809],[9.65113,39.65249],[9.65301,39.56684],[9.62843,39.50178],[9.64487,39.48395],[9.60043,39.34101],[9.63461,39.29694],[9.58188,39.2663],[9.56756,39.2381]],[[8.8442,39.0712],[8.84903,39.0874],[8.84903,39.0874],[8.8442,39.0712]],[[8.82322,39.12107],[8.82124,39.12476],[8.82124,39.12476],[8.82322,39.12107]],[[8.70306,39.34747],[8.70645,39.35884],[8.70645,39.35884],[8.70306,39.34747]],[[8.69927,39.37485],[8.74893,39.39733],[8.69927,39.37485],[8.69927,39.37485]],[[9.40689,40.63298],[9.40345,40.62885],[9.40345,40.62885],[9.40689,40.63298]],[[9.2783,40.48921],[9.28055,40.48583],[9.28055,40.48583],[9.2783,40.48921]],[[9.02791,40.30533],[9.0427,40.32249],[9.05091,40.32753],[9.0427,40.32249],[9.02791,40.30533],[9.00646,40.31323],[9.02791,40.30533]],[[8.98238,40.33389],[8.94132,40.37276],[8.89957,40.38518],[8.94132,40.37276],[8.98238,40.33389]],[[8.82229,40.41014],[8.81605,40.40583],[8.81605,40.40583],[8.82229,40.41014]],[[8.81884,40.38732],[8.81884,40.38732],[8.81601,40.39743],[8.81884,40.38732]],[[8.80562,40.3627],[8.76739,40.3554],[8.80562,40.3627],[8.81744,40.37523],[8.80562,40.3627]],[[8.57038,40.37421],[8.55001,40.39305],[8.57038,40.37421],[8.57867,40.35967],[8.57038,40.37421]],[[8.5927,40.33813],[8.58983,40.34163],[8.5927,40.33813],[8.60332,40.33139],[8.5927,40.33813]],[[8.55324,39.45448],[8.54908,39.45984],[8.55324,39.45448],[8.56616,39.44726],[8.55324,39.45448]],[[8.61571,39.4157],[8.61031,39.42066],[8.61571,39.4157],[8.62432,39.40395],[8.61571,39.4157]],[[8.41978,39.4675],[8.4167,39.46578],[8.41978,39.4675],[8.42413,39.46792],[8.41978,39.4675]],[[8.46561,39.46854],[8.45958,39.46697],[8.46561,39.46854],[8.47711,39.4746],[8.46561,39.46854]]],[[[9.45387,41.23395],[9.46803,41.24112],[9.47836,41.22846],[9.47039,41.17211],[9.43702,41.18594],[9.45387,41.23395]]],[[[9.41424,41.26244],[9.42742,41.2541],[9.43531,41.21703],[9.37696,41.21332],[9.37306,41.22989],[9.41424,41.26244]]]]}},{"type":"Feature","properties":{"name":"Toscana","label":{"no":"Toscana","en":"Tuscany"},"short":"Toscana","neighbours":["Emilia-Romagna","Lazio","Liguria","Marche","Umbria"]},"geometry":{"type":"MultiPolygon","coordinates":[[[[10.30641,42.35155],[10.31593,42.34077],[10.31324,42.32392],[10.29444,42.32803],[10.30641,42.35155]]],[[[10.8717,42.35405],[10.86183,42.36628],[10.88299,42.39216],[10.91346,42.37524],[10.93976,42.33066],[10.92333,42.31873],[10.8717,42.35405]]],[[[11.57059,42.5248],[11.56687,42.52025],[11.56687,42.52025],[11.56637,42.51804],[11.56593,42.51612],[11.56593,42.51612],[11.5712,42.511],[11.58878,42.50082],[11.59933,42.49472],[11.60654,42.48869],[11.60785,42.48733],[11.60955,42.48216],[11.60955,42.47462],[11.60724,42.45968],[11.60476,42.4524],[11.60181,42.44739],[11.60058,42.44653],[11.59017,42.44196],[11.49814,42.43405],[11.49558,42.43339],[11.49302,42.43273],[11.49008,42.43161],[11.48714,42.43049],[11.48295,42.42819],[11.47876,42.42589],[11.47674,42.424],[11.47472,42.42212],[11.47333,42.42034],[11.47193,42.41857],[11.46176,42.39657],[11.45158,42.37457],[11.45154,42.37447],[11.4515,42.37437],[11.4515,42.37437],[11.37664,42.40689],[11.33302,42.40058],[11.24562,42.42231],[11.21127,42.41889],[11.18385,42.36628],[11.15594,42.36628],[11.10662,42.39126],[11.08676,42.41836],[11.09913,42.44286],[11.16419,42.43983],[11.18845,42.48027],[11.18686,42.52082],[11.15846,42.56403],[11.12867,42.55805],[11.09742,42.60688],[11.0809,42.6127],[11.07781,42.63223],[11.00571,42.66791],[10.99,42.71027],[10.94361,42.74299],[10.73129,42.80443],[10.7649,42.83527],[10.76564,42.8771],[10.77768,42.89472],[10.76352,42.91828],[10.6325,42.95848],[10.53907,42.94912],[10.54656,42.93476],[10.51857,42.92528],[10.49952,42.9405],[10.47755,42.99006],[10.5171,43.02391],[10.53907,43.07941],[10.54656,43.14712],[10.52817,43.24677],[10.43702,43.38858],[10.31723,43.49262],[10.29477,43.56855],[10.26401,43.80939],[10.21013,43.92023],[10.1058,44.01675],[10.02846,44.04926],[10.02853,44.04946],[10.02883,44.05072],[10.03052,44.05555],[10.03316,44.06104],[10.03626,44.06641],[10.0434,44.07591],[10.05223,44.08444],[10.05456,44.08744],[10.05643,44.09069],[10.05689,44.09445],[10.05316,44.09953],[10.04542,44.10496],[10.02681,44.11425],[10.01703,44.11685],[10.00945,44.11746],[10.00132,44.11565],[9.99451,44.11524],[9.98985,44.11762],[9.98568,44.12182],[9.98164,44.13115],[9.98087,44.13709],[9.98102,44.14216],[9.98164,44.14611],[9.98148,44.15007],[9.97979,44.15324],[9.97529,44.15668],[9.96817,44.15997],[9.95406,44.16433],[9.94562,44.16536],[9.9385,44.1654],[9.9202,44.16345],[9.91044,44.16366],[9.90082,44.16496],[9.89864,44.1664],[9.89695,44.16888],[9.89803,44.17413],[9.89974,44.17788],[9.90686,44.18769],[9.90827,44.19131],[9.90656,44.19573],[9.90223,44.19988],[9.89069,44.20443],[9.8848,44.20439],[9.88045,44.20257],[9.87177,44.19015],[9.86898,44.18759],[9.86573,44.18562],[9.86171,44.18593],[9.85892,44.18831],[9.8583,44.19348],[9.85984,44.202],[9.86,44.20609],[9.85938,44.20989],[9.85364,44.22867],[9.85334,44.23277],[9.85349,44.23699],[9.85411,44.24128],[9.85426,44.24546],[9.85349,44.24927],[9.85208,44.25259],[9.8465,44.25725],[9.83782,44.26262],[9.75185,44.30556],[9.71629,44.32988],[9.68977,44.35766],[9.68698,44.3636],[9.68729,44.36675],[9.68885,44.37006],[9.69149,44.3728],[9.69535,44.37471],[9.69955,44.37637],[9.71581,44.37843],[9.74363,44.38566],[9.7478,44.38726],[9.75138,44.38923],[9.75385,44.39207],[9.75789,44.403],[9.75991,44.40638],[9.76206,44.40938],[9.77788,44.42555],[9.80197,44.44525],[9.82027,44.46447],[9.83565,44.47625],[9.84356,44.47954],[9.85255,44.48207],[9.85892,44.48292],[9.86635,44.48297],[9.89665,44.47951],[9.93556,44.47039],[9.98985,44.44804],[9.99436,44.44514],[9.99823,44.4409],[10.00196,44.43264],[10.00165,44.42822],[10.00009,44.42561],[9.99034,44.42165],[9.98691,44.41941],[9.98506,44.41626],[9.98491,44.4128],[9.99126,44.40657],[10.05223,44.36923],[10.05456,44.36643],[10.06019,44.36133],[10.0726,44.35213],[10.08546,44.34898],[10.1218,44.3482],[10.13571,44.34182],[10.13571,44.34182],[10.16924,44.32644],[10.18835,44.32138],[10.19394,44.32071],[10.19936,44.31828],[10.20433,44.31419],[10.2147,44.29642],[10.21764,44.29269],[10.22933,44.28149],[10.24902,44.26985],[10.25394,44.2706],[10.26359,44.27207],[10.28782,44.28239],[10.2962,44.28239],[10.35097,44.27492],[10.35919,44.27203],[10.37128,44.26355],[10.39707,44.2382],[10.40017,44.23588],[10.41645,44.23136],[10.47123,44.22459],[10.47635,44.21343],[10.47758,44.2002],[10.4785,44.19642],[10.47976,44.19286],[10.48162,44.18981],[10.48393,44.18681],[10.51515,44.16221],[10.52227,44.1555],[10.57039,44.12563],[10.58217,44.1232],[10.61054,44.1257],[10.61706,44.1309],[10.62223,44.13642],[10.62781,44.14625],[10.62998,44.14919],[10.63277,44.15162],[10.63603,44.15353],[10.64547,44.15689],[10.64982,44.15783],[10.70739,44.16201],[10.73396,44.15467],[10.80128,44.11764],[10.81587,44.11351],[10.81587,44.11351],[10.83461,44.10821],[10.84505,44.10173],[10.84769,44.09902],[10.85079,44.09674],[10.8556,44.0946],[10.87667,44.08847],[10.88117,44.08604],[10.89001,44.0786],[10.89746,44.07493],[10.91486,44.06863],[10.91921,44.0678],[10.92323,44.06796],[10.9619,44.10225],[10.97089,44.11441],[10.97368,44.11704],[10.98297,44.12371],[10.9853,44.12589],[10.98656,44.12769],[10.98779,44.13038],[10.9884,44.13384],[10.98935,44.1373],[10.99073,44.14],[10.99987,44.14097],[11.00437,44.14072],[11.00969,44.13979],[11.01508,44.137],[11.01729,44.13354],[11.01538,44.12803],[11.01198,44.1247],[11.00514,44.11932],[11.00266,44.11622],[11.00128,44.11266],[11.00468,44.10779],[11.00793,44.10412],[11.04149,44.09181],[11.04825,44.09238],[11.19758,44.10504],[11.20011,44.10468],[11.20011,44.10468],[11.21402,44.10271],[11.22937,44.10271],[11.24601,44.10689],[11.25423,44.11224],[11.2564,44.11597],[11.25515,44.11903],[11.25174,44.12119],[11.24757,44.12307],[11.21481,44.13273],[11.20644,44.13606],[11.20301,44.13829],[11.20022,44.14067],[11.19791,44.14366],[11.19666,44.14686],[11.19635,44.15049],[11.19776,44.15374],[11.20022,44.15663],[11.20364,44.1588],[11.28121,44.16834],[11.29112,44.17079],[11.32219,44.19441],[11.327,44.19927],[11.32854,44.20139],[11.32994,44.20371],[11.33427,44.20661],[11.34203,44.20873],[11.36068,44.20865],[11.36982,44.20986],[11.37571,44.21173],[11.37835,44.21446],[11.38672,44.22712],[11.3892,44.22983],[11.39199,44.23245],[11.3965,44.23415],[11.40254,44.23493],[11.41236,44.23358],[11.41856,44.23218],[11.4319,44.22712],[11.43561,44.22412],[11.43981,44.21999],[11.44367,44.21188],[11.44941,44.20443],[11.4845,44.17421],[11.49597,44.16647],[11.51726,44.16206],[11.52627,44.16222],[11.52627,44.16222],[11.55105,44.16268],[11.55617,44.16423],[11.56206,44.16676],[11.5647,44.16966],[11.5678,44.17198],[11.57184,44.17369],[11.579,44.17327],[11.58832,44.17064],[11.60412,44.16253],[11.60939,44.15695],[11.6108,44.15229],[11.60878,44.14934],[11.60568,44.14674],[11.59329,44.13818],[11.59017,44.13537],[11.58847,44.13209],[11.58817,44.12883],[11.59375,44.12589],[11.60335,44.12325],[11.63427,44.11782],[11.64448,44.11746],[11.6538,44.11886],[11.67907,44.12784],[11.69214,44.13056],[11.71998,44.13168],[11.71998,44.13168],[11.72284,44.1318],[11.73167,44.13271],[11.73633,44.13255],[11.74143,44.13172],[11.74567,44.13007],[11.74738,44.12661],[11.74723,44.12165],[11.74226,44.11294],[11.73864,44.10837],[11.73057,44.09571],[11.72609,44.0817],[11.72299,44.07499],[11.7202,44.07023],[11.7033,44.05318],[11.69788,44.04248],[11.69524,44.03839],[11.6848,44.02672],[11.68155,44.02444],[11.67735,44.02302],[11.66046,44.02186],[11.65564,44.02093],[11.65239,44.01773],[11.65116,44.01272],[11.65085,43.99944],[11.65006,43.99499],[11.6507,43.99086],[11.65332,43.98641],[11.66,43.98052],[11.68313,43.96559],[11.68562,43.96205],[11.68718,43.95752],[11.68511,43.94349],[11.68542,43.93853],[11.6879,43.93463],[11.69555,43.93147],[11.70144,43.92952],[11.70625,43.92409],[11.70858,43.9196],[11.70888,43.88484],[11.71634,43.87914],[11.71634,43.87914],[11.72082,43.87572],[11.73063,43.86978],[11.73259,43.86859],[11.74567,43.8633],[11.78489,43.84745],[11.78722,43.84595],[11.78955,43.84445],[11.79247,43.84137],[11.79735,43.83623],[11.80928,43.82642],[11.81301,43.8244],[11.81982,43.82245],[11.8296,43.82084],[11.85316,43.81907],[11.87552,43.81738],[11.87875,43.81671],[11.91883,43.80353],[11.94488,43.78828],[11.95403,43.78115],[11.96132,43.77714],[11.9686,43.77314],[12.01818,43.76374],[12.06776,43.75433],[12.09123,43.75661],[12.10224,43.75903],[12.10844,43.7609],[12.11463,43.76276],[12.11998,43.76346],[12.13107,43.76404],[12.1415,43.76249],[12.15552,43.75701],[12.15825,43.75552],[12.16313,43.75218],[12.17128,43.74663],[12.17532,43.74456],[12.17891,43.74363],[12.18523,43.74286],[12.18698,43.74313],[12.18989,43.74359],[12.1936,43.74539],[12.1951,43.74658],[12.19659,43.74777],[12.20163,43.75333],[12.20667,43.75888],[12.21179,43.76203],[12.21382,43.76297],[12.2183,43.76408],[12.22357,43.76436],[12.23422,43.76291],[12.24486,43.76146],[12.2474,43.76162],[12.25431,43.76297],[12.25912,43.76643],[12.26394,43.76989],[12.27121,43.77164],[12.27308,43.7718],[12.27564,43.77153],[12.2782,43.77126],[12.28435,43.76948],[12.28585,43.76887],[12.2983,43.76268],[12.30553,43.75862],[12.35763,43.7226],[12.35747,43.7203],[12.35732,43.718],[12.35438,43.71113],[12.34727,43.70387],[12.34027,43.69671],[12.33741,43.69321],[12.33405,43.68912],[12.33196,43.68735],[12.31577,43.68866],[12.31081,43.71613],[12.30988,43.7241],[12.30953,43.72495],[12.30847,43.72751],[12.30736,43.7287],[12.30625,43.72989],[12.30409,43.7294],[12.30193,43.72891],[12.29696,43.724],[12.29347,43.71757],[12.28997,43.71113],[12.28811,43.70602],[12.28239,43.69328],[12.27292,43.6878],[12.26811,43.68591],[12.25902,43.68417],[12.24994,43.68243],[12.2459,43.67996],[12.22682,43.66527],[12.2197,43.66121],[12.21738,43.66016],[12.21351,43.65842],[12.19971,43.65501],[12.19728,43.65398],[12.19582,43.65336],[12.19375,43.64571],[12.19349,43.64416],[12.19349,43.64416],[12.19349,43.64416],[12.20056,43.62708],[12.20481,43.61683],[12.15376,43.5484],[12.13748,43.53161],[12.13252,43.53073],[12.11975,43.52975],[12.11217,43.52788],[12.10147,43.52272],[12.09758,43.51828],[12.0965,43.51419],[12.09804,43.51089],[12.10083,43.5083],[12.10472,43.50634],[12.12254,43.50055],[12.12953,43.49631],[12.13221,43.49296],[12.13408,43.48881],[12.13386,43.48117],[12.13129,43.47748],[12.12751,43.47476],[12.11837,43.47239],[12.11169,43.46933],[12.10332,43.46463],[12.08332,43.4468],[12.07754,43.44293],[12.07288,43.44221],[12.06543,43.44034],[12.05739,43.43735],[12.0428,43.42707],[12.03817,43.42113],[12.03707,43.41652],[12.03986,43.4141],[12.04375,43.41234],[12.04887,43.41151],[12.06932,43.41257],[12.07365,43.4112],[12.07537,43.40745],[12.07567,43.40156],[12.07414,43.38552],[12.07444,43.38038],[12.07556,43.37681],[12.07774,43.37386],[12.08084,43.37188],[12.12085,43.36293],[12.12922,43.35953],[12.13263,43.35725],[12.135,43.35064],[12.13625,43.34051],[12.13573,43.3172],[12.13665,43.30676],[12.13871,43.29999],[12.1426,43.29813],[12.1522,43.29575],[12.15763,43.29523],[12.16864,43.29565],[12.17345,43.29678],[12.17701,43.2986],[12.1798,43.301],[12.18213,43.304],[12.18791,43.31389],[12.1905,43.31673],[12.19391,43.31844],[12.19846,43.31878],[12.20281,43.31777],[12.20714,43.31446],[12.21103,43.30976],[12.21535,43.30015],[12.21505,43.29487],[12.21318,43.29105],[12.19986,43.28248],[12.1584,43.26268],[12.15438,43.26129],[12.14972,43.26046],[12.12689,43.26062],[12.12208,43.25974],[12.11791,43.25821],[12.11448,43.25622],[12.10797,43.25137],[12.10083,43.24708],[12.09666,43.24552],[12.09215,43.24468],[12.08688,43.24475],[12.07693,43.24666],[12.04964,43.25561],[12.04375,43.25571],[12.03738,43.25467],[12.029,43.25022],[12.02525,43.2462],[12.02296,43.24188],[12.01672,43.21186],[12.01439,43.20527],[12.01222,43.20047],[12.00958,43.19693],[12.00121,43.19059],[11.99655,43.18788],[11.99299,43.18646],[11.9652,43.18013],[11.95621,43.17633],[11.95271,43.1738],[11.95271,43.1738],[11.94859,43.17081],[11.94456,43.1679],[11.93364,43.15274],[11.92272,43.13757],[11.91776,43.12243],[11.91776,43.12243],[11.91806,43.12026],[11.91837,43.11809],[11.91929,43.11444],[11.9207,43.11104],[11.92208,43.1087],[11.92257,43.10786],[11.92349,43.10492],[11.92441,43.10197],[11.92527,43.09789],[11.92613,43.0938],[11.92682,43.08509],[11.92751,43.07639],[11.92984,43.06856],[11.93325,43.06377],[11.93548,43.06337],[11.93744,43.06301],[11.93973,43.06341],[11.94177,43.06377],[11.94489,43.06585],[11.94999,43.07132],[11.95566,43.07394],[11.95775,43.07453],[11.96355,43.07313],[11.96891,43.0691],[11.97,43.0674],[11.97781,43.04636],[11.97222,43.01676],[11.97051,43.01331],[11.9686,43.01066],[11.9631,43.00523],[11.95759,42.9998],[11.95465,42.99488],[11.9517,42.98996],[11.94869,42.97974],[11.93947,42.95544],[11.93217,42.9272],[11.93202,42.91991],[11.93202,42.91991],[11.93318,42.9176],[11.93435,42.91528],[11.94545,42.90859],[11.94643,42.90787],[11.95063,42.9024],[11.95103,42.90065],[11.9517,42.89774],[11.95151,42.89496],[11.9514,42.8933],[11.94984,42.88937],[11.94984,42.88937],[11.94984,42.88937],[11.94942,42.88853],[11.94814,42.88596],[11.94465,42.88135],[11.94349,42.88007],[11.93698,42.87434],[11.93424,42.87297],[11.93166,42.87168],[11.88902,42.85039],[11.84061,42.83579],[11.8327,42.83258],[11.80805,42.81335],[11.80086,42.81113],[11.79581,42.8114],[11.78878,42.81635],[11.78381,42.81897],[11.77467,42.82095],[11.76924,42.82036],[11.76474,42.81874],[11.75265,42.80865],[11.75048,42.80633],[11.74723,42.79848],[11.77388,42.78065],[11.77761,42.77682],[11.7821,42.77137],[11.78521,42.76164],[11.78583,42.7597],[11.78688,42.75858],[11.79001,42.75522],[11.79274,42.75325],[11.79548,42.75127],[11.79974,42.74893],[11.804,42.74659],[11.80712,42.74251],[11.8076,42.73991],[11.80789,42.73835],[11.80664,42.73466],[11.80308,42.72793],[11.80088,42.72488],[11.79218,42.71752],[11.78893,42.71098],[11.78676,42.70034],[11.78676,42.70034],[11.7883,42.68571],[11.78985,42.67109],[11.78893,42.65899],[11.78817,42.65609],[11.78691,42.65125],[11.78449,42.65021],[11.78304,42.64959],[11.78087,42.64902],[11.77869,42.64846],[11.77094,42.64759],[11.76318,42.64672],[11.76117,42.6462],[11.75916,42.64567],[11.75761,42.6451],[11.75388,42.64328],[11.75264,42.6422],[11.7514,42.64112],[11.7494,42.63843],[11.74526,42.63104],[11.74112,42.62365],[11.74001,42.6221],[11.73523,42.61616],[11.73205,42.61384],[11.72888,42.61151],[11.72143,42.60815],[11.70097,42.60284],[11.69865,42.60174],[11.69383,42.59828],[11.68426,42.58719],[11.68107,42.5835],[11.67828,42.58091],[11.67502,42.57879],[11.67116,42.57704],[11.62055,42.56014],[11.61959,42.56002],[11.61344,42.561],[11.60963,42.56472],[11.60583,42.56843],[11.6035,42.56898],[11.60117,42.56952],[11.59831,42.56938],[11.59544,42.56924],[11.5918,42.56769],[11.58817,42.56614],[11.58704,42.56488],[11.58507,42.5627],[11.58443,42.5588],[11.58522,42.55523],[11.58591,42.55345],[11.58661,42.55167],[11.58755,42.54743],[11.58786,42.54282],[11.58669,42.53936],[11.58553,42.5359],[11.57806,42.53035],[11.57059,42.5248]],[[11.47499,43.48307],[11.48374,43.47737],[11.47499,43.48307],[11.46788,43.49494],[11.47499,43.48307]],[[11.53574,43.41618],[11.53522,43.41404],[11.53574,43.41618],[11.53918,43.42125],[11.53574,43.41618]],[[11.66391,43.31631],[11.67129,43.30045],[11.66391,43.31631],[11.65986,43.32005],[11.66391,43.31631]],[[11.89367,43.16858],[11.90466,43.1725],[11.89367,43.16858],[11.88906,43.16417],[11.89367,43.16858]],[[11.63529,42.82204],[11.63875,42.83121],[11.63875,42.83121],[11.63529,42.82204]],[[11.61979,42.90521],[11.61187,42.94787],[11.59366,42.95754],[11.61187,42.94787],[11.61979,42.90521]],[[11.36694,42.99268],[11.35893,42.99961],[11.35893,42.99961],[11.36694,42.99268]],[[11.06021,43.12222],[11.05887,43.12896],[11.06021,43.12222],[11.06443,43.11368],[11.06021,43.12222]],[[11.05955,43.17655],[11.05955,43.17655],[11.05665,43.1402],[11.05665,43.1402],[11.05955,43.17655]],[[10.93099,43.1622],[10.92138,43.16238],[10.93099,43.1622],[10.94783,43.16786],[10.93099,43.1622]],[[11.58193,43.721],[11.57479,43.73048],[11.58193,43.721],[11.60067,43.70453],[11.58193,43.721]],[[11.60794,43.69107],[11.60843,43.69771],[11.60794,43.69107],[11.6039,43.68791],[11.60794,43.69107]],[[11.49662,43.62595],[11.49524,43.62275],[11.49524,43.62275],[11.49662,43.62595]],[[11.50753,43.58726],[11.50858,43.60011],[11.50753,43.58726],[11.50482,43.5861],[11.50753,43.58726]],[[10.49582,43.61306],[10.49714,43.60831],[10.49714,43.60831],[10.49582,43.61306]],[[10.49378,43.40788],[10.49274,43.4004],[10.49274,43.4004],[10.49378,43.40788]],[[10.67107,43.25678],[10.66894,43.25355],[10.66894,43.25355],[10.67107,43.25678]],[[10.68593,43.21396],[10.68281,43.20147],[10.68593,43.21396],[10.68593,43.21396]],[[10.71097,43.12613],[10.71728,43.10848],[10.72259,43.11488],[10.71728,43.10848],[10.71097,43.12613],[10.64574,43.15822],[10.71097,43.12613]]],[[[10.07944,42.61392],[10.09604,42.59073],[10.08579,42.57246],[10.0503,42.58194],[10.07944,42.61392]]],[[[10.25904,42.81192],[10.27215,42.82734],[10.32683,42.82624],[10.32211,42.81171],[10.34734,42.80585],[10.41236,42.87336],[10.44337,42.84545],[10.43002,42.78758],[10.38885,42.7635],[10.42514,42.74079],[10.43067,42.72211],[10.41554,42.70889],[10.38136,42.72256],[10.3379,42.76484],[10.32504,42.76484],[10.31373,42.74299],[10.30454,42.75975],[10.26539,42.74457],[10.24537,42.75727],[10.2352,42.73591],[10.14723,42.73729],[10.10678,42.75739],[10.10141,42.784],[10.13299,42.81192],[10.17954,42.81875],[10.26588,42.80443],[10.25904,42.81192]]],[[[9.82578,43.07463],[9.8401,43.06517],[9.85481,43.04427],[9.84213,43.02496],[9.8015,43.00781],[9.78459,43.02844],[9.80694,43.06641],[9.82578,43.07463]]],[[[12.18218,43.78881],[12.1776,43.794],[12.17572,43.79615],[12.17328,43.80037],[12.17084,43.8046],[12.17084,43.8046],[12.17163,43.80783],[12.17189,43.80891],[12.17331,43.8121],[12.17756,43.82167],[12.17818,43.82102],[12.18433,43.81841],[12.22669,43.81445],[12.23665,43.81048],[12.23724,43.80998],[12.23773,43.80939],[12.23955,43.806],[12.24001,43.80267],[12.23988,43.80089],[12.23954,43.79996],[12.23937,43.79949],[12.23912,43.79928],[12.23856,43.79881],[12.23438,43.79843],[12.23053,43.7972],[12.22667,43.79597],[12.21405,43.7895],[12.20142,43.78303],[12.19914,43.78101],[12.19914,43.78101],[12.19914,43.78101],[12.19925,43.78071],[12.19934,43.78047],[12.19526,43.78173],[12.19013,43.78331],[12.18218,43.78881]]]]}},{"type":"Feature","properties":{"name":"Basilicata","label":{"no":"Basilicata","en":"Basilicata"},"short":"Basilicata","neighbours":["Puglia","Calabria","Campania"]},"geometry":{"type":"Polygon","coordinates":[[[16.40673,40.07053],[16.40507,40.06739],[16.39882,40.05553],[16.39023,40.06032],[16.39882,40.05553],[16.39583,40.04985],[16.39132,40.0427],[16.38807,40.03559],[16.38699,40.03182],[16.38653,40.02785],[16.38869,40.00872],[16.38853,40.00487],[16.38761,40.00071],[16.3873,39.99998],[16.38374,39.99337],[16.38141,39.9904],[16.37614,39.98521],[16.37025,39.98048],[16.36761,39.97792],[16.36529,39.97487],[16.36219,39.96772],[16.35909,39.95554],[16.35738,39.95193],[16.35551,39.94857],[16.35305,39.94589],[16.34731,39.94094],[16.34498,39.93819],[16.34404,39.93524],[16.34529,39.93255],[16.34854,39.93069],[16.35256,39.9294],[16.35568,39.92725],[16.35753,39.92431],[16.35863,39.92072],[16.36017,39.9094],[16.35986,39.90537],[16.35768,39.90222],[16.35428,39.9008],[16.34667,39.90367],[16.34228,39.90653],[16.33887,39.90971],[16.33547,39.91573],[16.33329,39.91854],[16.33081,39.92108],[16.3274,39.92324],[16.32011,39.92702],[16.31686,39.92919],[16.31128,39.934],[16.30772,39.93593],[16.30306,39.93718],[16.26272,39.94219],[16.25325,39.94186],[16.23202,39.93624],[16.2149,39.92903],[16.21196,39.92671],[16.20948,39.92387],[16.20653,39.91697],[16.19739,39.91451],[16.09032,39.90753],[16.08133,39.90591],[16.0756,39.90589],[16.06892,39.90669],[16.0591,39.91013],[16.05367,39.91286],[16.04996,39.9156],[16.03803,39.92914],[16.01539,39.94836],[16.01291,39.951],[16.01104,39.95402],[16.01043,39.95757],[16.01089,39.96164],[16.01429,39.96888],[16.02236,39.98172],[16.02344,39.9849],[16.02128,39.98687],[16.01616,39.98697],[15.99751,39.97949],[15.99052,39.97777],[15.98199,39.9789],[15.97688,39.98064],[15.9727,39.98304],[15.97006,39.98557],[15.95719,40.00102],[15.9555,40.00262],[15.95194,40.00438],[15.94636,40.00562],[15.93715,40.00568],[15.92025,40.00402],[15.9159,40.00221],[15.91234,39.99911],[15.90676,39.98831],[15.90351,39.98552],[15.89731,39.98624],[15.89342,39.98815],[15.89013,39.99056],[15.88764,39.99316],[15.8816,39.99776],[15.87756,39.99994],[15.85833,40.00818],[15.85121,40.00748],[15.84113,40.00397],[15.77653,39.96533],[15.77297,39.96162],[15.768,39.95539],[15.76321,39.94433],[15.74847,39.92739],[15.74581,39.9246],[15.72804,39.96418],[15.64665,40.04693],[15.66295,40.06101],[15.66434,40.06696],[15.66124,40.06823],[15.65752,40.06908],[15.65473,40.07047],[15.65148,40.07275],[15.64915,40.07768],[15.64977,40.08081],[15.65955,40.08846],[15.66853,40.09729],[15.69308,40.13052],[15.69679,40.13859],[15.69712,40.14266],[15.69433,40.1552],[15.694,40.16204],[15.69556,40.1661],[15.6982,40.16923],[15.70641,40.17542],[15.71681,40.18576],[15.72072,40.18886],[15.72393,40.19088],[15.73157,40.19427],[15.73964,40.19677],[15.74429,40.19946],[15.74941,40.20318],[15.75715,40.21075],[15.76288,40.21439],[15.77545,40.21982],[15.78497,40.23488],[15.78914,40.24396],[15.79009,40.2475],[15.79055,40.25186],[15.79039,40.25646],[15.78914,40.26183],[15.78745,40.26556],[15.78543,40.26886],[15.77985,40.27387],[15.76662,40.28234],[15.76367,40.28467],[15.76104,40.28725],[15.75451,40.29553],[15.75172,40.29803],[15.74847,40.3002],[15.72894,40.30896],[15.72197,40.31328],[15.71911,40.31579],[15.71696,40.31844],[15.71353,40.32449],[15.71123,40.33133],[15.7078,40.36883],[15.70626,40.37431],[15.70129,40.37957],[15.69556,40.38438],[15.69215,40.38643],[15.68826,40.38802],[15.68378,40.38907],[15.66853,40.38963],[15.66387,40.39066],[15.6597,40.39221],[15.65614,40.39421],[15.63876,40.40824],[15.6287,40.41877],[15.62281,40.42342],[15.61876,40.42513],[15.61428,40.42626],[15.6091,40.42657],[15.60415,40.42632],[15.59842,40.42854],[15.5922,40.4333],[15.58027,40.45304],[15.5764,40.45748],[15.56957,40.46141],[15.55775,40.46671],[15.55091,40.47086],[15.54705,40.47401],[15.54331,40.47783],[15.53788,40.48464],[15.53588,40.48944],[15.53494,40.49396],[15.53527,40.4975],[15.53573,40.50032],[15.53883,40.50838],[15.54021,40.51535],[15.5396,40.52001],[15.51758,40.5647],[15.5151,40.56737],[15.50394,40.57703],[15.49086,40.5861],[15.48328,40.58972],[15.47381,40.59213],[15.46203,40.59383],[15.45584,40.5953],[15.44931,40.59902],[15.44663,40.60233],[15.4456,40.60566],[15.44591,40.60796],[15.44685,40.61126],[15.44808,40.61424],[15.45103,40.61887],[15.4628,40.63184],[15.4659,40.63421],[15.46948,40.63613],[15.48095,40.64083],[15.48451,40.64335],[15.4873,40.64702],[15.48948,40.65375],[15.48917,40.65826],[15.48761,40.66186],[15.48436,40.66393],[15.47985,40.6654],[15.46326,40.66776],[15.45817,40.66894],[15.43516,40.67943],[15.43237,40.68163],[15.4209,40.69519],[15.41811,40.69767],[15.41145,40.70191],[15.39579,40.70925],[15.39113,40.71289],[15.38616,40.71835],[15.37852,40.7294],[15.37542,40.73607],[15.37373,40.74167],[15.37232,40.7686],[15.36861,40.77619],[15.36876,40.7818],[15.36922,40.78614],[15.36784,40.7893],[15.36487,40.79237],[15.36566,40.79536],[15.36735,40.79808],[15.36891,40.80218],[15.36689,40.80454],[15.36256,40.80767],[15.35806,40.80945],[15.34426,40.82068],[15.36208,40.83446],[15.36582,40.84387],[15.3652,40.84774],[15.36208,40.85619],[15.36085,40.86283],[15.36085,40.87609],[15.36551,40.88605],[15.36922,40.89895],[15.47087,40.9018],[15.48926,40.90748],[15.52393,40.9242],[15.53665,40.93326],[15.54404,40.94394],[15.55515,40.97171],[15.5722,40.99755],[15.57794,41.01103],[15.57625,41.02659],[15.55856,41.05512],[15.55474,41.0692],[15.56166,41.08615],[15.57128,41.09651],[15.58317,41.10455],[15.5964,41.10935],[15.75317,41.10276],[15.7711,41.10455],[15.8495,41.13154],[15.85833,41.13682],[15.86578,41.13062],[15.88391,41.11153],[15.89606,41.10284],[15.90041,41.10111],[15.9308,41.09395],[15.95332,41.08538],[15.96246,41.08034],[15.97347,41.07166],[15.98386,41.06054],[16.025,41.02468],[16.03135,41.01692],[16.03042,41.01336],[16.02469,41.00029],[16.02174,40.99094],[16.01834,40.98349],[16.01647,40.98034],[16.01166,40.97458],[16.00638,40.96944],[16.0034,40.96761],[16.00061,40.96623],[15.99797,40.96556],[15.99426,40.96512],[15.98975,40.96535],[15.98509,40.96453],[15.98184,40.96202],[15.98169,40.95608],[15.98402,40.95254],[15.98758,40.94991],[16.09465,40.91099],[16.10581,40.90554],[16.11001,40.90417],[16.11482,40.90363],[16.11904,40.90417],[16.12247,40.90616],[16.12541,40.90864],[16.13053,40.9142],[16.13363,40.91636],[16.13719,40.9181],[16.14136,40.91936],[16.15967,40.92273],[16.16494,40.92277],[16.1727,40.92112],[16.18142,40.91812],[16.19662,40.91143],[16.20359,40.90727],[16.20825,40.9035],[16.21227,40.89758],[16.21552,40.89135],[16.22747,40.85975],[16.23481,40.84706],[16.2454,40.83755],[16.19513,40.81647],[16.2454,40.83755],[16.34043,40.75214],[16.39644,40.71296],[16.41046,40.70604],[16.42006,40.70325],[16.42292,40.70424],[16.42797,40.70599],[16.43153,40.7078],[16.43509,40.70961],[16.45359,40.72317],[16.46954,40.73728],[16.47607,40.74307],[16.48201,40.7471],[16.49778,40.75782],[16.50996,40.76097],[16.51318,40.75989],[16.51525,40.75791],[16.51567,40.75751],[16.51644,40.756],[16.51876,40.75147],[16.52217,40.74666],[16.52558,40.74186],[16.52901,40.73875],[16.53474,40.73356],[16.53871,40.73163],[16.54109,40.73047],[16.54621,40.73012],[16.549,40.73214],[16.54951,40.7349],[16.54961,40.7355],[16.54961,40.7355],[16.54961,40.7355],[16.54892,40.73697],[16.54823,40.73844],[16.54741,40.73951],[16.54605,40.74129],[16.53799,40.74904],[16.53597,40.75178],[16.53597,40.75467],[16.53799,40.75757],[16.5414,40.75836],[16.5448,40.75916],[16.54799,40.75836],[16.56935,40.74927],[16.57679,40.75136],[16.57603,40.75472],[16.57477,40.75808],[16.57835,40.76077],[16.58688,40.76231],[16.62103,40.75849],[16.62894,40.75606],[16.65328,40.74387],[16.68417,40.73779],[16.68854,40.73649],[16.69116,40.73571],[16.69287,40.73467],[16.69457,40.73364],[16.70939,40.72082],[16.71566,40.71539],[16.71502,40.70604],[16.70556,40.70277],[16.69828,40.70025],[16.69828,40.70025],[16.69828,40.70025],[16.698,40.69975],[16.69659,40.69721],[16.69659,40.69721],[16.69682,40.69578],[16.69705,40.69434],[16.69984,40.69194],[16.70125,40.69111],[16.70355,40.68976],[16.7055,40.68887],[16.71193,40.68519],[16.71748,40.6786],[16.71999,40.67395],[16.72076,40.66873],[16.72045,40.66656],[16.7107,40.6367],[16.71333,40.5967],[16.71131,40.55153],[16.71597,40.53794],[16.72805,40.48461],[16.7435,40.46735],[16.74563,40.46699],[16.74787,40.4671],[16.77275,40.4733],[16.77694,40.47381],[16.7863,40.47345],[16.78965,40.47108],[16.79167,40.46965],[16.79448,40.46656],[16.79729,40.46348],[16.8128,40.43634],[16.8161,40.43298],[16.81808,40.43097],[16.81939,40.42981],[16.82071,40.42865],[16.82583,40.42543],[16.83095,40.42221],[16.83548,40.41761],[16.83838,40.41412],[16.84418,40.4057],[16.84747,40.4021],[16.848,40.40151],[16.8547,40.39733],[16.85899,40.39412],[16.86328,40.39092],[16.86328,40.39092],[16.78273,40.30158],[16.73072,40.20067],[16.64005,40.11875],[16.64005,40.11875],[16.63532,40.11973],[16.62114,40.12267],[16.55891,40.1268],[16.52202,40.12112],[16.47935,40.12641],[16.461,40.12514],[16.44999,40.12437],[16.44796,40.12481],[16.44223,40.12701],[16.43525,40.1353],[16.43184,40.13685],[16.42688,40.13657],[16.42114,40.13274],[16.41758,40.12928],[16.4151,40.1254],[16.41483,40.12488],[16.41341,40.12208],[16.41246,40.11874],[16.41169,40.11605],[16.41082,40.11118],[16.41029,40.1082],[16.41017,40.10551],[16.40921,40.08366],[16.40673,40.07053]],[[16.38791,40.15281],[16.39418,40.15769],[16.39418,40.15769],[16.38791,40.15281]],[[16.35105,40.20699],[16.35871,40.23174],[16.35105,40.20699],[16.35105,40.20699]],[[16.37346,40.29603],[16.37465,40.30985],[16.37465,40.30985],[16.37346,40.29603]],[[16.32369,40.28606],[16.32334,40.28557],[16.32369,40.28606],[16.32369,40.28606]],[[16.13029,40.47234],[16.09581,40.52927],[16.13029,40.47234],[16.13648,40.44516],[16.13029,40.47234]],[[16.11806,40.58033],[16.11917,40.58268],[16.11917,40.58268],[16.11806,40.58033]],[[16.06391,40.62024],[16.05279,40.63228],[16.05279,40.63228],[16.06391,40.62024]],[[16.14753,40.7091],[16.14921,40.72246],[16.14921,40.72246],[16.14753,40.7091]],[[16.11975,40.78534],[16.11721,40.76994],[16.14046,40.73544],[16.11721,40.76994],[16.11975,40.78534]],[[15.98447,40.60583],[15.97455,40.60707],[15.98447,40.60583],[15.98447,40.60583]],[[15.98075,40.63189],[15.98075,40.63189],[15.98261,40.61886],[15.98075,40.63189]],[[15.98323,40.64678],[15.98323,40.64678],[15.98168,40.63747],[15.98323,40.64678]]]}},{"type":"Feature","properties":{"name":"Calabria","label":{"no":"Calabria","en":"Calabria"},"short":"Calabria","neighbours":["Basilicata"]},"geometry":{"type":"Polygon","coordinates":[[[16.59693,40.04678],[16.6316,39.96621],[16.54225,39.8854],[16.49171,39.80549],[16.48976,39.77521],[16.52858,39.7215],[16.51564,39.6896],[16.54591,39.66087],[16.62485,39.62531],[16.78248,39.61164],[16.8462,39.55268],[16.95297,39.49921],[17.01149,39.48615],[17.08855,39.42259],[17.1587,39.4062],[17.12224,39.33832],[17.11492,39.28278],[17.14568,39.21068],[17.12452,39.09089],[17.15846,39.04047],[17.20639,39.02949],[17.17237,39.00519],[17.17237,38.96052],[17.10401,38.89907],[17.09498,38.91913],[17.02198,38.90595],[16.98129,38.9372],[16.93507,38.93871],[16.72779,38.87885],[16.58562,38.79784],[16.53484,38.6999],[16.54908,38.68993],[16.577,38.52855],[16.56959,38.42951],[16.50815,38.37153],[16.30633,38.27709],[16.16944,38.14322],[16.11085,37.97362],[16.06316,37.93268],[16.00099,37.91901],[15.94215,37.93309],[15.76149,37.92524],[15.68442,37.95352],[15.64552,37.98835],[15.63836,38.02774],[15.65846,38.04255],[15.62403,38.09211],[15.6478,38.14313],[15.63282,38.22028],[15.65056,38.24103],[15.78647,38.27802],[15.81284,38.3006],[15.91782,38.51679],[15.90008,38.57827],[15.844,38.61791],[15.8366,38.64899],[16.00261,38.72541],[16.12086,38.72093],[16.1526,38.7309],[16.20094,38.77643],[16.22169,38.85659],[16.21469,38.91901],[16.18963,38.94355],[16.15431,38.95502],[16.08302,39.07526],[16.03403,39.34524],[15.9954,39.43877],[15.93312,39.51366],[15.87623,39.55146],[15.8366,39.65266],[15.80641,39.6955],[15.78875,39.79662],[15.7697,39.83015],[15.78191,39.8686],[15.74581,39.9246],[15.74847,39.92739],[15.76321,39.94433],[15.768,39.95539],[15.77297,39.96162],[15.77653,39.96533],[15.84113,40.00397],[15.85121,40.00748],[15.85833,40.00818],[15.87756,39.99994],[15.8816,39.99776],[15.88764,39.99316],[15.89013,39.99056],[15.89342,39.98815],[15.89731,39.98624],[15.90351,39.98552],[15.90676,39.98831],[15.91234,39.99911],[15.9159,40.00221],[15.92025,40.00402],[15.93715,40.00568],[15.94636,40.00562],[15.95194,40.00438],[15.9555,40.00262],[15.95719,40.00102],[15.97006,39.98557],[15.9727,39.98304],[15.97688,39.98064],[15.98199,39.9789],[15.99052,39.97777],[15.99751,39.97949],[16.01616,39.98697],[16.02128,39.98687],[16.02344,39.9849],[16.02236,39.98172],[16.01429,39.96888],[16.01089,39.96164],[16.01043,39.95757],[16.01104,39.95402],[16.01291,39.951],[16.01539,39.94836],[16.03803,39.92914],[16.04996,39.9156],[16.05367,39.91286],[16.0591,39.91013],[16.06892,39.90669],[16.0756,39.90589],[16.08133,39.90591],[16.09032,39.90753],[16.19739,39.91451],[16.20653,39.91697],[16.20948,39.92387],[16.21196,39.92671],[16.2149,39.92903],[16.23202,39.93624],[16.25325,39.94186],[16.26272,39.94219],[16.30306,39.93718],[16.30772,39.93593],[16.31128,39.934],[16.31686,39.92919],[16.32011,39.92702],[16.3274,39.92324],[16.33081,39.92108],[16.33329,39.91854],[16.33547,39.91573],[16.33887,39.90971],[16.34228,39.90653],[16.34667,39.90367],[16.35428,39.9008],[16.35768,39.90222],[16.35986,39.90537],[16.36017,39.9094],[16.35863,39.92072],[16.35753,39.92431],[16.35568,39.92725],[16.35256,39.9294],[16.34854,39.93069],[16.34529,39.93255],[16.34404,39.93524],[16.34498,39.93819],[16.34731,39.94094],[16.35305,39.94589],[16.35551,39.94857],[16.35738,39.95193],[16.35909,39.95554],[16.36219,39.96772],[16.36529,39.97487],[16.36761,39.97792],[16.37025,39.98048],[16.37614,39.98521],[16.38141,39.9904],[16.38374,39.99337],[16.3873,39.99998],[16.38761,40.00071],[16.38853,40.00487],[16.38869,40.00872],[16.38653,40.02785],[16.38699,40.03182],[16.38807,40.03559],[16.39132,40.0427],[16.39583,40.04985],[16.39882,40.05553],[16.40507,40.06739],[16.40673,40.07053],[16.40921,40.08366],[16.41017,40.10551],[16.41029,40.1082],[16.41082,40.11118],[16.41169,40.11605],[16.41246,40.11874],[16.41341,40.12208],[16.41483,40.12488],[16.4151,40.1254],[16.41758,40.12928],[16.42114,40.13274],[16.42688,40.13657],[16.43184,40.13685],[16.43525,40.1353],[16.44223,40.12701],[16.44796,40.12481],[16.44999,40.12437],[16.461,40.12514],[16.47935,40.12641],[16.52202,40.12112],[16.55891,40.1268],[16.62114,40.12267],[16.63532,40.11973],[16.64005,40.11875],[16.64005,40.11875],[16.60475,40.08446],[16.59693,40.04678]]]}},{"type":"Feature","properties":{"name":"Campania","label":{"no":"Campania","en":"Campania"},"short":"Campania","neighbours":["Puglia","Basilicata","Lazio","Molise"]},"geometry":{"type":"MultiPolygon","coordinates":[[[[13.96583,40.71528],[13.94467,40.70161],[13.89015,40.69416],[13.85971,40.70775],[13.84913,40.71528],[13.87013,40.74872],[13.8628,40.7624],[13.96583,40.73505],[13.96583,40.71528]]],[[[13.81252,41.26708],[13.81299,41.26944],[13.81749,41.27663],[13.8225,41.28058],[13.83486,41.28538],[13.83753,41.28621],[13.8421,41.28711],[13.84667,41.28802],[13.85078,41.29032],[13.85489,41.29262],[13.85737,41.29433],[13.85985,41.29603],[13.86148,41.29768],[13.86311,41.29934],[13.86427,41.3009],[13.86543,41.30247],[13.86621,41.30403],[13.86699,41.30559],[13.86792,41.30931],[13.86792,41.30931],[13.86791,41.30974],[13.86761,41.32158],[13.87258,41.33541],[13.87258,41.33541],[13.86948,41.35815],[13.87473,41.38164],[13.87556,41.3885],[13.87537,41.3936],[13.87227,41.40027],[13.8597,41.41923],[13.86016,41.42303],[13.86218,41.426],[13.8659,41.4277],[13.88952,41.43332],[13.89681,41.43582],[13.90951,41.44238],[13.91153,41.4436],[13.93825,41.46442],[13.94491,41.46812],[13.95267,41.47044],[13.96181,41.4707],[13.98461,41.46101],[13.98802,41.45809],[13.99178,41.45417],[13.99411,41.44724],[13.99751,41.44073],[14.02559,41.40377],[14.03148,41.39815],[14.03504,41.39618],[14.03928,41.39458],[14.06051,41.39085],[14.08826,41.38874],[14.09933,41.38951],[14.10443,41.39039],[14.10909,41.39269],[14.10955,41.39548],[14.10771,41.4027],[14.10707,41.40725],[14.10691,41.41375],[14.10584,41.41876],[14.10305,41.42357],[14.09933,41.42657],[14.08997,41.43225],[14.08332,41.43768],[14.08129,41.44065],[14.0802,41.44398],[14.0802,41.44771],[14.08129,41.45119],[14.08299,41.45463],[14.0878,41.46039],[14.09973,41.46982],[14.10243,41.4725],[14.10661,41.47886],[14.11173,41.48422],[14.11654,41.49137],[14.12087,41.49566],[14.13034,41.49323],[14.16371,41.49072],[14.19456,41.49442],[14.22251,41.49481],[14.2391,41.48966],[14.26646,41.48517],[14.2714,41.48362],[14.27529,41.48191],[14.29513,41.46941],[14.32897,41.457],[14.37006,41.44599],[14.38269,41.44196],[14.43367,41.42569],[14.44426,41.42409],[14.46195,41.42305],[14.46799,41.42026],[14.4748,41.41497],[14.48164,41.40352],[14.49594,41.39039],[14.51385,41.38903],[14.51986,41.38857],[14.52587,41.38812],[14.54078,41.38874],[14.55568,41.38936],[14.55975,41.38831],[14.56513,41.38548],[14.56688,41.38336],[14.57212,41.37699],[14.57746,41.37311],[14.57832,41.37262],[14.58267,41.37107],[14.58761,41.37013],[14.58877,41.37024],[14.60235,41.37311],[14.65139,41.399],[14.65526,41.40197],[14.65746,41.40267],[14.6592,41.40321],[14.66616,41.40409],[14.73287,41.40549],[14.73955,41.40698],[14.7642,41.42084],[14.7675,41.42512],[14.77154,41.43641],[14.77339,41.43995],[14.77572,41.44264],[14.77959,41.44468],[14.78205,41.44494],[14.7847,41.44522],[14.79494,41.44235],[14.79727,41.44125],[14.80114,41.43892],[14.81417,41.42998],[14.8182,41.42839],[14.82223,41.4268],[14.82463,41.42625],[14.82702,41.42569],[14.83938,41.42835],[14.85174,41.43101],[14.88119,41.4422],[14.90013,41.44647],[14.91907,41.45073],[14.92281,41.45114],[14.92682,41.45157],[14.93232,41.45344],[14.9368,41.45496],[14.96605,41.46852],[14.99529,41.48207],[14.9977,41.48079],[15.04552,41.46388],[15.05068,41.4607],[15.05689,41.45348],[15.0631,41.44626],[15.06489,41.4445],[15.09364,41.43024],[15.09705,41.42584],[15.09869,41.42162],[15.09968,41.41908],[15.101,41.40778],[15.10232,41.39649],[15.10232,41.39649],[15.10228,41.39593],[15.10186,41.3906],[15.1005,41.38848],[15.09674,41.38527],[15.08852,41.38254],[15.08754,41.3818],[15.08558,41.38032],[15.08464,41.37877],[15.08371,41.37722],[15.08279,41.37388],[15.08135,41.37131],[15.08107,41.3708],[15.08107,41.3708],[15.08027,41.37013],[15.07844,41.36858],[15.07716,41.36788],[15.07503,41.36671],[15.07178,41.36445],[15.06899,41.36161],[15.06666,41.35845],[15.06604,41.35396],[15.06697,41.34864],[15.07363,41.3329],[15.07534,41.3304],[15.07774,41.32836],[15.12825,41.30771],[15.14345,41.27462],[15.14345,41.27462],[15.15523,41.27516],[15.1591,41.27593],[15.16365,41.27732],[15.16723,41.27942],[15.17511,41.28756],[15.1787,41.28905],[15.18707,41.28704],[15.22071,41.27221],[15.24013,41.26673],[15.24587,41.26384],[15.25206,41.25883],[15.26246,41.24754],[15.26617,41.24162],[15.26758,41.23787],[15.26602,41.23542],[15.26323,41.23338],[15.25951,41.23175],[15.24648,41.22885],[15.24464,41.22642],[15.24602,41.22311],[15.25332,41.21443],[15.25408,41.2104],[15.2527,41.20715],[15.25037,41.20421],[15.24758,41.20152],[15.23826,41.1948],[15.23161,41.19092],[15.20302,41.1657],[15.20117,41.16271],[15.20023,41.1594],[15.20102,41.1562],[15.20287,41.15338],[15.20893,41.14943],[15.25534,41.12768],[15.25844,41.1255],[15.26402,41.12053],[15.27507,41.10591],[15.28034,41.10385],[15.28761,41.10251],[15.38256,41.0975],[15.39238,41.09845],[15.39827,41.10331],[15.40152,41.10532],[15.40603,41.10563],[15.41176,41.10392],[15.42431,41.09563],[15.45538,41.07936],[15.55856,41.05512],[15.57625,41.02659],[15.57794,41.01103],[15.5722,40.99755],[15.55515,40.97171],[15.54404,40.94394],[15.53665,40.93326],[15.52393,40.9242],[15.48926,40.90748],[15.47087,40.9018],[15.36922,40.89895],[15.36551,40.88605],[15.36085,40.87609],[15.36085,40.86283],[15.36208,40.85619],[15.3652,40.84774],[15.36582,40.84387],[15.36208,40.83446],[15.34426,40.82068],[15.35806,40.80945],[15.36256,40.80767],[15.36689,40.80454],[15.36891,40.80218],[15.36735,40.79808],[15.36566,40.79536],[15.36487,40.79237],[15.36784,40.7893],[15.36922,40.78614],[15.36876,40.7818],[15.36861,40.77619],[15.37232,40.7686],[15.37373,40.74167],[15.37542,40.73607],[15.37852,40.7294],[15.38616,40.71835],[15.39113,40.71289],[15.39579,40.70925],[15.41145,40.70191],[15.41811,40.69767],[15.4209,40.69519],[15.43237,40.68163],[15.43516,40.67943],[15.45817,40.66894],[15.46326,40.66776],[15.47985,40.6654],[15.48436,40.66393],[15.48761,40.66186],[15.48917,40.65826],[15.48948,40.65375],[15.4873,40.64702],[15.48451,40.64335],[15.48095,40.64083],[15.46948,40.63613],[15.4659,40.63421],[15.4628,40.63184],[15.45103,40.61887],[15.44808,40.61424],[15.44685,40.61126],[15.44591,40.60796],[15.4456,40.60566],[15.44663,40.60233],[15.44931,40.59902],[15.45584,40.5953],[15.46203,40.59383],[15.47381,40.59213],[15.48328,40.58972],[15.49086,40.5861],[15.50394,40.57703],[15.5151,40.56737],[15.51758,40.5647],[15.5396,40.52001],[15.54021,40.51535],[15.53883,40.50838],[15.53573,40.50032],[15.53527,40.4975],[15.53494,40.49396],[15.53588,40.48944],[15.53788,40.48464],[15.54331,40.47783],[15.54705,40.47401],[15.55091,40.47086],[15.55775,40.46671],[15.56957,40.46141],[15.5764,40.45748],[15.58027,40.45304],[15.5922,40.4333],[15.59842,40.42854],[15.60415,40.42632],[15.6091,40.42657],[15.61428,40.42626],[15.61876,40.42513],[15.62281,40.42342],[15.6287,40.41877],[15.63876,40.40824],[15.65614,40.39421],[15.6597,40.39221],[15.66387,40.39066],[15.66853,40.38963],[15.68378,40.38907],[15.68826,40.38802],[15.69215,40.38643],[15.69556,40.38438],[15.70129,40.37957],[15.70626,40.37431],[15.7078,40.36883],[15.71123,40.33133],[15.71353,40.32449],[15.71696,40.31844],[15.71911,40.31579],[15.72197,40.31328],[15.72894,40.30896],[15.74847,40.3002],[15.75172,40.29803],[15.75451,40.29553],[15.76104,40.28725],[15.76367,40.28467],[15.76662,40.28234],[15.77985,40.27387],[15.78543,40.26886],[15.78745,40.26556],[15.78914,40.26183],[15.79039,40.25646],[15.79055,40.25186],[15.79009,40.2475],[15.78914,40.24396],[15.78497,40.23488],[15.77545,40.21982],[15.76288,40.21439],[15.75715,40.21075],[15.74941,40.20318],[15.74429,40.19946],[15.73964,40.19677],[15.73157,40.19427],[15.72393,40.19088],[15.72072,40.18886],[15.71681,40.18576],[15.70641,40.17542],[15.6982,40.16923],[15.69556,40.1661],[15.694,40.16204],[15.69433,40.1552],[15.69712,40.14266],[15.69679,40.13859],[15.69308,40.13052],[15.66853,40.09729],[15.65955,40.08846],[15.64977,40.08081],[15.64915,40.07768],[15.65148,40.07275],[15.65473,40.07047],[15.65752,40.06908],[15.66124,40.06823],[15.66434,40.06696],[15.66295,40.06101],[15.64665,40.04693],[15.62428,40.07779],[15.53492,40.07779],[15.4296,39.99979],[15.36094,39.99889],[15.3143,40.03376],[15.26124,40.02936],[15.27914,40.04767],[15.26344,40.07372],[15.12721,40.16962],[15.04721,40.16893],[15.00312,40.21026],[14.91114,40.24164],[14.90691,40.25861],[14.93914,40.30707],[14.93238,40.33373],[14.99449,40.35843],[14.99827,40.39756],[14.88885,40.57307],[14.83546,40.63264],[14.78199,40.66987],[14.75221,40.6767],[14.69044,40.64912],[14.62574,40.64907],[14.5442,40.61359],[14.48658,40.63264],[14.47138,40.62467],[14.47688,40.64076],[14.47136,40.62466],[14.42205,40.61555],[14.34262,40.57062],[14.32984,40.58446],[14.33774,40.62442],[14.38738,40.63695],[14.44421,40.68599],[14.47637,40.6951],[14.47413,40.72968],[14.44264,40.75507],[14.39443,40.76157],[14.2942,40.83877],[14.22364,40.83137],[14.20346,40.80121],[14.08253,40.83128],[14.08253,40.78351],[14.0477,40.78959],[14.05226,40.83759],[14.02134,40.92183],[13.96534,40.99641],[13.91798,41.02367],[13.91066,41.06464],[13.85173,41.14732],[13.74366,41.2376],[13.80492,41.25373],[13.81004,41.25671],[13.81252,41.2603],[13.81206,41.26472],[13.81252,41.26708]],[[14.58253,40.69984],[14.58253,40.69984],[14.58034,40.70616],[14.58253,40.69984]],[[14.51013,40.75662],[14.51142,40.76177],[14.51013,40.75662],[14.51013,40.75662]],[[14.56803,40.83106],[14.56979,40.84204],[14.58012,40.84677],[14.59592,40.84731],[14.58012,40.84677],[14.56979,40.84204],[14.56803,40.83106]],[[14.60554,40.84765],[14.60554,40.84765],[14.59187,40.86122],[14.60554,40.84765]],[[14.66908,40.90093],[14.66553,40.898],[14.66908,40.90093],[14.66908,40.90093]],[[14.57197,41.00954],[14.57587,40.99872],[14.57197,41.00954],[14.57197,41.00954]],[[14.96567,41.1756],[14.96391,41.16547],[14.96567,41.1756],[14.99817,41.20595],[14.96567,41.1756]],[[14.98303,41.23997],[14.98303,41.23997],[14.98306,41.24112],[14.98303,41.23997]],[[14.67528,40.97711],[14.6724,40.98894],[14.67528,40.97711],[14.68781,40.97275],[14.67528,40.97711]],[[14.70668,40.9945],[14.70435,40.99027],[14.70668,40.9945],[14.7074,41.00633],[14.70668,40.9945]],[[14.47362,41.37343],[14.48268,41.37474],[14.47362,41.37343],[14.46599,41.36983],[14.47362,41.37343]],[[14.47674,41.29823],[14.48356,41.30349],[14.47674,41.29823],[14.46925,41.2961],[14.47674,41.29823]],[[14.4244,41.25622],[14.42273,41.25075],[14.4244,41.25622],[14.43066,41.26811],[14.4244,41.25622]],[[14.46021,41.17748],[14.45369,41.19187],[14.46021,41.17748],[14.46021,41.17748]],[[14.37843,41.16401],[14.39454,41.15902],[14.37843,41.16401],[14.36899,41.16228],[14.37843,41.16401]],[[14.36151,41.14212],[14.35659,41.14929],[14.35659,41.14929],[14.36151,41.14212]],[[14.3872,41.12102],[14.37583,41.12942],[14.3872,41.12102],[14.40516,41.11644],[14.3872,41.12102]],[[14.53132,41.01335],[14.52887,41.02254],[14.53132,41.01335],[14.53132,41.01335]],[[14.1435,40.97468],[14.14537,40.96722],[14.1435,40.97468],[14.14194,40.97687],[14.1435,40.97468]],[[14.15218,40.95437],[14.15669,40.9531],[14.15218,40.95437],[14.14971,40.95706],[14.15218,40.95437]],[[14.24589,40.94436],[14.25938,40.9457],[14.24589,40.94436],[14.22515,40.94779],[14.24589,40.94436]],[[14.2937,40.97715],[14.29278,40.98485],[14.29278,40.98485],[14.2937,40.97715],[14.2937,40.97715]],[[14.29346,40.99221],[14.29651,40.99581],[14.29346,40.99221],[14.29312,40.98853],[14.29346,40.99221]],[[14.47364,40.9816],[14.48934,40.98308],[14.47364,40.9816],[14.39426,40.99323],[14.47364,40.9816]]]]}},{"type":"Feature","properties":{"name":"Molise","label":{"no":"Molise","en":"Molise"},"short":"Molise","neighbours":["Abruzzo","Puglia","Campania","Lazio"]},"geometry":{"type":"Polygon","coordinates":[[[14.57832,41.37262],[14.57746,41.37311],[14.57212,41.37699],[14.56688,41.38336],[14.56513,41.38548],[14.55975,41.38831],[14.55568,41.38936],[14.54078,41.38874],[14.52587,41.38812],[14.51986,41.38857],[14.51385,41.38903],[14.49594,41.39039],[14.48164,41.40352],[14.4748,41.41497],[14.46799,41.42026],[14.46195,41.42305],[14.44426,41.42409],[14.43367,41.42569],[14.38269,41.44196],[14.37006,41.44599],[14.32897,41.457],[14.29513,41.46941],[14.27529,41.48191],[14.2714,41.48362],[14.26646,41.48517],[14.2391,41.48966],[14.22251,41.49481],[14.19456,41.49442],[14.16371,41.49072],[14.13034,41.49323],[14.12087,41.49566],[14.11654,41.49137],[14.11173,41.48422],[14.10661,41.47886],[14.10243,41.4725],[14.09973,41.46982],[14.0878,41.46039],[14.08299,41.45463],[14.08129,41.45119],[14.0802,41.44771],[14.0802,41.44398],[14.08129,41.44065],[14.08332,41.43768],[14.08997,41.43225],[14.09933,41.42657],[14.10305,41.42357],[14.10584,41.41876],[14.10691,41.41375],[14.10707,41.40725],[14.10771,41.4027],[14.10955,41.39548],[14.10909,41.39269],[14.10443,41.39039],[14.09933,41.38951],[14.08826,41.38874],[14.06051,41.39085],[14.03928,41.39458],[14.03504,41.39618],[14.03148,41.39815],[14.02559,41.40377],[13.99751,41.44073],[13.99411,41.44724],[13.99178,41.45417],[13.98802,41.45809],[13.98461,41.46101],[13.96181,41.4707],[13.98202,41.48651],[13.98275,41.49008],[13.98294,41.49452],[13.98057,41.49775],[13.97919,41.50178],[13.98088,41.50434],[14.00558,41.51938],[14.00931,41.52464],[14.01008,41.52894],[14.00852,41.53225],[14.0076,41.53713],[14.00867,41.55331],[14.00791,41.55881],[14.00606,41.56283],[14.00327,41.56485],[13.9983,41.56738],[13.99613,41.57336],[13.99426,41.58302],[13.99457,41.61746],[13.99395,41.62501],[13.99257,41.62829],[13.97949,41.64536],[13.97624,41.65167],[13.97407,41.65874],[13.97235,41.66185],[13.97018,41.66487],[13.9677,41.66743],[13.95779,41.67384],[13.95159,41.679],[13.9457,41.68818],[13.9646,41.69208],[13.99457,41.68691],[14.00125,41.68748],[14.00775,41.68965],[14.01333,41.69327],[14.03054,41.70087],[14.0352,41.70356],[14.05431,41.72216],[14.06299,41.72877],[14.06921,41.73097],[14.07479,41.73114],[14.08734,41.72468],[14.09479,41.72345],[14.09881,41.72508],[14.11359,41.73714],[14.13855,41.74918],[14.15411,41.75482],[14.17518,41.76006],[14.18294,41.76293],[14.18711,41.76598],[14.18711,41.76826],[14.18604,41.77047],[14.18371,41.77254],[14.18061,41.77466],[14.16945,41.7804],[14.1665,41.78282],[14.16185,41.78846],[14.16,41.7915],[14.1569,41.7992],[14.15358,41.80438],[14.14972,41.80895],[14.14319,41.81471],[14.14165,41.81868],[14.14227,41.82417],[14.14941,41.83487],[14.15473,41.83946],[14.16062,41.84184],[14.18496,41.83951],[14.19162,41.83957],[14.21168,41.85471],[14.21447,41.85734],[14.21788,41.86117],[14.22763,41.87625],[14.22941,41.87737],[14.22959,41.87748],[14.27171,41.90388],[14.27637,41.9053],[14.28287,41.90623],[14.28443,41.90379],[14.28615,41.90217],[14.2883,41.9006],[14.29467,41.89693],[14.31218,41.89072],[14.31574,41.88881],[14.31884,41.88653],[14.32121,41.88385],[14.32743,41.87481],[14.32976,41.87218],[14.33363,41.86912],[14.33875,41.86602],[14.34804,41.86205],[14.35393,41.8614],[14.35828,41.86272],[14.36509,41.8699],[14.37239,41.87361],[14.37672,41.87326],[14.38034,41.87151],[14.38329,41.86851],[14.38748,41.86556],[14.4222,41.84701],[14.42824,41.84238],[14.43088,41.83982],[14.43294,41.83703],[14.43428,41.8337],[14.43481,41.82995],[14.43233,41.81799],[14.43233,41.81394],[14.43325,41.81048],[14.43512,41.80737],[14.44009,41.80184],[14.44536,41.7968],[14.45015,41.79129],[14.45171,41.78808],[14.45232,41.78468],[14.45156,41.78107],[14.4483,41.77403],[14.44736,41.77065],[14.44846,41.7669],[14.45232,41.76572],[14.4576,41.76583],[14.47342,41.76902],[14.49038,41.77608],[14.51455,41.78613],[14.51934,41.78985],[14.52477,41.7951],[14.5274,41.80071],[14.53191,41.80763],[14.55738,41.83192],[14.5766,41.85564],[14.60952,41.88804],[14.63448,41.90819],[14.64456,41.91879],[14.64843,41.92493],[14.64782,41.92881],[14.64597,41.93669],[14.64549,41.94121],[14.64705,41.94767],[14.6503,41.95035],[14.66337,41.95411],[14.67346,41.95941],[14.74434,42.01304],[14.74838,42.01805],[14.74854,42.0218],[14.74777,42.02948],[14.74823,42.03754],[14.74931,42.04157],[14.75443,42.05081],[14.75985,42.05769],[14.76234,42.06193],[14.76341,42.06503],[14.76234,42.07485],[14.76337,42.07795],[14.8711,42.03181],[14.99366,42.01065],[15.03452,41.9746],[15.14354,41.93118],[15.14205,41.92819],[15.13523,41.88995],[15.13539,41.88439],[15.13431,41.87569],[15.13198,41.86962],[15.11941,41.8514],[15.10959,41.84066],[15.10733,41.8359],[15.10608,41.82977],[15.10619,41.81864],[15.10702,41.81251],[15.1115,41.7968],[15.11073,41.79192],[15.10856,41.78512],[15.10324,41.77435],[15.10263,41.76375],[15.1034,41.75781],[15.10526,41.75371],[15.10619,41.74952],[15.10526,41.73626],[15.10733,41.72747],[15.11073,41.7212],[15.11306,41.71833],[15.11585,41.71604],[15.11972,41.71399],[15.12392,41.71245],[15.12904,41.71138],[15.15213,41.70906],[15.1571,41.7079],[15.15879,41.70551],[15.1571,41.70169],[15.14468,41.69374],[15.13972,41.69148],[15.13104,41.68898],[15.1126,41.68557],[15.10887,41.68366],[15.10485,41.68066],[15.09549,41.67224],[15.08386,41.66487],[15.07132,41.65316],[15.06727,41.65064],[15.06341,41.64903],[15.05442,41.64694],[15.04915,41.64423],[15.04319,41.63989],[15.03467,41.63012],[15.02289,41.62237],[15.01761,41.61973],[15.0125,41.61925],[15.00801,41.61971],[14.96314,41.63399],[14.95803,41.63454],[14.95339,41.63416],[14.94935,41.63296],[14.94548,41.6311],[14.93906,41.62655],[14.93627,41.62379],[14.93394,41.62009],[14.9324,41.61522],[14.93194,41.60728],[14.93317,41.59328],[14.93897,41.5631],[14.93897,41.55891],[14.93803,41.55028],[14.93504,41.53777],[14.93458,41.53338],[14.93458,41.5294],[14.93504,41.526],[14.94625,41.51576],[14.99529,41.48207],[14.96605,41.46852],[14.9368,41.45496],[14.93232,41.45344],[14.92682,41.45157],[14.92281,41.45114],[14.91907,41.45073],[14.90013,41.44647],[14.88119,41.4422],[14.85174,41.43101],[14.83938,41.42835],[14.82702,41.42569],[14.82463,41.42625],[14.82223,41.4268],[14.8182,41.42839],[14.81417,41.42998],[14.80114,41.43892],[14.79727,41.44125],[14.79494,41.44235],[14.7847,41.44522],[14.78205,41.44494],[14.77959,41.44468],[14.77572,41.44264],[14.77339,41.43995],[14.77154,41.43641],[14.7675,41.42512],[14.7642,41.42084],[14.73955,41.40698],[14.73287,41.40549],[14.66616,41.40409],[14.6592,41.40321],[14.65746,41.40267],[14.65526,41.40197],[14.65139,41.399],[14.60235,41.37311],[14.58877,41.37024],[14.58761,41.37013],[14.58267,41.37107],[14.57832,41.37262]]]}},{"type":"Feature","properties":{"name":"Puglia","label":{"no":"Puglia","en":"Apulia"},"short":"Puglia","neighbours":["Basilicata","Campania","Molise"]},"geometry":{"type":"Polygon","coordinates":[[[16.42797,40.70599],[16.42292,40.70424],[16.42006,40.70325],[16.41046,40.70604],[16.39644,40.71296],[16.34043,40.75214],[16.2454,40.83755],[16.19513,40.81647],[16.2454,40.83755],[16.23481,40.84706],[16.22747,40.85975],[16.21552,40.89135],[16.21227,40.89758],[16.20825,40.9035],[16.20359,40.90727],[16.19662,40.91143],[16.18142,40.91812],[16.1727,40.92112],[16.16494,40.92277],[16.15967,40.92273],[16.14136,40.91936],[16.13719,40.9181],[16.13363,40.91636],[16.13053,40.9142],[16.12541,40.90864],[16.12247,40.90616],[16.11904,40.90417],[16.11482,40.90363],[16.11001,40.90417],[16.10581,40.90554],[16.09465,40.91099],[15.98758,40.94991],[15.98402,40.95254],[15.98169,40.95608],[15.98184,40.96202],[15.98509,40.96453],[15.98975,40.96535],[15.99426,40.96512],[15.99797,40.96556],[16.00061,40.96623],[16.0034,40.96761],[16.00638,40.96944],[16.01166,40.97458],[16.01647,40.98034],[16.01834,40.98349],[16.02174,40.99094],[16.02469,41.00029],[16.03042,41.01336],[16.03135,41.01692],[16.025,41.02468],[15.98386,41.06054],[15.97347,41.07166],[15.96246,41.08034],[15.95332,41.08538],[15.9308,41.09395],[15.90041,41.10111],[15.89606,41.10284],[15.88391,41.11153],[15.86578,41.13062],[15.85833,41.13682],[15.8495,41.13154],[15.7711,41.10455],[15.75317,41.10276],[15.5964,41.10935],[15.58317,41.10455],[15.57128,41.09651],[15.56166,41.08615],[15.55474,41.0692],[15.55856,41.05512],[15.45538,41.07936],[15.42431,41.09563],[15.41176,41.10392],[15.40603,41.10563],[15.40152,41.10532],[15.39827,41.10331],[15.39238,41.09845],[15.38256,41.0975],[15.28761,41.10251],[15.28034,41.10385],[15.27507,41.10591],[15.26402,41.12053],[15.25844,41.1255],[15.25534,41.12768],[15.20893,41.14943],[15.20287,41.15338],[15.20102,41.1562],[15.20023,41.1594],[15.20117,41.16271],[15.20302,41.1657],[15.23161,41.19092],[15.23826,41.1948],[15.24758,41.20152],[15.25037,41.20421],[15.2527,41.20715],[15.25408,41.2104],[15.25332,41.21443],[15.24602,41.22311],[15.24464,41.22642],[15.24648,41.22885],[15.25951,41.23175],[15.26323,41.23338],[15.26602,41.23542],[15.26758,41.23787],[15.26617,41.24162],[15.26246,41.24754],[15.25206,41.25883],[15.24587,41.26384],[15.24013,41.26673],[15.22071,41.27221],[15.18707,41.28704],[15.1787,41.28905],[15.17511,41.28756],[15.16723,41.27942],[15.16365,41.27732],[15.1591,41.27593],[15.15523,41.27516],[15.14345,41.27462],[15.14345,41.27462],[15.12825,41.30771],[15.07774,41.32836],[15.07534,41.3304],[15.07363,41.3329],[15.06697,41.34864],[15.06604,41.35396],[15.06666,41.35845],[15.06899,41.36161],[15.07178,41.36445],[15.07503,41.36671],[15.07716,41.36788],[15.07844,41.36858],[15.08027,41.37013],[15.08107,41.3708],[15.08107,41.3708],[15.08107,41.3708],[15.08135,41.37131],[15.08279,41.37388],[15.08371,41.37722],[15.08464,41.37877],[15.08558,41.38032],[15.08754,41.3818],[15.08852,41.38254],[15.09674,41.38527],[15.1005,41.38848],[15.10186,41.3906],[15.10228,41.39593],[15.10232,41.39649],[15.10232,41.39649],[15.10232,41.39649],[15.101,41.40778],[15.09968,41.41908],[15.09869,41.42162],[15.09705,41.42584],[15.09364,41.43024],[15.06489,41.4445],[15.0631,41.44626],[15.05689,41.45348],[15.05068,41.4607],[15.04552,41.46388],[14.9977,41.48079],[14.99529,41.48207],[14.94625,41.51576],[14.93504,41.526],[14.93458,41.5294],[14.93458,41.53338],[14.93504,41.53777],[14.93803,41.55028],[14.93897,41.55891],[14.93897,41.5631],[14.93317,41.59328],[14.93194,41.60728],[14.9324,41.61522],[14.93394,41.62009],[14.93627,41.62379],[14.93906,41.62655],[14.94548,41.6311],[14.94935,41.63296],[14.95339,41.63416],[14.95803,41.63454],[14.96314,41.63399],[15.00801,41.61971],[15.0125,41.61925],[15.01761,41.61973],[15.02289,41.62237],[15.03467,41.63012],[15.04319,41.63989],[15.04915,41.64423],[15.05442,41.64694],[15.06341,41.64903],[15.06727,41.65064],[15.07132,41.65316],[15.08386,41.66487],[15.09549,41.67224],[15.10485,41.68066],[15.10887,41.68366],[15.1126,41.68557],[15.13104,41.68898],[15.13972,41.69148],[15.14468,41.69374],[15.1571,41.70169],[15.15879,41.70551],[15.1571,41.7079],[15.15213,41.70906],[15.12904,41.71138],[15.12392,41.71245],[15.11972,41.71399],[15.11585,41.71604],[15.11306,41.71833],[15.11073,41.7212],[15.10733,41.72747],[15.10526,41.73626],[15.10619,41.74952],[15.10526,41.75371],[15.1034,41.75781],[15.10263,41.76375],[15.10324,41.77435],[15.10856,41.78512],[15.11073,41.79192],[15.1115,41.7968],[15.10702,41.81251],[15.10619,41.81864],[15.10608,41.82977],[15.10733,41.8359],[15.10959,41.84066],[15.11941,41.8514],[15.13198,41.86962],[15.13431,41.87569],[15.13539,41.88439],[15.13523,41.88995],[15.14205,41.92819],[15.14354,41.93118],[15.44606,41.90693],[15.61134,41.92805],[15.77442,41.92121],[16.02711,41.94408],[16.14047,41.91991],[16.1609,41.89265],[16.17921,41.8933],[16.19288,41.79092],[16.14576,41.74885],[16.10719,41.73762],[16.02752,41.67992],[15.9253,41.64004],[15.90008,41.61465],[15.89633,41.53644],[15.9336,41.47944],[16.02166,41.4278],[16.08513,41.41267],[16.4603,41.26264],[16.52068,41.25015],[16.59392,41.20698],[17.05714,41.08185],[17.27638,40.98021],[17.34791,40.9121],[17.41358,40.88109],[17.47608,40.83015],[17.74838,40.74763],[17.84392,40.69416],[17.95582,40.67048],[17.95493,40.64692],[18.00701,40.6507],[18.0158,40.62519],[18.04322,40.602],[18.03745,40.55695],[18.11997,40.50458],[18.23829,40.45767],[18.43727,40.26789],[18.51612,40.13923],[18.51612,40.10448],[18.49187,40.08466],[18.48357,40.05516],[18.43409,40.02253],[18.39259,39.91608],[18.40008,39.87857],[18.38917,39.81708],[18.36834,39.79662],[18.34653,39.79804],[18.28207,39.8332],[18.21127,39.83934],[18.07154,39.91153],[17.99537,39.99527],[18.02027,40.0102],[18.0158,40.0362],[17.96746,40.05732],[18.00294,40.07445],[18.011,40.09601],[17.99724,40.12043],[17.92604,40.17626],[17.917,40.22687],[17.89967,40.24909],[17.91277,40.25532],[17.86313,40.28563],[17.51205,40.3037],[17.44044,40.331],[17.39942,40.331],[17.20021,40.4204],[17.24301,40.44139],[17.24789,40.45734],[17.22755,40.47443],[17.29575,40.47321],[17.32325,40.49848],[17.26173,40.48871],[17.26857,40.49616],[17.24741,40.50283],[17.18995,40.48188],[17.15602,40.5124],[17.04957,40.51911],[16.97608,40.49262],[16.91212,40.44522],[16.86329,40.39094],[16.86328,40.39092],[16.86328,40.39092],[16.86328,40.39092],[16.85899,40.39412],[16.8547,40.39733],[16.848,40.40151],[16.84747,40.4021],[16.84418,40.4057],[16.83838,40.41412],[16.83548,40.41761],[16.83095,40.42221],[16.82583,40.42543],[16.82071,40.42865],[16.81939,40.42981],[16.81808,40.43097],[16.8161,40.43298],[16.8128,40.43634],[16.79729,40.46348],[16.79448,40.46656],[16.79167,40.46965],[16.78965,40.47108],[16.7863,40.47345],[16.77694,40.47381],[16.77275,40.4733],[16.74787,40.4671],[16.74563,40.46699],[16.7435,40.46735],[16.72805,40.48461],[16.71597,40.53794],[16.71131,40.55153],[16.71333,40.5967],[16.71333,40.5967],[16.7107,40.6367],[16.72045,40.66656],[16.72076,40.66873],[16.72076,40.66873],[16.71999,40.67395],[16.71748,40.6786],[16.71193,40.68519],[16.7055,40.68887],[16.70355,40.68976],[16.70125,40.69111],[16.69984,40.69194],[16.69705,40.69434],[16.69682,40.69578],[16.69659,40.69721],[16.698,40.69975],[16.69828,40.70025],[16.69828,40.70025],[16.70556,40.70277],[16.71502,40.70604],[16.71566,40.71539],[16.71566,40.71539],[16.70939,40.72082],[16.69457,40.73364],[16.69287,40.73467],[16.69116,40.73571],[16.68854,40.73649],[16.68417,40.73779],[16.65328,40.74387],[16.62894,40.75606],[16.62103,40.75849],[16.58688,40.76231],[16.57835,40.76077],[16.57477,40.75808],[16.57603,40.75472],[16.57679,40.75136],[16.56935,40.74927],[16.54799,40.75836],[16.5448,40.75916],[16.5414,40.75836],[16.53799,40.75757],[16.53597,40.75467],[16.53597,40.75178],[16.53799,40.74904],[16.54605,40.74129],[16.54741,40.73951],[16.54823,40.73844],[16.54892,40.73697],[16.54961,40.7355],[16.54961,40.7355],[16.54951,40.7349],[16.549,40.73214],[16.54621,40.73012],[16.54109,40.73047],[16.53871,40.73163],[16.53474,40.73356],[16.52901,40.73875],[16.52558,40.74186],[16.52217,40.74666],[16.51876,40.75147],[16.51644,40.756],[16.51567,40.75751],[16.51525,40.75791],[16.51318,40.75989],[16.50996,40.76097],[16.49778,40.75782],[16.48201,40.7471],[16.47607,40.74307],[16.46954,40.73728],[16.45359,40.72317],[16.43509,40.70961],[16.43153,40.7078],[16.42797,40.70599]]]}},{"type":"Feature","properties":{"name":"Sicilia","label":{"no":"Sicilia","en":"Sicily"},"short":"Sicilia","neighbours":[]},"geometry":{"type":"MultiPolygon","coordinates":[[[[12.59832,35.49433],[12.59392,35.49445],[12.52613,35.51667],[12.62371,35.51191],[12.62127,35.49234],[12.59832,35.49433]]],[[[12.86704,35.87226],[12.87672,35.85586],[12.85694,35.85228],[12.84702,35.86831],[12.86704,35.87226]]],[[[11.92498,36.81196],[11.92221,36.82836],[11.94614,36.8417],[11.98732,36.82416],[11.99952,36.83592],[12.05152,36.79035],[12.05348,36.76765],[12.03061,36.74136],[11.96119,36.7652],[11.92498,36.81196]]],[[[13.56918,37.2735],[13.45265,37.29881],[13.27801,37.3937],[13.25327,37.43179],[13.17408,37.48701],[13.05152,37.50068],[13.02638,37.49323],[13.00001,37.53547],[12.94264,37.56851],[12.86215,37.5764],[12.65935,37.56513],[12.57781,37.652],[12.5062,37.66551],[12.42701,37.79702],[12.42742,37.80927],[12.46502,37.82282],[12.47869,37.88117],[12.46412,37.91291],[12.50294,37.99706],[12.49293,38.02143],[12.57635,38.07172],[12.60841,38.0624],[12.65162,38.0915],[12.66245,38.11628],[12.7046,38.11083],[12.72535,38.12592],[12.7199,38.17548],[12.73178,38.19278],[12.7378,38.18098],[12.76092,38.18098],[12.81837,38.07795],[12.90113,38.02806],[12.94418,38.03286],[13.06137,38.08348],[13.0713,38.09553],[13.0547,38.14183],[13.08937,38.166],[13.08375,38.17471],[13.10092,38.19009],[13.2072,38.17609],[13.23032,38.18464],[13.23902,38.20702],[13.31813,38.22065],[13.32838,38.20018],[13.37192,38.1728],[13.39137,38.10318],[13.51352,38.11054],[13.54127,38.09406],[13.54737,38.05622],[13.65113,38.00096],[13.71192,37.98794],[13.70509,37.98045],[13.79078,37.97362],[14.02052,38.04938],[14.08326,38.02383],[14.15138,38.02888],[14.2732,38.01512],[14.38461,38.02953],[14.4319,38.04938],[14.46412,38.03718],[14.51173,38.04438],[14.63461,38.08149],[14.73373,38.15762],[14.79811,38.16035],[14.90707,38.18769],[14.945,38.18179],[14.96974,38.15925],[15.049,38.1518],[15.0879,38.12824],[15.17742,38.15632],[15.24073,38.24116],[15.23715,38.2648],[15.24537,38.21723],[15.29184,38.20702],[15.39967,38.23257],[15.52866,38.30264],[15.65162,38.2753],[15.56967,38.22696],[15.55991,38.19977],[15.57594,38.20018],[15.50034,38.08495],[15.39259,37.97614],[15.26629,37.81192],[15.21306,37.76146],[15.20655,37.74775],[15.22023,37.70673],[15.20216,37.68537],[15.16383,37.56769],[15.09669,37.49445],[15.09669,37.3437],[15.11069,37.32184],[15.21746,37.28498],[15.25196,37.25772],[15.26124,37.23383],[15.24488,37.24616],[15.22023,37.22016],[15.22169,37.23745],[15.20541,37.2447],[15.19288,37.23998],[15.19907,37.22761],[15.18344,37.20746],[15.21648,37.15522],[15.24757,37.15868],[15.22918,37.14964],[15.24659,37.11823],[15.30323,37.10122],[15.30274,37.06249],[15.28793,37.069],[15.2837,37.04841],[15.32106,37.04023],[15.33237,37.01162],[15.30893,37.01777],[15.26808,37.00043],[15.26808,36.97309],[15.17465,36.94408],[15.15838,36.92422],[15.094,36.79955],[15.13494,36.68769],[15.11451,36.6599],[15.07358,36.65913],[15.02101,36.69937],[14.99781,36.70222],[14.98243,36.68887],[14.88217,36.73066],[14.78077,36.69937],[14.74431,36.71914],[14.68458,36.72602],[14.65895,36.75381],[14.5822,36.78132],[14.48732,36.79336],[14.39454,36.94501],[14.33459,37.00058],[14.35176,37.00257],[14.44402,37.05286],[14.33459,37.00058],[14.27882,37.04401],[14.12631,37.11225],[13.97633,37.1103],[13.93849,37.09593],[13.89438,37.10082],[13.83269,37.13955],[13.71583,37.17137],[13.56918,37.2735]],[[14.43446,37.09226],[14.43222,37.08686],[14.43222,37.08686],[14.43446,37.09226]],[[14.38126,37.19832],[14.38126,37.19832],[14.38506,37.19113],[14.38126,37.19832]],[[14.38302,37.23834],[14.37974,37.24801],[14.38302,37.23834],[14.38302,37.23834]],[[14.35404,37.28437],[14.35404,37.28437],[14.35787,37.27981],[14.35404,37.28437]],[[14.1424,37.48347],[14.1424,37.48347],[14.12226,37.46671],[14.1424,37.48347]],[[14.14275,37.48403],[14.1424,37.48347],[14.1424,37.48347],[14.14275,37.48403]],[[14.1384,37.54743],[14.1384,37.54743],[14.13781,37.54473],[14.1384,37.54743]],[[14.1569,37.60153],[14.1569,37.60153],[14.15676,37.5944],[14.1569,37.60153]],[[14.14833,37.62376],[14.15134,37.62928],[14.14833,37.62376],[14.13493,37.61675],[14.14833,37.62376]],[[14.76156,37.90878],[14.76166,37.91544],[14.76166,37.91544],[14.76156,37.90878]],[[14.49862,37.84229],[14.49915,37.843],[14.49862,37.84229],[14.49862,37.84229]],[[14.25978,37.80908],[14.26307,37.819],[14.25978,37.80908],[14.25978,37.80908]]],[[[12.27866,37.92919],[12.2732,37.93952],[12.31422,37.94636],[12.36883,37.92524],[12.34213,37.91323],[12.27866,37.92919]]],[[[12.04762,37.96076],[12.03045,37.98436],[12.06446,37.98623],[12.07927,37.95026],[12.04762,37.96076]]],[[[13.15349,38.69477],[13.16928,38.71727],[13.19744,38.70832],[13.17677,38.69302],[13.15349,38.69477]]],[[[14.34278,38.54727],[14.35719,38.55121],[14.36085,38.53905],[14.34645,38.53514],[14.34278,38.54727]]],[[[14.58546,38.55744],[14.55161,38.56159],[14.54249,38.58686],[14.56398,38.58454],[14.5796,38.56615],[14.58546,38.55744]]],[[[14.94825,38.39643],[14.94532,38.41226],[14.96632,38.43293],[14.96632,38.41869],[14.99366,38.40302],[15.00733,38.37767],[14.98683,38.36408],[14.94825,38.39643]]],[[[14.96632,38.45344],[14.94874,38.45091],[14.89942,38.48168],[14.90968,38.51533],[14.92482,38.52237],[14.96608,38.51626],[14.95883,38.50186],[14.97934,38.48139],[14.95265,38.48139],[14.96632,38.45344]]],[[[14.86166,38.53929],[14.79379,38.5716],[14.85141,38.58491],[14.86695,38.58112],[14.87192,38.56525],[14.86166,38.53929]]],[[[15.18702,38.78901],[15.21209,38.81045],[15.23927,38.80402],[15.21746,38.77302],[15.18702,38.78901]]]]}},{"type":"Feature","properties":{"name":"Abruzzo","label":{"no":"Abruzzo","en":"Abruzzo"},"short":"Abruzzo","neighbours":["Lazio","Marche","Molise"]},"geometry":{"type":"Polygon","coordinates":[[[14.36509,41.8699],[14.35828,41.86272],[14.35393,41.8614],[14.34804,41.86205],[14.33875,41.86602],[14.33363,41.86912],[14.32976,41.87218],[14.32743,41.87481],[14.32121,41.88385],[14.31884,41.88653],[14.31574,41.88881],[14.31218,41.89072],[14.29467,41.89693],[14.2883,41.9006],[14.28615,41.90217],[14.28443,41.90379],[14.28287,41.90623],[14.27637,41.9053],[14.27171,41.90388],[14.22959,41.87748],[14.22941,41.87737],[14.22763,41.87625],[14.21788,41.86117],[14.21447,41.85734],[14.21168,41.85471],[14.19162,41.83957],[14.18496,41.83951],[14.16062,41.84184],[14.15473,41.83946],[14.14941,41.83487],[14.14227,41.82417],[14.14165,41.81868],[14.14319,41.81471],[14.14972,41.80895],[14.15358,41.80438],[14.1569,41.7992],[14.16,41.7915],[14.16185,41.78846],[14.1665,41.78282],[14.16945,41.7804],[14.18061,41.77466],[14.18371,41.77254],[14.18604,41.77047],[14.18711,41.76826],[14.18711,41.76598],[14.18294,41.76293],[14.17518,41.76006],[14.15411,41.75482],[14.13855,41.74918],[14.11359,41.73714],[14.09881,41.72508],[14.09479,41.72345],[14.08734,41.72468],[14.07479,41.73114],[14.06921,41.73097],[14.06299,41.72877],[14.05431,41.72216],[14.0352,41.70356],[14.03054,41.70087],[14.01333,41.69327],[14.00775,41.68965],[14.00125,41.68748],[13.99457,41.68691],[13.9646,41.69208],[13.9457,41.68818],[13.89185,41.72365],[13.87277,41.73066],[13.85878,41.73037],[13.84296,41.73378],[13.83072,41.73864],[13.81066,41.74918],[13.80075,41.75262],[13.79391,41.75352],[13.7902,41.75169],[13.78695,41.74955],[13.78152,41.74813],[13.77361,41.74758],[13.75889,41.74918],[13.74999,41.75184],[13.74426,41.75461],[13.74146,41.7575],[13.73929,41.7605],[13.73573,41.76665],[13.73015,41.78003],[13.72751,41.7842],[13.72318,41.78846],[13.71481,41.79479],[13.65568,41.80949],[13.64663,41.81052],[13.64246,41.80939],[13.63859,41.80778],[13.63191,41.80337],[13.61517,41.78831],[13.59919,41.77799],[13.57885,41.7699],[13.56272,41.7683],[13.54521,41.7682],[13.53604,41.76923],[13.52934,41.77078],[13.52545,41.77267],[13.52205,41.77497],[13.5191,41.77745],[13.51693,41.78019],[13.51523,41.78313],[13.51383,41.78644],[13.50917,41.79089],[13.50144,41.79595],[13.40522,41.8316],[13.39994,41.83217],[13.39467,41.83208],[13.38986,41.83153],[13.37747,41.82897],[13.36685,41.82768],[13.36112,41.82866],[13.3571,41.83083],[13.35538,41.83393],[13.35431,41.8375],[13.35369,41.84137],[13.35354,41.84553],[13.35538,41.87155],[13.35664,41.87554],[13.35848,41.87884],[13.36718,41.89119],[13.36894,41.89483],[13.36986,41.89878],[13.37017,41.9031],[13.36861,41.90778],[13.36375,41.91248],[13.35323,41.9192],[13.34158,41.9223],[13.33075,41.92711],[13.31695,41.94085],[13.31177,41.94395],[13.30667,41.94607],[13.29786,41.94705],[13.29786,41.94705],[13.29566,41.94729],[13.28015,41.94682],[13.09705,42.02367],[13.09226,42.02271],[13.08916,42.02053],[13.08229,42.01889],[13.07205,42.01904],[13.04911,42.02319],[13.03623,42.02803],[13.02843,42.03193],[13.02564,42.03516],[13.02379,42.0381],[13.01788,42.05138],[13.01696,42.05465],[13.01199,42.09903],[13.01199,42.10228],[13.01371,42.10846],[13.02958,42.11564],[13.03029,42.11596],[13.05128,42.12547],[13.0733,42.14125],[13.07732,42.14552],[13.07965,42.14861],[13.08167,42.1519],[13.08543,42.16228],[13.08956,42.17055],[13.09426,42.17313],[13.09876,42.17365],[13.14238,42.15872],[13.17308,42.15299],[13.18951,42.14622],[13.20771,42.13613],[13.21313,42.13381],[13.22041,42.13158],[13.2339,42.12906],[13.2415,42.12906],[13.24708,42.13024],[13.25484,42.13562],[13.26077,42.13862],[13.26481,42.13802],[13.27503,42.13353],[13.28465,42.13143],[13.29054,42.13174],[13.29551,42.13322],[13.29907,42.13523],[13.30217,42.13756],[13.3048,42.14024],[13.30652,42.14307],[13.30713,42.14642],[13.30573,42.14936],[13.3017,42.15521],[13.30061,42.15872],[13.30186,42.16312],[13.30542,42.16745],[13.31726,42.17267],[13.35461,42.17866],[13.36375,42.18177],[13.36749,42.18518],[13.36551,42.18787],[13.36176,42.18982],[13.35725,42.19097],[13.35198,42.19164],[13.33539,42.19179],[13.32469,42.19345],[13.32036,42.19502],[13.31695,42.19691],[13.31456,42.19983],[13.31302,42.20308],[13.31084,42.21029],[13.3095,42.21381],[13.30759,42.2167],[13.30511,42.21902],[13.30263,42.2205],[13.29999,42.22158],[13.28076,42.22518],[13.27659,42.22675],[13.27285,42.22869],[13.26991,42.23107],[13.26712,42.23359],[13.25534,42.25148],[13.25297,42.25421],[13.25018,42.2567],[13.23034,42.26956],[13.22755,42.27214],[13.22304,42.27824],[13.21994,42.2847],[13.21746,42.29184],[13.21452,42.30723],[13.21298,42.31046],[13.21096,42.31349],[13.20599,42.31884],[13.19975,42.32342],[13.1892,42.32931],[13.16332,42.33856],[13.16005,42.34078],[13.15756,42.3445],[13.15603,42.34936],[13.15556,42.35775],[13.15649,42.36228],[13.15943,42.36723],[13.1751,42.38739],[13.17835,42.39477],[13.17835,42.39995],[13.17556,42.40232],[13.17152,42.40408],[13.15293,42.40935],[13.14517,42.41318],[13.14188,42.41532],[13.13645,42.4204],[13.1324,42.42638],[13.13087,42.4308],[13.12946,42.43619],[13.12854,42.44527],[13.12977,42.45074],[13.13179,42.45485],[13.13458,42.45741],[13.14873,42.4649],[13.15323,42.46792],[13.15789,42.47199],[13.1647,42.48015],[13.16657,42.48562],[13.16688,42.49028],[13.16486,42.4967],[13.16455,42.49906],[13.16517,42.50526],[13.1647,42.50893],[13.16347,42.51234],[13.1613,42.51524],[13.15835,42.51777],[13.1551,42.51998],[13.14403,42.52577],[13.14047,42.52856],[13.13768,42.53221],[13.13535,42.53829],[13.13629,42.54229],[13.1386,42.54542],[13.14188,42.54743],[13.14609,42.54869],[13.16222,42.54986],[13.16796,42.55141],[13.17431,42.55738],[13.1771,42.56474],[13.17958,42.57763],[13.18237,42.5834],[13.18611,42.58691],[13.19043,42.58768],[13.19571,42.58747],[13.20615,42.58592],[13.2201,42.58198],[13.23064,42.58009],[13.25875,42.57965],[13.26371,42.57879],[13.2727,42.57606],[13.27674,42.57436],[13.28604,42.57224],[13.29131,42.57218],[13.30619,42.57394],[13.32796,42.57306],[13.33337,42.57358],[13.33802,42.57456],[13.36894,42.58598],[13.37588,42.60377],[13.37588,42.60377],[13.38645,42.63084],[13.38676,42.63693],[13.3863,42.64443],[13.38335,42.64665],[13.37977,42.64867],[13.37575,42.65032],[13.3712,42.65171],[13.36035,42.65362],[13.35569,42.65496],[13.35182,42.65662],[13.34796,42.65962],[13.34391,42.66352],[13.33833,42.67016],[13.33616,42.67548],[13.33523,42.67954],[13.33756,42.68766],[13.41157,42.69512],[13.41994,42.6977],[13.42976,42.70173],[13.43145,42.71021],[13.43301,42.71532],[13.43611,42.72107],[13.44371,42.72876],[13.45193,42.73254],[13.46169,42.73527],[13.47797,42.73816],[13.48531,42.74085],[13.49012,42.74411],[13.49166,42.74768],[13.49291,42.75171],[13.49429,42.76023],[13.4957,42.76416],[13.4977,42.76744],[13.50018,42.77042],[13.50855,42.77822],[13.51104,42.78101],[13.52189,42.79811],[13.53042,42.80746],[13.53637,42.81115],[13.54241,42.81263],[13.54674,42.81144],[13.55063,42.80949],[13.55714,42.80513],[13.56085,42.80343],[13.5652,42.80225],[13.57063,42.80215],[13.57729,42.80312],[13.60477,42.81072],[13.61115,42.81163],[13.61609,42.81103],[13.6251,42.80855],[13.63022,42.80773],[13.6378,42.80746],[13.66498,42.81144],[13.68172,42.81702],[13.68855,42.82136],[13.69135,42.8239],[13.69398,42.82674],[13.69598,42.83025],[13.69677,42.83392],[13.69785,42.84313],[13.70002,42.8476],[13.70389,42.85263],[13.71279,42.86007],[13.71914,42.86302],[13.72518,42.86454],[13.74008,42.86379],[13.76073,42.86865],[13.81707,42.88715],[13.88859,42.90012],[13.90553,42.90156],[13.98048,42.73037],[14.07537,42.59882],[14.22055,42.47016],[14.38738,42.37295],[14.42905,42.32172],[14.56023,42.22565],[14.70924,42.17548],[14.7295,42.09911],[14.76337,42.07795],[14.76234,42.07485],[14.76341,42.06503],[14.76234,42.06193],[14.75985,42.05769],[14.75443,42.05081],[14.74931,42.04157],[14.74823,42.03754],[14.74777,42.02948],[14.74854,42.0218],[14.74838,42.01805],[14.74434,42.01304],[14.67346,41.95941],[14.66337,41.95411],[14.6503,41.95035],[14.64705,41.94767],[14.64549,41.94121],[14.64597,41.93669],[14.64782,41.92881],[14.64843,41.92493],[14.64456,41.91879],[14.63448,41.90819],[14.60952,41.88804],[14.5766,41.85564],[14.55738,41.83192],[14.53191,41.80763],[14.5274,41.80071],[14.52477,41.7951],[14.51934,41.78985],[14.51455,41.78613],[14.49038,41.77608],[14.47342,41.76902],[14.4576,41.76583],[14.45232,41.76572],[14.44846,41.7669],[14.44736,41.77065],[14.4483,41.77403],[14.45156,41.78107],[14.45232,41.78468],[14.45171,41.78808],[14.45015,41.79129],[14.44536,41.7968],[14.44009,41.80184],[14.43512,41.80737],[14.43325,41.81048],[14.43233,41.81394],[14.43233,41.81799],[14.43481,41.82995],[14.43428,41.8337],[14.43294,41.83703],[14.43088,41.83982],[14.42824,41.84238],[14.4222,41.84701],[14.38748,41.86556],[14.38329,41.86851],[14.38034,41.87151],[14.37672,41.87326],[14.37239,41.87361],[14.36509,41.8699]]]}},{"type":"Feature","properties":{"name":"Lazio","label":{"no":"Lazio","en":"Lazio"},"short":"Lazio","neighbours":["Abruzzo","Campania","Marche","Molise","Toscana","Umbria"]},"geometry":{"type":"MultiPolygon","coordinates":[[[[11.45154,42.37447],[11.45158,42.37457],[11.46176,42.39657],[11.47193,42.41857],[11.47333,42.42034],[11.47472,42.42212],[11.47674,42.424],[11.47876,42.42589],[11.48295,42.42819],[11.48714,42.43049],[11.49008,42.43161],[11.49302,42.43273],[11.49558,42.43339],[11.49814,42.43405],[11.59017,42.44196],[11.60058,42.44653],[11.60181,42.44739],[11.60476,42.4524],[11.60724,42.45968],[11.60955,42.47462],[11.60955,42.48216],[11.60785,42.48733],[11.60654,42.48869],[11.59933,42.49472],[11.58878,42.50082],[11.5712,42.511],[11.56593,42.51612],[11.56637,42.51804],[11.56687,42.52025],[11.56687,42.52025],[11.57059,42.5248],[11.57806,42.53035],[11.58553,42.5359],[11.58669,42.53936],[11.58786,42.54282],[11.58786,42.54282],[11.58755,42.54743],[11.58661,42.55167],[11.58591,42.55345],[11.58522,42.55523],[11.58443,42.5588],[11.58507,42.5627],[11.58704,42.56488],[11.58817,42.56614],[11.5918,42.56769],[11.59544,42.56924],[11.59831,42.56938],[11.60117,42.56952],[11.6035,42.56898],[11.60583,42.56843],[11.60963,42.56472],[11.61344,42.561],[11.61959,42.56002],[11.62055,42.56014],[11.67116,42.57704],[11.67502,42.57879],[11.67828,42.58091],[11.68107,42.5835],[11.68426,42.58719],[11.69383,42.59828],[11.69865,42.60174],[11.70097,42.60284],[11.72143,42.60815],[11.72888,42.61151],[11.73205,42.61384],[11.73523,42.61616],[11.74001,42.6221],[11.74112,42.62365],[11.74526,42.63104],[11.7494,42.63843],[11.7514,42.64112],[11.75264,42.6422],[11.75388,42.64328],[11.75761,42.6451],[11.75916,42.64567],[11.76117,42.6462],[11.76318,42.64672],[11.77094,42.64759],[11.77869,42.64846],[11.78087,42.64902],[11.78304,42.64959],[11.78449,42.65021],[11.78691,42.65125],[11.78817,42.65609],[11.78893,42.65899],[11.78985,42.67109],[11.78985,42.67109],[11.7883,42.68571],[11.78676,42.70034],[11.78676,42.70034],[11.78893,42.71098],[11.79218,42.71752],[11.80088,42.72488],[11.80308,42.72793],[11.80664,42.73466],[11.80789,42.73835],[11.80789,42.73835],[11.8076,42.73991],[11.80712,42.74251],[11.804,42.74659],[11.79974,42.74893],[11.79548,42.75127],[11.79274,42.75325],[11.79001,42.75522],[11.78688,42.75858],[11.78583,42.7597],[11.78521,42.76164],[11.7821,42.77137],[11.77761,42.77682],[11.77388,42.78065],[11.74723,42.79848],[11.75048,42.80633],[11.75265,42.80865],[11.76474,42.81874],[11.76924,42.82036],[11.77467,42.82095],[11.78381,42.81897],[11.78878,42.81635],[11.79581,42.8114],[11.80086,42.81113],[11.80805,42.81335],[11.8327,42.83258],[11.84061,42.83579],[11.88902,42.85039],[11.93309,42.7911],[11.94814,42.77631],[11.96069,42.77109],[11.97036,42.76503],[11.97346,42.76029],[11.97392,42.75597],[11.97253,42.75251],[11.97082,42.74932],[11.96882,42.74628],[11.96643,42.74336],[11.96355,42.74068],[11.95667,42.73657],[11.94489,42.73223],[11.9376,42.72866],[11.93373,42.72589],[11.93061,42.72262],[11.928,42.7166],[11.92846,42.71253],[11.9303,42.7091],[11.94876,42.69171],[11.95434,42.68747],[11.95961,42.68463],[11.98556,42.67543],[11.99563,42.66923],[12.01986,42.64843],[12.02514,42.64556],[12.02979,42.6454],[12.03366,42.64603],[12.0642,42.65569],[12.09341,42.66058],[12.09853,42.66071],[12.11852,42.65693],[12.12395,42.6568],[12.12874,42.65735],[12.13263,42.65899],[12.13592,42.66117],[12.13871,42.6637],[12.14601,42.67225],[12.14895,42.67455],[12.15236,42.67581],[12.15656,42.67543],[12.2045,42.65456],[12.21975,42.65507],[12.22151,42.65293],[12.23583,42.64758],[12.24058,42.6391],[12.24524,42.61981],[12.24754,42.59884],[12.24548,42.58552],[12.25912,42.56564],[12.26244,42.56427],[12.26723,42.56567],[12.27154,42.5661],[12.27338,42.56192],[12.27266,42.54836],[12.27567,42.53606],[12.27743,42.51901],[12.28022,42.5104],[12.28378,42.50622],[12.29525,42.49699],[12.30067,42.48991],[12.31902,42.49802],[12.34284,42.49193],[12.3936,42.4625],[12.41737,42.44149],[12.41792,42.43911],[12.41673,42.43074],[12.41737,42.42847],[12.42036,42.42816],[12.42831,42.42917],[12.43106,42.42847],[12.43561,42.42599],[12.44697,42.42356],[12.45152,42.42103],[12.45152,42.41482],[12.44536,42.41113],[12.44066,42.40677],[12.43106,42.39309],[12.43871,42.38904],[12.44697,42.38793],[12.45571,42.3894],[12.46393,42.38682],[12.46513,42.38693],[12.50396,42.39059],[12.50985,42.3894],[12.51623,42.38716],[12.52258,42.37524],[12.52835,42.3695],[12.53301,42.36847],[12.53688,42.36935],[12.54929,42.37876],[12.57628,42.39022],[12.58702,42.39612],[12.5926,42.401],[12.60392,42.41581],[12.60763,42.42232],[12.61167,42.4338],[12.61229,42.43783],[12.61198,42.44177],[12.61088,42.44521],[12.60935,42.4485],[12.60809,42.45234],[12.6084,42.45679],[12.61214,42.46312],[12.61693,42.46557],[12.6222,42.46609],[12.6264,42.46465],[12.62965,42.46237],[12.64349,42.44563],[12.65202,42.44382],[12.66566,42.44345],[12.69888,42.44756],[12.71301,42.45064],[12.72215,42.454],[12.72464,42.45679],[12.72633,42.45974],[12.72758,42.46314],[12.72743,42.46681],[12.72617,42.47017],[12.71842,42.48248],[12.71673,42.48598],[12.71611,42.48961],[12.71765,42.49405],[12.72138,42.49626],[12.75522,42.5003],[12.75584,42.50058],[12.75801,42.50182],[12.76313,42.50559],[12.76577,42.50821],[12.77647,42.52407],[12.78003,42.52707],[12.86944,42.55941],[12.88011,42.56469],[12.88167,42.56797],[12.88167,42.57166],[12.8806,42.57528],[12.87904,42.57843],[12.87717,42.58143],[12.87919,42.59032],[12.90198,42.6096],[12.98798,42.608],[12.99741,42.60873],[12.99929,42.60887],[13.00171,42.61044],[13.00378,42.61234],[13.00564,42.61494],[13.01263,42.62678],[13.01758,42.63156],[13.02674,42.63177],[13.03562,42.62768],[13.04181,42.62562],[13.04762,42.62461],[13.05282,42.62371],[13.05527,42.62372],[13.05935,42.62375],[13.09081,42.63073],[13.09597,42.63275],[13.11241,42.64427],[13.12322,42.64575],[13.1259,42.64563],[13.1346,42.6441],[13.1433,42.64257],[13.14937,42.64324],[13.15385,42.6451],[13.15649,42.64779],[13.15773,42.64928],[13.16099,42.65393],[13.16578,42.66458],[13.16982,42.67119],[13.17448,42.67683],[13.18006,42.68202],[13.18564,42.68722],[13.18672,42.68877],[13.18905,42.69399],[13.1889,42.69758],[13.18795,42.70119],[13.18378,42.71127],[13.18332,42.71517],[13.18424,42.71987],[13.18485,42.72172],[13.18547,42.72357],[13.18687,42.72528],[13.19448,42.7346],[13.24227,42.73558],[13.24723,42.73633],[13.25158,42.73757],[13.26187,42.74323],[13.26481,42.74422],[13.26791,42.74462],[13.27441,42.74307],[13.28248,42.73951],[13.30419,42.72589],[13.31168,42.71925],[13.33756,42.68766],[13.33523,42.67954],[13.33616,42.67548],[13.33833,42.67016],[13.34391,42.66352],[13.34796,42.65962],[13.35182,42.65662],[13.35569,42.65496],[13.36035,42.65362],[13.3712,42.65171],[13.37575,42.65032],[13.37977,42.64867],[13.38335,42.64665],[13.3863,42.64443],[13.38676,42.63693],[13.38645,42.63084],[13.37588,42.60377],[13.37588,42.60377],[13.36894,42.58598],[13.33802,42.57456],[13.33337,42.57358],[13.32796,42.57306],[13.30619,42.57394],[13.29131,42.57218],[13.28604,42.57224],[13.27674,42.57436],[13.2727,42.57606],[13.26371,42.57879],[13.25875,42.57965],[13.23064,42.58009],[13.2201,42.58198],[13.20615,42.58592],[13.19571,42.58747],[13.19043,42.58768],[13.18611,42.58691],[13.18237,42.5834],[13.17958,42.57763],[13.1771,42.56474],[13.17431,42.55738],[13.16796,42.55141],[13.16222,42.54986],[13.14609,42.54869],[13.14188,42.54743],[13.1386,42.54542],[13.13629,42.54229],[13.13535,42.53829],[13.13768,42.53221],[13.14047,42.52856],[13.14403,42.52577],[13.1551,42.51998],[13.15835,42.51777],[13.1613,42.51524],[13.16347,42.51234],[13.1647,42.50893],[13.16517,42.50526],[13.16455,42.49906],[13.16486,42.4967],[13.16688,42.49028],[13.16657,42.48562],[13.1647,42.48015],[13.15789,42.47199],[13.15323,42.46792],[13.14873,42.4649],[13.13458,42.45741],[13.13179,42.45485],[13.12977,42.45074],[13.12854,42.44527],[13.12946,42.43619],[13.13087,42.4308],[13.1324,42.42638],[13.13645,42.4204],[13.14188,42.41532],[13.14517,42.41318],[13.15293,42.40935],[13.17152,42.40408],[13.17556,42.40232],[13.17835,42.39995],[13.17835,42.39477],[13.1751,42.38739],[13.15943,42.36723],[13.15649,42.36228],[13.15556,42.35775],[13.15603,42.34936],[13.15756,42.3445],[13.16005,42.34078],[13.16332,42.33856],[13.1892,42.32931],[13.19975,42.32342],[13.20599,42.31884],[13.21096,42.31349],[13.21298,42.31046],[13.21452,42.30723],[13.21746,42.29184],[13.21994,42.2847],[13.22304,42.27824],[13.22755,42.27214],[13.23034,42.26956],[13.25018,42.2567],[13.25297,42.25421],[13.25534,42.25148],[13.26712,42.23359],[13.26991,42.23107],[13.27285,42.22869],[13.27659,42.22675],[13.28076,42.22518],[13.29999,42.22158],[13.30263,42.2205],[13.30511,42.21902],[13.30759,42.2167],[13.3095,42.21381],[13.31084,42.21029],[13.31302,42.20308],[13.31456,42.19983],[13.31695,42.19691],[13.32036,42.19502],[13.32469,42.19345],[13.33539,42.19179],[13.35198,42.19164],[13.35725,42.19097],[13.36176,42.18982],[13.36551,42.18787],[13.36749,42.18518],[13.36375,42.18177],[13.35461,42.17866],[13.31726,42.17267],[13.30542,42.16745],[13.30186,42.16312],[13.30061,42.15872],[13.3017,42.15521],[13.30573,42.14936],[13.30713,42.14642],[13.30652,42.14307],[13.3048,42.14024],[13.30217,42.13756],[13.29907,42.13523],[13.29551,42.13322],[13.29054,42.13174],[13.28465,42.13143],[13.27503,42.13353],[13.26481,42.13802],[13.26077,42.13862],[13.25484,42.13562],[13.24708,42.13024],[13.2415,42.12906],[13.2339,42.12906],[13.22041,42.13158],[13.21313,42.13381],[13.20771,42.13613],[13.18951,42.14622],[13.17308,42.15299],[13.14238,42.15872],[13.09876,42.17365],[13.09426,42.17313],[13.08956,42.17055],[13.08543,42.16228],[13.08167,42.1519],[13.07965,42.14861],[13.07732,42.14552],[13.0733,42.14125],[13.05128,42.12547],[13.03029,42.11596],[13.02958,42.11564],[13.01371,42.10846],[13.01199,42.10228],[13.01199,42.09903],[13.01696,42.05465],[13.01788,42.05138],[13.02379,42.0381],[13.02564,42.03516],[13.02843,42.03193],[13.03623,42.02803],[13.04911,42.02319],[13.07205,42.01904],[13.08229,42.01889],[13.08916,42.02053],[13.09226,42.02271],[13.09705,42.02367],[13.28015,41.94682],[13.29566,41.94729],[13.29786,41.94705],[13.29786,41.94705],[13.30667,41.94607],[13.31177,41.94395],[13.31695,41.94085],[13.33075,41.92711],[13.34158,41.9223],[13.35323,41.9192],[13.36375,41.91248],[13.36861,41.90778],[13.37017,41.9031],[13.36986,41.89878],[13.36894,41.89483],[13.36718,41.89119],[13.35848,41.87884],[13.35664,41.87554],[13.35538,41.87155],[13.35354,41.84553],[13.35369,41.84137],[13.35431,41.8375],[13.35538,41.83393],[13.3571,41.83083],[13.36112,41.82866],[13.36685,41.82768],[13.37747,41.82897],[13.38986,41.83153],[13.39467,41.83208],[13.39994,41.83217],[13.40522,41.8316],[13.50144,41.79595],[13.50917,41.79089],[13.51383,41.78644],[13.51523,41.78313],[13.51693,41.78019],[13.5191,41.77745],[13.52205,41.77497],[13.52545,41.77267],[13.52934,41.77078],[13.53604,41.76923],[13.54521,41.7682],[13.56272,41.7683],[13.57885,41.7699],[13.59919,41.77799],[13.61517,41.78831],[13.63191,41.80337],[13.63859,41.80778],[13.64246,41.80939],[13.64663,41.81052],[13.65568,41.80949],[13.71481,41.79479],[13.72318,41.78846],[13.72751,41.7842],[13.73015,41.78003],[13.73573,41.76665],[13.73929,41.7605],[13.74146,41.7575],[13.74426,41.75461],[13.74999,41.75184],[13.75889,41.74918],[13.77361,41.74758],[13.78152,41.74813],[13.78695,41.74955],[13.7902,41.75169],[13.79391,41.75352],[13.80075,41.75262],[13.81066,41.74918],[13.83072,41.73864],[13.84296,41.73378],[13.85878,41.73037],[13.87277,41.73066],[13.89185,41.72365],[13.9457,41.68818],[13.95159,41.679],[13.95779,41.67384],[13.9677,41.66743],[13.97018,41.66487],[13.97235,41.66185],[13.97407,41.65874],[13.97624,41.65167],[13.97949,41.64536],[13.99257,41.62829],[13.99395,41.62501],[13.99457,41.61746],[13.99426,41.58302],[13.99613,41.57336],[13.9983,41.56738],[14.00327,41.56485],[14.00606,41.56283],[14.00791,41.55881],[14.00867,41.55331],[14.0076,41.53713],[14.00852,41.53225],[14.01008,41.52894],[14.00931,41.52464],[14.00558,41.51938],[13.98088,41.50434],[13.97919,41.50178],[13.98057,41.49775],[13.98294,41.49452],[13.98275,41.49008],[13.98202,41.48651],[13.96181,41.4707],[13.95267,41.47044],[13.94491,41.46812],[13.93825,41.46442],[13.91153,41.4436],[13.90951,41.44238],[13.89681,41.43582],[13.88952,41.43332],[13.8659,41.4277],[13.86218,41.426],[13.86016,41.42303],[13.8597,41.41923],[13.87227,41.40027],[13.87537,41.3936],[13.87556,41.3885],[13.87473,41.38164],[13.86948,41.35815],[13.87258,41.33541],[13.87258,41.33541],[13.86761,41.32158],[13.86791,41.30974],[13.86792,41.30931],[13.86792,41.30931],[13.86699,41.30559],[13.86621,41.30403],[13.86543,41.30247],[13.86427,41.3009],[13.86311,41.29934],[13.86148,41.29768],[13.85985,41.29603],[13.85737,41.29433],[13.85489,41.29262],[13.85078,41.29032],[13.84667,41.28802],[13.8421,41.28711],[13.83753,41.28621],[13.83486,41.28538],[13.8225,41.28058],[13.81749,41.27663],[13.81299,41.26944],[13.81252,41.26708],[13.81206,41.26472],[13.81206,41.26472],[13.81252,41.2603],[13.74366,41.2376],[13.70851,41.25642],[13.59441,41.25312],[13.56365,41.23798],[13.57545,41.20808],[13.54396,41.20661],[13.51441,41.22968],[13.49969,41.22175],[13.48024,41.23916],[13.32439,41.29483],[13.28582,41.29572],[13.18702,41.27802],[13.11451,41.25088],[13.09051,41.22655],[13.04461,41.22753],[12.9795,41.331],[12.89357,41.39932],[12.84156,41.4184],[12.74855,41.42373],[12.65398,41.46564],[12.63526,41.4475],[12.44801,41.63076],[12.32716,41.71137],[12.22348,41.75068],[12.20623,41.82734],[12.14747,41.90347],[12.03883,41.96516],[12.02036,41.99307],[11.98219,41.99974],[11.93458,42.03148],[11.82748,42.03417],[11.75017,42.12792],[11.73618,42.16889],[11.65821,42.27936],[11.53907,42.34886],[11.4515,42.37437],[11.4515,42.37437],[11.45154,42.37447]],[[13.0827,41.56368],[13.08987,41.55888],[13.0968,41.55215],[13.08987,41.55888],[13.0827,41.56368]],[[13.13198,41.55782],[13.16022,41.57021],[13.16771,41.5769],[13.16022,41.57021],[13.13198,41.55782]],[[13.22122,41.54153],[13.2484,41.53732],[13.25709,41.53252],[13.2484,41.53732],[13.22122,41.54153],[13.20498,41.55167],[13.22122,41.54153]],[[13.26366,41.43183],[13.26525,41.43055],[13.27238,41.42651],[13.26525,41.43055],[13.26366,41.43183]],[[13.43095,41.41098],[13.42853,41.40585],[13.42853,41.40585],[13.43095,41.41098]],[[13.43656,41.42931],[13.43679,41.42337],[13.43679,41.42337],[13.43656,41.42931]],[[13.43277,41.44831],[13.43277,41.44831],[13.43312,41.45321],[13.43277,41.44831]],[[13.43928,41.45908],[13.44573,41.46017],[13.45571,41.45765],[13.44573,41.46017],[13.43928,41.45908]],[[13.55751,41.40927],[13.56538,41.40317],[13.56914,41.39736],[13.56538,41.40317],[13.55751,41.40927]],[[13.60384,41.33649],[13.60866,41.3314],[13.61091,41.32974],[13.60866,41.3314],[13.60384,41.33649]],[[13.74512,41.32122],[13.7577,41.31255],[13.76501,41.31156],[13.7577,41.31255],[13.74512,41.32122]],[[12.70221,41.50181],[12.68247,41.50906],[12.67242,41.51986],[12.68247,41.50906],[12.70221,41.50181]],[[12.65259,41.53603],[12.65289,41.53586],[12.65259,41.53603],[12.65259,41.53603]],[[12.64505,41.65942],[12.6498,41.65618],[12.65145,41.65003],[12.6498,41.65618],[12.64505,41.65942]],[[12.65872,41.60568],[12.65988,41.60364],[12.66284,41.60339],[12.65988,41.60364],[12.65872,41.60568]],[[12.85087,41.69421],[12.85353,41.70129],[12.8847,41.70716],[12.85353,41.70129],[12.85087,41.69421]],[[12.92159,41.71263],[12.92465,41.71272],[12.92713,41.71195],[12.92465,41.71272],[12.92159,41.71263]],[[12.95191,41.66976],[12.95346,41.66675],[12.95557,41.66437],[12.95346,41.66675],[12.95191,41.66976]],[[12.98065,41.64452],[13.00362,41.62705],[13.0066,41.62184],[13.00362,41.62705],[12.98065,41.64452]],[[12.45398,41.90386],[12.45303,41.90391],[12.45271,41.90302],[12.45404,41.90275],[12.45398,41.90386]]],[[[13.43198,40.80146],[13.42693,40.79084],[13.41472,40.78587],[13.41896,40.7956],[13.43198,40.80146]]]]}},{"type":"Feature","properties":{"name":"Marche","label":{"no":"Marche","en":"Marche"},"short":"Marche","neighbours":["Abruzzo","Emilia-Romagna","Lazio","Toscana","Umbria"]},"geometry":{"type":"Polygon","coordinates":[[[12.40326,43.52406],[12.39764,43.52316],[12.39256,43.52235],[12.38186,43.52457],[12.31994,43.54618],[12.31615,43.54804],[12.31236,43.5499],[12.31073,43.55099],[12.30909,43.55207],[12.30663,43.55475],[12.30502,43.55794],[12.30502,43.56142],[12.30678,43.56444],[12.30973,43.5667],[12.3139,43.56778],[12.31638,43.56765],[12.33453,43.56509],[12.33716,43.5652],[12.34414,43.56649],[12.34932,43.56964],[12.35079,43.57094],[12.35312,43.57383],[12.35514,43.57703],[12.35635,43.57987],[12.35659,43.58044],[12.35672,43.58103],[12.35732,43.58396],[12.35732,43.58396],[12.35732,43.58396],[12.35693,43.58608],[12.3567,43.58736],[12.35511,43.59045],[12.35358,43.59341],[12.35358,43.59688],[12.35499,43.60011],[12.35964,43.60854],[12.36042,43.61047],[12.36052,43.6126],[12.36062,43.61473],[12.35886,43.61941],[12.35499,43.62059],[12.35289,43.62036],[12.35079,43.62013],[12.3208,43.61203],[12.3108,43.60932],[12.30984,43.6089],[12.30335,43.60546],[12.30187,43.60376],[12.30098,43.60274],[12.29905,43.59924],[12.29711,43.59573],[12.29338,43.5929],[12.28967,43.59225],[12.28595,43.5916],[12.28285,43.59235],[12.27976,43.59311],[12.26038,43.60225],[12.25201,43.60455],[12.24517,43.60643],[12.23629,43.60802],[12.2183,43.60852],[12.21302,43.60902],[12.21057,43.61011],[12.20481,43.61683],[12.20056,43.62708],[12.19349,43.64416],[12.19349,43.64416],[12.19375,43.64571],[12.19582,43.65336],[12.19728,43.65398],[12.19971,43.65501],[12.21351,43.65842],[12.21738,43.66016],[12.2197,43.66121],[12.22682,43.66527],[12.2459,43.67996],[12.24994,43.68243],[12.25902,43.68417],[12.26811,43.68591],[12.27292,43.6878],[12.28239,43.69328],[12.28811,43.70602],[12.28997,43.71113],[12.29347,43.71757],[12.29696,43.724],[12.30193,43.72891],[12.30409,43.7294],[12.30625,43.72989],[12.30736,43.7287],[12.30847,43.72751],[12.30953,43.72495],[12.30988,43.7241],[12.31081,43.71613],[12.31577,43.68866],[12.33196,43.68735],[12.33405,43.68912],[12.33741,43.69321],[12.34027,43.69671],[12.34727,43.70387],[12.35438,43.71113],[12.35732,43.718],[12.35747,43.7203],[12.35763,43.7226],[12.35763,43.7226],[12.30553,43.75862],[12.2983,43.76268],[12.28585,43.76887],[12.28887,43.77584],[12.28962,43.78209],[12.28826,43.78819],[12.28499,43.7947],[12.30505,43.80309],[12.32159,43.81373],[12.33502,43.82794],[12.34574,43.84701],[12.34862,43.86373],[12.35145,43.86995],[12.36009,43.87449],[12.37709,43.8792],[12.38406,43.8827],[12.38769,43.88379],[12.39144,43.88328],[12.39496,43.88105],[12.40096,43.87562],[12.405,43.87381],[12.40915,43.87334],[12.41328,43.87386],[12.41711,43.87546],[12.42025,43.87816],[12.42245,43.8821],[12.42313,43.88645],[12.42258,43.89091],[12.42111,43.89517],[12.42945,43.89206],[12.46046,43.89526],[12.48309,43.9292],[12.49654,43.92347],[12.53736,43.90695],[12.54231,43.90349],[12.54773,43.89861],[12.54773,43.89479],[12.54727,43.89013],[12.54758,43.88507],[12.55083,43.87794],[12.55503,43.8752],[12.5592,43.87499],[12.56263,43.87691],[12.56527,43.87973],[12.56727,43.88285],[12.56898,43.88636],[12.57162,43.89019],[12.57533,43.89355],[12.58324,43.89619],[12.58779,43.89541],[12.59135,43.89334],[12.5957,43.88745],[12.60346,43.87897],[12.60779,43.87285],[12.61337,43.85823],[12.61585,43.85334],[12.62158,43.84657],[12.62701,43.84363],[12.63305,43.84254],[12.66845,43.84254],[12.67498,43.84332],[12.67992,43.845],[12.68256,43.84761],[12.68489,43.85063],[12.68878,43.8573],[12.69093,43.86024],[12.69363,43.86303],[12.69682,43.86553],[12.7006,43.8674],[12.72138,43.87459],[12.7251,43.87675],[12.7282,43.8791],[12.73083,43.88197],[12.74074,43.89783],[12.74199,43.90146],[12.74246,43.90507],[12.74153,43.90854],[12.73828,43.91502],[12.73718,43.91855],[12.73657,43.92249],[12.73672,43.92652],[12.73718,43.93086],[12.7392,43.93871],[12.74995,43.96121],[12.75366,43.97127],[12.75386,43.97239],[12.80397,43.96686],[12.92888,43.91584],[13.25327,43.70319],[13.4734,43.61201],[13.51612,43.63174],[13.57887,43.5729],[13.61557,43.56049],[13.62452,43.54719],[13.61695,43.53132],[13.83481,43.12726],[13.86541,43.00731],[13.90553,42.90156],[13.88859,42.90012],[13.81707,42.88715],[13.76073,42.86865],[13.74008,42.86379],[13.72518,42.86454],[13.71914,42.86302],[13.71279,42.86007],[13.70389,42.85263],[13.70002,42.8476],[13.69785,42.84313],[13.69677,42.83392],[13.69598,42.83025],[13.69398,42.82674],[13.69135,42.8239],[13.68855,42.82136],[13.68172,42.81702],[13.66498,42.81144],[13.6378,42.80746],[13.63022,42.80773],[13.6251,42.80855],[13.61609,42.81103],[13.61115,42.81163],[13.60477,42.81072],[13.57729,42.80312],[13.57063,42.80215],[13.5652,42.80225],[13.56085,42.80343],[13.55714,42.80513],[13.55063,42.80949],[13.54674,42.81144],[13.54241,42.81263],[13.53637,42.81115],[13.53042,42.80746],[13.52189,42.79811],[13.51104,42.78101],[13.50855,42.77822],[13.50018,42.77042],[13.4977,42.76744],[13.4957,42.76416],[13.49429,42.76023],[13.49291,42.75171],[13.49166,42.74768],[13.49012,42.74411],[13.48531,42.74085],[13.47797,42.73816],[13.46169,42.73527],[13.45193,42.73254],[13.44371,42.72876],[13.43611,42.72107],[13.43301,42.71532],[13.43145,42.71021],[13.42976,42.70173],[13.41994,42.6977],[13.41157,42.69512],[13.33756,42.68766],[13.31168,42.71925],[13.30419,42.72589],[13.28248,42.73951],[13.27441,42.74307],[13.26791,42.74462],[13.26481,42.74422],[13.26187,42.74323],[13.25158,42.73757],[13.24723,42.73633],[13.24227,42.73558],[13.19448,42.7346],[13.19448,42.74909],[13.19448,42.74909],[13.19691,42.75253],[13.19933,42.75597],[13.2014,42.75791],[13.20346,42.75985],[13.20894,42.76054],[13.21623,42.75874],[13.21917,42.75827],[13.22614,42.75853],[13.23534,42.7608],[13.2384,42.76155],[13.24003,42.76236],[13.2449,42.7648],[13.24895,42.76778],[13.24964,42.7693],[13.25033,42.77082],[13.2532,42.78157],[13.25607,42.79232],[13.25622,42.79505],[13.25637,42.79777],[13.25637,42.79777],[13.25633,42.80012],[13.25565,42.8062],[13.25018,42.81982],[13.24708,42.82648],[13.23948,42.83854],[13.23824,42.83993],[13.23405,42.8438],[13.23196,42.84501],[13.23126,42.84542],[13.22976,42.84591],[13.22429,42.84767],[13.16673,42.82451],[13.15655,42.82395],[13.15044,42.82361],[13.14936,42.82518],[13.14827,42.82674],[13.14754,42.82846],[13.14682,42.83017],[13.1459,42.83396],[13.14372,42.84095],[13.13955,42.84678],[13.13722,42.84945],[13.10511,42.87638],[13.10032,42.88152],[13.0965,42.88433],[13.09081,42.8885],[13.0785,42.89545],[13.06956,42.90051],[13.06444,42.90511],[13.05625,42.91247],[13.04593,42.9186],[13.04306,42.91935],[13.04137,42.91911],[13.03252,42.91717],[13.02379,42.91609],[12.99177,42.91643],[12.98859,42.91568],[12.98778,42.91466],[12.98642,42.91297],[12.98611,42.90963],[12.98719,42.90632],[12.992,42.89655],[12.99046,42.89284],[12.98642,42.88961],[12.97682,42.88728],[12.97447,42.88799],[12.97211,42.8887],[12.97072,42.89025],[12.96932,42.89181],[12.96886,42.89548],[12.96916,42.91201],[12.96917,42.91247],[12.96917,42.91247],[12.96807,42.92027],[12.96503,42.9263],[12.96467,42.92681],[12.96431,42.92713],[12.93599,42.9428],[12.92979,42.94735],[12.91314,42.96343],[12.90918,42.96873],[12.9071,42.97153],[12.90593,42.97513],[12.90477,42.97872],[12.90415,42.99118],[12.89826,43.00068],[12.89655,43.00399],[12.89607,43.00599],[12.89578,43.0072],[12.89594,43.01112],[12.89732,43.01761],[12.89765,43.01918],[12.89796,43.02306],[12.89222,43.0407],[12.89097,43.05267],[12.89153,43.06037],[12.89455,43.07861],[12.89503,43.08413],[12.89532,43.08745],[12.89532,43.08745],[12.89284,43.09391],[12.89035,43.0978],[12.86772,43.12176],[12.84743,43.12675],[12.84487,43.12703],[12.8441,43.12743],[12.84023,43.12941],[12.83783,43.13206],[12.83744,43.13248],[12.83744,43.13248],[12.83388,43.14295],[12.83388,43.14641],[12.83465,43.14791],[12.83542,43.14941],[12.83666,43.15061],[12.8441,43.15639],[12.84984,43.16171],[12.85217,43.16486],[12.85217,43.16486],[12.85236,43.16519],[12.85419,43.16822],[12.85573,43.17184],[12.85641,43.17418],[12.85682,43.17558],[12.85744,43.17982],[12.8574,43.18088],[12.85729,43.18403],[12.85635,43.18977],[12.85603,43.19168],[12.85511,43.19475],[12.85172,43.20609],[12.85094,43.20873],[12.80174,43.26924],[12.79871,43.27386],[12.79567,43.27847],[12.79506,43.28227],[12.79444,43.28606],[12.79444,43.28606],[12.79515,43.29264],[12.79585,43.29922],[12.79585,43.29922],[12.79461,43.30674],[12.78886,43.32407],[12.77147,43.3446],[12.75408,43.36513],[12.74781,43.37579],[12.7465,43.37883],[12.7465,43.37883],[12.74651,43.37904],[12.74665,43.38309],[12.75362,43.41113],[12.75408,43.41544],[12.75408,43.41544],[12.75393,43.4175],[12.75377,43.41957],[12.75377,43.41957],[12.75389,43.4226],[12.75408,43.42766],[12.75562,43.43403],[12.75724,43.44076],[12.75787,43.44268],[12.75847,43.44453],[12.75847,43.44453],[12.75817,43.46123],[12.74511,43.46107],[12.73206,43.46091],[12.72237,43.45742],[12.71268,43.45393],[12.70689,43.4503],[12.7051,43.44882],[12.6962,43.43895],[12.69305,43.43608],[12.69108,43.4343],[12.68599,43.43342],[12.68164,43.43409],[12.6504,43.44317],[12.64474,43.44386],[12.63864,43.4436],[12.63767,43.44345],[12.63477,43.44298],[12.6333,43.44213],[12.63182,43.44128],[12.62741,43.43779],[12.62299,43.4343],[12.61398,43.42918],[12.61143,43.42903],[12.60469,43.43034],[12.5682,43.46217],[12.51049,43.51249],[12.45722,43.53189],[12.44253,43.53657],[12.43167,43.53843],[12.42975,43.53814],[12.42656,43.53765],[12.42074,43.53523],[12.41895,43.53424],[12.41614,43.53161],[12.41333,43.52897],[12.40997,43.52696],[12.40326,43.52406]],[[12.40894,43.60106],[12.41206,43.5968],[12.41393,43.59425],[12.41756,43.59198],[12.42119,43.58971],[12.43073,43.58971],[12.43527,43.59198],[12.43981,43.59425],[12.44168,43.5968],[12.4448,43.60106],[12.44485,43.60214],[12.44525,43.61104],[12.44348,43.61777],[12.44298,43.61967],[12.44077,43.62239],[12.42982,43.63147],[12.41325,43.62443],[12.4103,43.62103],[12.40758,43.61014],[12.40809,43.60673],[12.40894,43.60106]]]}},{"type":"Feature","properties":{"name":"Umbria","label":{"no":"Umbria","en":"Umbria"},"short":"Umbria","neighbours":["Lazio","Marche","Toscana"]},"geometry":{"type":"MultiPolygon","coordinates":[[[[11.9517,42.89774],[11.95103,42.90065],[11.95063,42.9024],[11.94643,42.90787],[11.94545,42.90859],[11.93435,42.91528],[11.93318,42.9176],[11.93202,42.91991],[11.93202,42.91991],[11.93217,42.9272],[11.93947,42.95544],[11.94869,42.97974],[11.9517,42.98996],[11.95465,42.99488],[11.95759,42.9998],[11.9631,43.00523],[11.9686,43.01066],[11.97051,43.01331],[11.97222,43.01676],[11.97781,43.04636],[11.97,43.0674],[11.96891,43.0691],[11.96355,43.07313],[11.95775,43.07453],[11.95566,43.07394],[11.94999,43.07132],[11.94489,43.06585],[11.94177,43.06377],[11.93973,43.06341],[11.93744,43.06301],[11.93548,43.06337],[11.93325,43.06377],[11.92984,43.06856],[11.92751,43.07639],[11.92682,43.08509],[11.92613,43.0938],[11.92527,43.09789],[11.92441,43.10197],[11.92349,43.10492],[11.92257,43.10786],[11.92208,43.1087],[11.9207,43.11104],[11.91929,43.11444],[11.91837,43.11809],[11.91806,43.12026],[11.91776,43.12243],[11.91776,43.12243],[11.92272,43.13757],[11.93364,43.15274],[11.94456,43.1679],[11.94859,43.17081],[11.95271,43.1738],[11.95621,43.17633],[11.9652,43.18013],[11.99299,43.18646],[11.99655,43.18788],[12.00121,43.19059],[12.00958,43.19693],[12.01222,43.20047],[12.01439,43.20527],[12.01672,43.21186],[12.02296,43.24188],[12.02525,43.2462],[12.029,43.25022],[12.03738,43.25467],[12.04375,43.25571],[12.04964,43.25561],[12.07693,43.24666],[12.08688,43.24475],[12.09215,43.24468],[12.09666,43.24552],[12.10083,43.24708],[12.10797,43.25137],[12.11448,43.25622],[12.11791,43.25821],[12.12208,43.25974],[12.12689,43.26062],[12.14972,43.26046],[12.15438,43.26129],[12.1584,43.26268],[12.19986,43.28248],[12.21318,43.29105],[12.21505,43.29487],[12.21535,43.30015],[12.21103,43.30976],[12.20714,43.31446],[12.20281,43.31777],[12.19846,43.31878],[12.19391,43.31844],[12.1905,43.31673],[12.18791,43.31389],[12.18213,43.304],[12.1798,43.301],[12.17701,43.2986],[12.17345,43.29678],[12.16864,43.29565],[12.15763,43.29523],[12.1522,43.29575],[12.1426,43.29813],[12.13871,43.29999],[12.13665,43.30676],[12.13573,43.3172],[12.13625,43.34051],[12.135,43.35064],[12.13263,43.35725],[12.12922,43.35953],[12.12085,43.36293],[12.08084,43.37188],[12.07774,43.37386],[12.07556,43.37681],[12.07444,43.38038],[12.07414,43.38552],[12.07567,43.40156],[12.07537,43.40745],[12.07365,43.4112],[12.06932,43.41257],[12.04887,43.41151],[12.04375,43.41234],[12.03986,43.4141],[12.03707,43.41652],[12.03817,43.42113],[12.0428,43.42707],[12.05739,43.43735],[12.06543,43.44034],[12.07288,43.44221],[12.07754,43.44293],[12.08332,43.4468],[12.10332,43.46463],[12.11169,43.46933],[12.11837,43.47239],[12.12751,43.47476],[12.13129,43.47748],[12.13386,43.48117],[12.13408,43.48881],[12.13221,43.49296],[12.12953,43.49631],[12.12254,43.50055],[12.10472,43.50634],[12.10083,43.5083],[12.09804,43.51089],[12.0965,43.51419],[12.09758,43.51828],[12.10147,43.52272],[12.11217,43.52788],[12.11975,43.52975],[12.13252,43.53073],[12.13748,43.53161],[12.15376,43.5484],[12.20481,43.61683],[12.21057,43.61011],[12.21302,43.60902],[12.2183,43.60852],[12.23629,43.60802],[12.24517,43.60643],[12.25201,43.60455],[12.26038,43.60225],[12.27976,43.59311],[12.28285,43.59235],[12.28595,43.5916],[12.28967,43.59225],[12.29338,43.5929],[12.29711,43.59573],[12.29905,43.59924],[12.30098,43.60274],[12.30187,43.60376],[12.30335,43.60546],[12.30984,43.6089],[12.3108,43.60932],[12.3208,43.61203],[12.35079,43.62013],[12.35289,43.62036],[12.35499,43.62059],[12.35886,43.61941],[12.36062,43.61473],[12.36052,43.6126],[12.36042,43.61047],[12.35964,43.60854],[12.35499,43.60011],[12.35358,43.59688],[12.35358,43.59341],[12.35511,43.59045],[12.3567,43.58736],[12.35693,43.58608],[12.35732,43.58396],[12.35732,43.58396],[12.35672,43.58103],[12.35659,43.58044],[12.35635,43.57987],[12.35514,43.57703],[12.35312,43.57383],[12.35079,43.57094],[12.34932,43.56964],[12.34414,43.56649],[12.33716,43.5652],[12.33453,43.56509],[12.31638,43.56765],[12.3139,43.56778],[12.30973,43.5667],[12.30678,43.56444],[12.30502,43.56142],[12.30502,43.55794],[12.30663,43.55475],[12.30909,43.55207],[12.31073,43.55099],[12.31236,43.5499],[12.31615,43.54804],[12.31994,43.54618],[12.38186,43.52457],[12.39256,43.52235],[12.39764,43.52316],[12.40326,43.52406],[12.40997,43.52696],[12.41333,43.52897],[12.41614,43.53161],[12.41895,43.53424],[12.42074,43.53523],[12.42656,43.53765],[12.42975,43.53814],[12.43167,43.53843],[12.44253,43.53657],[12.45722,43.53189],[12.51049,43.51249],[12.5682,43.46217],[12.60469,43.43034],[12.61143,43.42903],[12.61398,43.42918],[12.62299,43.4343],[12.62741,43.43779],[12.63182,43.44128],[12.6333,43.44213],[12.63477,43.44298],[12.63767,43.44345],[12.63864,43.4436],[12.64474,43.44386],[12.6504,43.44317],[12.68164,43.43409],[12.68599,43.43342],[12.69108,43.4343],[12.69305,43.43608],[12.6962,43.43895],[12.7051,43.44882],[12.70689,43.4503],[12.71268,43.45393],[12.72237,43.45742],[12.73206,43.46091],[12.74511,43.46107],[12.75817,43.46123],[12.75847,43.44453],[12.75787,43.44268],[12.75724,43.44076],[12.75562,43.43403],[12.75408,43.42766],[12.75389,43.4226],[12.75377,43.41957],[12.75377,43.41957],[12.75377,43.41957],[12.75393,43.4175],[12.75408,43.41544],[12.75362,43.41113],[12.74665,43.38309],[12.74651,43.37904],[12.7465,43.37883],[12.7465,43.37883],[12.7465,43.37883],[12.74781,43.37579],[12.75408,43.36513],[12.77147,43.3446],[12.78886,43.32407],[12.79461,43.30674],[12.79585,43.29922],[12.79515,43.29264],[12.79444,43.28606],[12.79444,43.28606],[12.79444,43.28606],[12.79506,43.28227],[12.79567,43.27847],[12.79871,43.27386],[12.80174,43.26924],[12.85094,43.20873],[12.85172,43.20609],[12.85511,43.19475],[12.85603,43.19168],[12.85635,43.18977],[12.85729,43.18403],[12.8574,43.18088],[12.85744,43.17982],[12.85682,43.17558],[12.85641,43.17418],[12.85573,43.17184],[12.85419,43.16822],[12.85236,43.16519],[12.85217,43.16486],[12.84984,43.16171],[12.8441,43.15639],[12.83666,43.15061],[12.83542,43.14941],[12.83465,43.14791],[12.83388,43.14641],[12.83388,43.14641],[12.83388,43.14295],[12.83744,43.13248],[12.83744,43.13248],[12.83744,43.13248],[12.83783,43.13206],[12.84023,43.12941],[12.8441,43.12743],[12.84487,43.12703],[12.84743,43.12675],[12.86772,43.12176],[12.89035,43.0978],[12.89284,43.09391],[12.89532,43.08745],[12.89532,43.08745],[12.89503,43.08413],[12.89455,43.07861],[12.89153,43.06037],[12.89097,43.05267],[12.89222,43.0407],[12.89796,43.02306],[12.89765,43.01918],[12.89732,43.01761],[12.89594,43.01112],[12.89578,43.0072],[12.89578,43.0072],[12.89607,43.00599],[12.89655,43.00399],[12.89826,43.00068],[12.90415,42.99118],[12.90477,42.97872],[12.90593,42.97513],[12.9071,42.97153],[12.90918,42.96873],[12.91314,42.96343],[12.92979,42.94735],[12.93599,42.9428],[12.96431,42.92713],[12.96467,42.92681],[12.96503,42.9263],[12.96807,42.92027],[12.96917,42.91247],[12.96916,42.91201],[12.96886,42.89548],[12.96932,42.89181],[12.97072,42.89025],[12.97211,42.8887],[12.97447,42.88799],[12.97682,42.88728],[12.98642,42.88961],[12.99046,42.89284],[12.992,42.89655],[12.98719,42.90632],[12.98611,42.90963],[12.98642,42.91297],[12.98778,42.91466],[12.98859,42.91568],[12.99177,42.91643],[13.02379,42.91609],[13.03252,42.91717],[13.04137,42.91911],[13.04306,42.91935],[13.04593,42.9186],[13.05625,42.91247],[13.06444,42.90511],[13.06956,42.90051],[13.0785,42.89545],[13.09081,42.8885],[13.0965,42.88433],[13.10032,42.88152],[13.10511,42.87638],[13.13722,42.84945],[13.13955,42.84678],[13.14372,42.84095],[13.1459,42.83396],[13.14682,42.83017],[13.14754,42.82846],[13.14827,42.82674],[13.14936,42.82518],[13.15044,42.82361],[13.15655,42.82395],[13.16673,42.82451],[13.22429,42.84767],[13.22976,42.84591],[13.23126,42.84542],[13.23196,42.84501],[13.23405,42.8438],[13.23824,42.83993],[13.23948,42.83854],[13.24708,42.82648],[13.25018,42.81982],[13.25565,42.8062],[13.25633,42.80012],[13.25637,42.79777],[13.25622,42.79505],[13.25607,42.79232],[13.2532,42.78157],[13.25033,42.77082],[13.24964,42.7693],[13.24895,42.76778],[13.2449,42.7648],[13.24003,42.76236],[13.2384,42.76155],[13.23534,42.7608],[13.22614,42.75853],[13.21917,42.75827],[13.21623,42.75874],[13.20894,42.76054],[13.20346,42.75985],[13.2014,42.75791],[13.19933,42.75597],[13.19691,42.75253],[13.19448,42.74909],[13.19448,42.74909],[13.19448,42.7346],[13.18687,42.72528],[13.18547,42.72357],[13.18547,42.72357],[13.18485,42.72172],[13.18424,42.71987],[13.18332,42.71517],[13.18378,42.71127],[13.18795,42.70119],[13.1889,42.69758],[13.18905,42.69399],[13.18672,42.68877],[13.18564,42.68722],[13.18006,42.68202],[13.17448,42.67683],[13.16982,42.67119],[13.16578,42.66458],[13.16099,42.65393],[13.15773,42.64928],[13.15649,42.64779],[13.15385,42.6451],[13.14937,42.64324],[13.1433,42.64257],[13.1346,42.6441],[13.1259,42.64563],[13.12322,42.64575],[13.11241,42.64427],[13.09597,42.63275],[13.09081,42.63073],[13.05935,42.62375],[13.05527,42.62372],[13.05282,42.62371],[13.04762,42.62461],[13.04181,42.62562],[13.03562,42.62768],[13.02674,42.63177],[13.01758,42.63156],[13.01263,42.62678],[13.00564,42.61494],[13.00378,42.61234],[13.00171,42.61044],[12.99929,42.60887],[12.99741,42.60873],[12.98798,42.608],[12.90198,42.6096],[12.87919,42.59032],[12.87717,42.58143],[12.87904,42.57843],[12.8806,42.57528],[12.88167,42.57166],[12.88167,42.56797],[12.88011,42.56469],[12.86944,42.55941],[12.78003,42.52707],[12.77647,42.52407],[12.76577,42.50821],[12.76313,42.50559],[12.75801,42.50182],[12.75584,42.50058],[12.75522,42.5003],[12.72138,42.49626],[12.71765,42.49405],[12.71611,42.48961],[12.71673,42.48598],[12.71842,42.48248],[12.72617,42.47017],[12.72743,42.46681],[12.72758,42.46314],[12.72633,42.45974],[12.72464,42.45679],[12.72215,42.454],[12.71301,42.45064],[12.69888,42.44756],[12.66566,42.44345],[12.65202,42.44382],[12.64349,42.44563],[12.62965,42.46237],[12.6264,42.46465],[12.6222,42.46609],[12.61693,42.46557],[12.61214,42.46312],[12.6084,42.45679],[12.60809,42.45234],[12.60935,42.4485],[12.61088,42.44521],[12.61198,42.44177],[12.61229,42.43783],[12.61167,42.4338],[12.60763,42.42232],[12.60392,42.41581],[12.5926,42.401],[12.58702,42.39612],[12.57628,42.39022],[12.54929,42.37876],[12.53688,42.36935],[12.53301,42.36847],[12.52835,42.3695],[12.52258,42.37524],[12.51623,42.38716],[12.50985,42.3894],[12.50396,42.39059],[12.46513,42.38693],[12.46393,42.38682],[12.45571,42.3894],[12.44697,42.38793],[12.43871,42.38904],[12.43106,42.39309],[12.44066,42.40677],[12.44536,42.41113],[12.45152,42.41482],[12.45152,42.42103],[12.44697,42.42356],[12.43561,42.42599],[12.43106,42.42847],[12.42831,42.42917],[12.42036,42.42816],[12.41737,42.42847],[12.41673,42.43074],[12.41792,42.43911],[12.41737,42.44149],[12.3936,42.4625],[12.34284,42.49193],[12.31902,42.49802],[12.30067,42.48991],[12.29525,42.49699],[12.28378,42.50622],[12.28022,42.5104],[12.27743,42.51901],[12.27567,42.53606],[12.27266,42.54836],[12.27338,42.56192],[12.27154,42.5661],[12.26723,42.56567],[12.26244,42.56427],[12.25912,42.56564],[12.24548,42.58552],[12.24754,42.59884],[12.24524,42.61981],[12.24058,42.6391],[12.23583,42.64758],[12.22151,42.65293],[12.21975,42.65507],[12.2045,42.65456],[12.15656,42.67543],[12.15236,42.67581],[12.14895,42.67455],[12.14601,42.67225],[12.13871,42.6637],[12.13592,42.66117],[12.13263,42.65899],[12.12874,42.65735],[12.12395,42.6568],[12.11852,42.65693],[12.09853,42.66071],[12.09341,42.66058],[12.0642,42.65569],[12.03366,42.64603],[12.02979,42.6454],[12.02514,42.64556],[12.01986,42.64843],[11.99563,42.66923],[11.98556,42.67543],[11.95961,42.68463],[11.95434,42.68747],[11.94876,42.69171],[11.9303,42.7091],[11.92846,42.71253],[11.928,42.7166],[11.93061,42.72262],[11.93373,42.72589],[11.9376,42.72866],[11.94489,42.73223],[11.95667,42.73657],[11.96355,42.74068],[11.96643,42.74336],[11.96882,42.74628],[11.97082,42.74932],[11.97253,42.75251],[11.97392,42.75597],[11.97346,42.76029],[11.97036,42.76503],[11.96069,42.77109],[11.94814,42.77631],[11.93309,42.7911],[11.88902,42.85039],[11.93166,42.87168],[11.93166,42.87168],[11.93424,42.87297],[11.93698,42.87434],[11.94349,42.88007],[11.94465,42.88135],[11.94814,42.88596],[11.94942,42.88853],[11.94984,42.88937],[11.94984,42.88937],[11.94984,42.88937],[11.9514,42.8933],[11.95151,42.89496],[11.9517,42.89774],[11.9517,42.89774]],[[12.02378,42.91531],[12.01569,42.90874],[12.01569,42.90874],[12.02378,42.91531]],[[12.30085,42.9148],[12.32829,42.88878],[12.32718,42.8596],[12.32829,42.88878],[12.30085,42.9148],[12.12641,42.93256],[12.30085,42.9148]],[[12.31742,42.74488],[12.29806,42.74799],[12.29061,42.76728],[12.29806,42.74799],[12.31742,42.74488]],[[12.3586,42.6777],[12.35022,42.67943],[12.34627,42.6929],[12.35022,42.67943],[12.3586,42.6777]]],[[[12.41393,43.59425],[12.41206,43.5968],[12.40894,43.60106],[12.40809,43.60673],[12.40758,43.61014],[12.4103,43.62103],[12.41325,43.62443],[12.42982,43.63147],[12.44077,43.62239],[12.44298,43.61967],[12.44348,43.61777],[12.44525,43.61104],[12.44485,43.60214],[12.4448,43.60106],[12.44168,43.5968],[12.43981,43.59425],[12.43527,43.59198],[12.43073,43.58971],[12.42119,43.58971],[12.41756,43.59198],[12.41393,43.59425]]]]}},{"type":"Feature","properties":{"name":"Piemonte","label":{"no":"Piemonte","en":"Piedmont"},"short":"Piemonte","neighbours":["Emilia-Romagna","Liguria","Lombardia","Valle d'Aosta"]},"geometry":{"type":"Polygon","coordinates":[[[9.20143,44.68213],[9.20314,44.61376],[9.19926,44.59929],[9.19183,44.59268],[9.17926,44.58692],[9.16981,44.58374],[9.15441,44.58126],[9.14852,44.58111],[9.13457,44.58348],[9.12092,44.58736],[9.1158,44.58937],[9.11178,44.59175],[9.10884,44.59423],[9.10712,44.59733],[9.10635,44.6012],[9.10552,44.60981],[9.09948,44.61462],[9.08908,44.61926],[9.04099,44.63216],[9.02703,44.64048],[9.01277,44.65334],[8.99897,44.65986],[8.98201,44.66549],[8.97395,44.66905],[8.96821,44.67221],[8.95923,44.6826],[8.95303,44.68432],[8.94466,44.68476],[8.92306,44.68281],[8.91748,44.68109],[8.91499,44.67893],[8.91359,44.6767],[8.90911,44.66381],[8.90755,44.6611],[8.90616,44.6594],[8.89515,44.65076],[8.87804,44.63999],[8.87586,44.63728],[8.87509,44.63428],[8.8765,44.63144],[8.8796,44.62926],[8.89173,44.624],[8.90212,44.61775],[8.9046,44.61508],[8.90662,44.61185],[8.90785,44.60823],[8.90832,44.60405],[8.90847,44.59063],[8.90941,44.58235],[8.90957,44.57819],[8.90926,44.57402],[8.90755,44.56953],[8.90399,44.56519],[8.89608,44.56038],[8.89019,44.55938],[8.86982,44.56162],[8.8447,44.56198],[8.83323,44.561],[8.82574,44.55883],[8.82357,44.55584],[8.81832,44.5409],[8.8166,44.53744],[8.81443,44.53444],[8.81164,44.5318],[8.80838,44.52953],[8.79351,44.5217],[8.79072,44.51924],[8.78544,44.51259],[8.77613,44.50313],[8.77334,44.50126],[8.77088,44.50085],[8.76817,44.50209],[8.76584,44.50457],[8.76446,44.50785],[8.76446,44.51165],[8.76725,44.52276],[8.76664,44.52648],[8.76477,44.52966],[8.75701,44.53746],[8.7522,44.54348],[8.74646,44.55284],[8.73809,44.56046],[8.73346,44.56658],[8.72957,44.57307],[8.72741,44.57599],[8.72462,44.57862],[8.71904,44.58079],[8.71091,44.58255],[8.63212,44.5887],[8.62111,44.58855],[8.61305,44.58751],[8.60949,44.58534],[8.60716,44.58258],[8.6036,44.57568],[8.60219,44.57216],[8.59857,44.5655],[8.59718,44.56204],[8.59687,44.55867],[8.59841,44.5555],[8.60013,44.55258],[8.60136,44.54927],[8.60105,44.54586],[8.59936,44.54256],[8.59718,44.53945],[8.58958,44.53105],[8.58215,44.52478],[8.56416,44.51624],[8.47631,44.51811],[8.44825,44.51527],[8.43801,44.5119],[8.43006,44.51175],[8.42276,44.51299],[8.41408,44.51615],[8.40881,44.51594],[8.40433,44.51465],[8.38991,44.50684],[8.38697,44.50468],[8.38464,44.50258],[8.38308,44.5009],[8.38154,44.49791],[8.38029,44.49483],[8.37669,44.49061],[8.37141,44.48641],[8.35961,44.48096],[8.35326,44.48065],[8.34878,44.48222],[8.34614,44.48493],[8.34335,44.48731],[8.34008,44.4895],[8.33156,44.49245],[8.3129,44.49697],[8.30796,44.49886],[8.30035,44.50297],[8.29058,44.50945],[8.27462,44.51584],[8.26718,44.51997],[8.26547,44.52174],[8.2603,44.5271],[8.24975,44.53459],[8.23613,44.53232],[8.22092,44.51806],[8.21829,44.51444],[8.21147,44.50198],[8.20693,44.49093],[8.19886,44.48116],[8.19561,44.47455],[8.19436,44.46953],[8.19515,44.46566],[8.19699,44.4624],[8.19963,44.45976],[8.20583,44.45506],[8.20877,44.45106],[8.21101,44.44571],[8.21147,44.43489],[8.20945,44.42855],[8.20583,44.42243],[8.19855,44.41444],[8.19515,44.41181],[8.19172,44.40967],[8.18816,44.40809],[8.17313,44.40483],[8.16909,44.40359],[8.16412,44.3994],[8.15903,44.39342],[8.1478,44.37744],[8.14408,44.36788],[8.14145,44.35735],[8.13896,44.35316],[8.13541,44.35021],[8.11649,44.34061],[8.10983,44.33549],[8.10284,44.32825],[8.09676,44.32298],[8.08992,44.31895],[8.07891,44.31528],[8.07164,44.31146],[8.06916,44.30779],[8.06916,44.3042],[8.07179,44.30164],[8.07535,44.29955],[8.07768,44.29466],[8.07814,44.28753],[8.07116,44.26324],[8.06993,44.25647],[8.07023,44.25259],[8.07149,44.24892],[8.07226,44.24365],[8.07226,44.23699],[8.06947,44.22572],[8.07008,44.21955],[8.0721,44.21552],[8.07582,44.21347],[8.07907,44.21001],[8.08124,44.2051],[8.08124,44.19565],[8.07968,44.19032],[8.07753,44.18583],[8.06791,44.17436],[8.05753,44.16371],[8.05116,44.15989],[8.04853,44.1588],[8.04527,44.15802],[8.04026,44.15787],[8.03051,44.15942],[8.01671,44.16324],[8.00662,44.16454],[8.00058,44.16322],[7.99577,44.16035],[7.98647,44.1524],[7.983,44.14692],[7.98177,44.14185],[7.98331,44.1386],[7.98617,44.13596],[7.99019,44.13426],[7.9981,44.13172],[8.00043,44.13002],[8.00243,44.12713],[8.00322,44.12165],[8.00212,44.11844],[8.00027,44.11612],[7.99469,44.11406],[7.98755,44.11291],[7.91847,44.1192],[7.89955,44.12335],[7.83438,44.12542],[7.80735,44.12899],[7.8041,44.13126],[7.7903,44.13736],[7.77402,44.14252],[7.76473,44.14392],[7.75754,44.14382],[7.75337,44.14237],[7.74963,44.14057],[7.74297,44.13614],[7.74003,44.13367],[7.73258,44.12459],[7.73087,44.1217],[7.72964,44.11834],[7.72902,44.11483],[7.72964,44.11127],[7.73135,44.10785],[7.73399,44.10527],[7.7377,44.10341],[7.73816,44.10129],[7.73801,44.09938],[7.70933,44.09152],[7.68794,44.0908],[7.64189,44.14356],[7.65564,44.17606],[7.62473,44.1801],[7.5836,44.16072],[7.38082,44.12294],[7.331,44.12527],[7.3093,44.14749],[7.25132,44.16004],[7.14497,44.20723],[7.04606,44.2403],[6.98281,44.24175],[6.86984,44.36293],[6.87718,44.4144],[6.9178,44.43631],[6.86127,44.47491],[6.83884,44.50292],[6.83574,44.53403],[6.9456,44.62544],[6.93434,44.64668],[6.95986,44.68317],[6.98281,44.69216],[7.05516,44.68487],[6.99841,44.79375],[7.0071,44.82207],[6.98281,44.84698],[6.93268,44.86166],[6.84711,44.85907],[6.74541,44.9078],[6.72794,44.92873],[6.7235,45.01338],[6.65167,45.03565],[6.63658,45.07446],[6.60273,45.10345],[6.66738,45.13962],[6.73642,45.15735],[6.84411,45.13011],[6.87667,45.14123],[6.87346,45.16593],[6.91377,45.17016],[6.95873,45.2098],[7.02973,45.2282],[7.06218,45.21853],[7.10838,45.2592],[7.09257,45.32395],[7.15076,45.38323],[7.16068,45.41092],[7.09681,45.43542],[7.07537,45.46628],[7.07542,45.46632],[7.08926,45.47706],[7.13158,45.50994],[7.13793,45.51175],[7.14305,45.51231],[7.14259,45.50885],[7.13903,45.50022],[7.13903,45.49934],[7.13919,45.49764],[7.14057,45.4952],[7.14321,45.4934],[7.14622,45.49221],[7.16358,45.48855],[7.21231,45.48381],[7.22455,45.48421],[7.23277,45.48555],[7.23927,45.48989],[7.38548,45.52435],[7.38919,45.52626],[7.40207,45.53578],[7.40563,45.53779],[7.42615,45.54621],[7.43265,45.55086],[7.44458,45.56099],[7.46458,45.57422],[7.47157,45.57673],[7.47932,45.57794],[7.49767,45.57704],[7.50635,45.57861],[7.51534,45.58119],[7.52898,45.58677],[7.53801,45.5888],[7.54592,45.58981],[7.6424,45.57463],[7.64722,45.57329],[7.65146,45.57163],[7.66323,45.56559],[7.67299,45.56363],[7.73135,45.56171],[7.74172,45.56265],[7.74932,45.56414],[7.75739,45.5675],[7.78395,45.58136],[7.88017,45.60269],[7.91273,45.63587],[7.91955,45.64904],[7.91862,45.65282],[7.91706,45.65602],[7.91225,45.66184],[7.91102,45.67054],[7.91102,45.68406],[7.91599,45.71617],[7.91629,45.72966],[7.91504,45.73824],[7.91164,45.74054],[7.89087,45.74832],[7.88235,45.75292],[7.8794,45.75514],[7.87676,45.75863],[7.87474,45.7632],[7.87066,45.78035],[7.86881,45.78532],[7.86354,45.806],[7.86323,45.82247],[7.86011,45.85131],[7.84772,45.90774],[7.84772,45.91502],[7.84912,45.91781],[7.85593,45.91932],[7.84963,45.93971],[7.8702,45.94037],[7.87292,45.95938],[7.8982,45.98195],[7.98585,45.99931],[8.01065,46.0297],[8.02533,46.09114],[8.11059,46.12695],[8.1323,46.15935],[8.12951,46.19604],[8.07308,46.25361],[8.07732,46.26204],[8.10687,46.28555],[8.19255,46.30916],[8.24175,46.35412],[8.29146,46.37836],[8.29498,46.41805],[8.34345,46.44388],[8.39916,46.45218],[8.44163,46.43494],[8.44629,46.38218],[8.42324,46.27583],[8.43812,46.23537],[8.51026,46.20788],[8.60183,46.12282],[8.67749,46.09579],[8.72897,46.10824],[8.73423,46.04665],[8.73407,46.04096],[8.73284,46.03414],[8.72818,46.022],[8.72462,46.01613],[8.72073,46.01202],[8.59314,45.91751],[8.59052,45.91466],[8.5885,45.91028],[8.58866,45.90271],[8.59114,45.88717],[8.59795,45.86842],[8.60265,45.8388],[8.60204,45.83255],[8.60028,45.82903],[8.59841,45.82599],[8.59593,45.82289],[8.59314,45.8202],[8.57222,45.80728],[8.56958,45.8048],[8.5671,45.80175],[8.56541,45.79862],[8.56851,45.7895],[8.57609,45.77601],[8.59826,45.7462],[8.60903,45.73447],[8.6174,45.7277],[8.63785,45.72387],[8.64576,45.72068],[8.64886,45.71716],[8.65104,45.71223],[8.65055,45.70258],[8.64932,45.69682],[8.64607,45.68874],[8.64638,45.68465],[8.64886,45.68088],[8.65521,45.67708],[8.66068,45.67628],[8.67077,45.67747],[8.67494,45.67639],[8.67697,45.67287],[8.6765,45.66574],[8.67681,45.66016],[8.67822,45.65474],[8.68178,45.64868],[8.68239,45.6444],[8.67837,45.64006],[8.67371,45.63954],[8.6689,45.6397],[8.66503,45.63939],[8.66457,45.63572],[8.66844,45.62926],[8.69527,45.60688],[8.69744,45.60303],[8.69883,45.59841],[8.69619,45.58022],[8.70582,45.57154],[8.70426,45.56171],[8.70518,45.55678],[8.70797,45.54998],[8.71392,45.53929],[8.71592,45.53257],[8.71702,45.52301],[8.72058,45.51823],[8.72693,45.51231],[8.74818,45.50032],[8.76817,45.49533],[8.77241,45.49365],[8.77846,45.48689],[8.78591,45.47593],[8.81102,45.42756],[8.81381,45.42385],[8.832,45.40818],[8.76508,45.39074],[8.73499,45.3755],[8.73469,45.37201],[8.73842,45.37007],[8.75097,45.36504],[8.75453,45.36292],[8.75686,45.36028],[8.75732,45.35707],[8.75578,45.35418],[8.75174,45.35173],[8.72414,45.34021],[8.71748,45.33584],[8.71454,45.3332],[8.71186,45.33016],[8.70999,45.32669],[8.70861,45.32297],[8.70628,45.31072],[8.70487,45.30731],[8.7027,45.30478],[8.69727,45.30408],[8.68938,45.30485],[8.67123,45.30896],[8.66378,45.31263],[8.65868,45.31641],[8.64282,45.34145],[8.63816,45.3473],[8.63289,45.35279],[8.62948,45.35512],[8.62559,45.35697],[8.6163,45.35948],[8.57222,45.36668],[8.5564,45.36651],[8.55067,45.36565],[8.54649,45.36421],[8.54194,45.35966],[8.53759,45.35266],[8.5314,45.33702],[8.52379,45.32261],[8.51264,45.31347],[8.51262,45.31345],[8.51094,45.31207],[8.50597,45.30468],[8.49993,45.29791],[8.49853,45.29548],[8.49837,45.29193],[8.50009,45.28773],[8.50582,45.28329],[8.51125,45.2808],[8.51558,45.277],[8.51791,45.27129],[8.51931,45.25243],[8.52458,45.24654],[8.52953,45.24417],[8.53342,45.24132],[8.53511,45.23768],[8.53263,45.23058],[8.53217,45.22469],[8.53403,45.21758],[8.54333,45.20732],[8.54974,45.20256],[8.55532,45.19931],[8.55765,45.196],[8.55904,45.19311],[8.55146,45.17874],[8.5544,45.16975],[8.55656,45.16479],[8.56308,45.15605],[8.56493,45.15445],[8.5733,45.13709],[8.60762,45.108],[8.63212,45.06105],[8.64554,45.04123],[8.66906,45.0248],[8.68228,45.03134],[8.69402,45.03058],[8.71309,45.0248],[8.75097,45.0248],[8.77413,45.02764],[8.83354,45.05338],[8.85035,45.05844],[8.87788,45.05384],[8.88083,45.05255],[8.88114,45.04702],[8.87619,45.02196],[8.87604,45.01762],[8.8765,45.01364],[8.87758,45.00984],[8.87883,45.00655],[8.88037,45.00361],[8.88243,45.00053],[8.88445,44.99921],[8.89841,44.99239],[8.90537,44.98996],[8.9119,44.98847],[8.94141,44.98681],[8.94993,44.98462],[8.95705,44.98134],[8.95892,44.98015],[8.96388,44.97622],[8.96714,44.97253],[8.97008,44.96749],[8.97272,44.95814],[8.97241,44.95271],[8.97008,44.94444],[8.97241,44.93922],[8.97753,44.93327],[8.99649,44.91793],[9.05032,44.88336],[9.05327,44.88054],[9.05529,44.87679],[9.05529,44.87064],[9.05358,44.86693],[9.04905,44.86031],[9.04795,44.85638],[9.04749,44.85256],[9.04826,44.84881],[9.05265,44.84349],[9.05964,44.83711],[9.0759,44.82471],[9.08568,44.82026],[9.09374,44.81815],[9.11782,44.81815],[9.14061,44.81561],[9.14527,44.81416],[9.14914,44.81251],[9.1527,44.81049],[9.15674,44.80672],[9.16107,44.80156],[9.17135,44.78558],[9.18935,44.74621],[9.19447,44.73882],[9.19879,44.73432],[9.2022,44.7322],[9.20593,44.72083],[9.20143,44.68213]]]}},{"type":"Feature","properties":{"name":"Valle d'Aosta","label":{"no":"Valle d'Aosta","en":"Aosta Valley"},"short":"Valle d'Aosta","neighbours":["Piemonte"]},"geometry":{"type":"Polygon","coordinates":[[[7.07542,45.46632],[7.07537,45.46628],[6.98281,45.51112],[6.95294,45.59427],[6.96948,45.62585],[6.96338,45.64073],[6.84308,45.68274],[6.79595,45.71814],[6.78272,45.79529],[6.8008,45.82645],[6.84336,45.83864],[6.86444,45.82689],[6.87346,45.8448],[6.94901,45.85782],[7.02208,45.92526],[7.09019,45.88051],[7.15355,45.87653],[7.28667,45.91343],[7.39384,45.9157],[7.50371,45.95673],[7.54112,45.98412],[7.64303,45.96634],[7.70628,45.92572],[7.83123,45.91446],[7.84963,45.93971],[7.85593,45.91932],[7.84912,45.91781],[7.84772,45.91502],[7.84772,45.90774],[7.86011,45.85131],[7.86323,45.82247],[7.86354,45.806],[7.86881,45.78532],[7.87066,45.78035],[7.87474,45.7632],[7.87676,45.75863],[7.8794,45.75514],[7.88235,45.75292],[7.89087,45.74832],[7.91164,45.74054],[7.91504,45.73824],[7.91629,45.72966],[7.91599,45.71617],[7.91102,45.68406],[7.91102,45.67054],[7.91225,45.66184],[7.91706,45.65602],[7.91862,45.65282],[7.91955,45.64904],[7.91273,45.63587],[7.88017,45.60269],[7.78395,45.58136],[7.75739,45.5675],[7.74932,45.56414],[7.74172,45.56265],[7.73135,45.56171],[7.67299,45.56363],[7.66323,45.56559],[7.65146,45.57163],[7.64722,45.57329],[7.6424,45.57463],[7.54592,45.58981],[7.53801,45.5888],[7.52898,45.58677],[7.51534,45.58119],[7.50635,45.57861],[7.49767,45.57704],[7.47932,45.57794],[7.47157,45.57673],[7.46458,45.57422],[7.44458,45.56099],[7.43265,45.55086],[7.42615,45.54621],[7.40563,45.53779],[7.40207,45.53578],[7.38919,45.52626],[7.38548,45.52435],[7.23927,45.48989],[7.23277,45.48555],[7.22455,45.48421],[7.21231,45.48381],[7.16358,45.48855],[7.14622,45.49221],[7.14321,45.4934],[7.14057,45.4952],[7.13919,45.49764],[7.13903,45.49934],[7.13903,45.50022],[7.14259,45.50885],[7.14305,45.51231],[7.13793,45.51175],[7.13158,45.50994],[7.08926,45.47706],[7.07542,45.46632]]]}},{"type":"Feature","properties":{"name":"Lombardia","label":{"no":"Lombardia","en":"Lombardy"},"short":"Lombardia","neighbours":["Emilia-Romagna","Piemonte","Trentino-Alto Adige","Veneto"]},"geometry":{"type":"Polygon","coordinates":[[[9.23265,44.67882],[9.20143,44.68213],[9.20593,44.72083],[9.2022,44.7322],[9.19879,44.73432],[9.19447,44.73882],[9.18935,44.74621],[9.17135,44.78558],[9.16107,44.80156],[9.15674,44.80672],[9.1527,44.81049],[9.14914,44.81251],[9.14527,44.81416],[9.14061,44.81561],[9.11782,44.81815],[9.09374,44.81815],[9.08568,44.82026],[9.0759,44.82471],[9.05964,44.83711],[9.05265,44.84349],[9.04826,44.84881],[9.04749,44.85256],[9.04795,44.85638],[9.04905,44.86031],[9.05358,44.86693],[9.05529,44.87064],[9.05529,44.87679],[9.05327,44.88054],[9.05032,44.88336],[8.99649,44.91793],[8.97753,44.93327],[8.97241,44.93922],[8.97008,44.94444],[8.97241,44.95271],[8.97272,44.95814],[8.97008,44.96749],[8.96714,44.97253],[8.96388,44.97622],[8.95892,44.98015],[8.95705,44.98134],[8.94993,44.98462],[8.94141,44.98681],[8.9119,44.98847],[8.90537,44.98996],[8.89841,44.99239],[8.88445,44.99921],[8.88243,45.00053],[8.88037,45.00361],[8.87883,45.00655],[8.87758,45.00984],[8.8765,45.01364],[8.87604,45.01762],[8.87619,45.02196],[8.88114,45.04702],[8.88083,45.05255],[8.87788,45.05384],[8.85035,45.05844],[8.83354,45.05338],[8.77413,45.02764],[8.75097,45.0248],[8.71309,45.0248],[8.69402,45.03058],[8.68228,45.03134],[8.66906,45.0248],[8.64554,45.04123],[8.63212,45.06105],[8.60762,45.108],[8.5733,45.13709],[8.56493,45.15445],[8.56308,45.15605],[8.55656,45.16479],[8.5544,45.16975],[8.55146,45.17874],[8.55904,45.19311],[8.55765,45.196],[8.55532,45.19931],[8.54974,45.20256],[8.54333,45.20732],[8.53403,45.21758],[8.53217,45.22469],[8.53263,45.23058],[8.53511,45.23768],[8.53342,45.24132],[8.52953,45.24417],[8.52458,45.24654],[8.51931,45.25243],[8.51791,45.27129],[8.51558,45.277],[8.51125,45.2808],[8.50582,45.28329],[8.50009,45.28773],[8.49837,45.29193],[8.49853,45.29548],[8.49993,45.29791],[8.50597,45.30468],[8.51094,45.31207],[8.51262,45.31345],[8.51264,45.31347],[8.52379,45.32261],[8.5314,45.33702],[8.53759,45.35266],[8.54194,45.35966],[8.54649,45.36421],[8.55067,45.36565],[8.5564,45.36651],[8.57222,45.36668],[8.6163,45.35948],[8.62559,45.35697],[8.62948,45.35512],[8.63289,45.35279],[8.63816,45.3473],[8.64282,45.34145],[8.65868,45.31641],[8.66378,45.31263],[8.67123,45.30896],[8.68938,45.30485],[8.69727,45.30408],[8.7027,45.30478],[8.70487,45.30731],[8.70628,45.31072],[8.70861,45.32297],[8.70999,45.32669],[8.71186,45.33016],[8.71454,45.3332],[8.71748,45.33584],[8.72414,45.34021],[8.75174,45.35173],[8.75578,45.35418],[8.75732,45.35707],[8.75686,45.36028],[8.75453,45.36292],[8.75097,45.36504],[8.73842,45.37007],[8.73469,45.37201],[8.73499,45.3755],[8.76508,45.39074],[8.832,45.40818],[8.81381,45.42385],[8.81102,45.42756],[8.78591,45.47593],[8.77846,45.48689],[8.77241,45.49365],[8.76817,45.49533],[8.74818,45.50032],[8.72693,45.51231],[8.72058,45.51823],[8.71702,45.52301],[8.71592,45.53257],[8.71392,45.53929],[8.70797,45.54998],[8.70518,45.55678],[8.70426,45.56171],[8.70582,45.57154],[8.69619,45.58022],[8.69883,45.59841],[8.69744,45.60303],[8.69527,45.60688],[8.66844,45.62926],[8.66457,45.63572],[8.66503,45.63939],[8.6689,45.6397],[8.67371,45.63954],[8.67837,45.64006],[8.68239,45.6444],[8.68178,45.64868],[8.67822,45.65474],[8.67681,45.66016],[8.6765,45.66574],[8.67697,45.67287],[8.67494,45.67639],[8.67077,45.67747],[8.66068,45.67628],[8.65521,45.67708],[8.64886,45.68088],[8.64638,45.68465],[8.64607,45.68874],[8.64932,45.69682],[8.65055,45.70258],[8.65104,45.71223],[8.64886,45.71716],[8.64576,45.72068],[8.63785,45.72387],[8.6174,45.7277],[8.60903,45.73447],[8.59826,45.7462],[8.57609,45.77601],[8.56851,45.7895],[8.56541,45.79862],[8.5671,45.80175],[8.56958,45.8048],[8.57222,45.80728],[8.59314,45.8202],[8.59593,45.82289],[8.59841,45.82599],[8.60028,45.82903],[8.60204,45.83255],[8.60265,45.8388],[8.59795,45.86842],[8.59114,45.88717],[8.58866,45.90271],[8.5885,45.91028],[8.59052,45.91466],[8.59314,45.91751],[8.72073,46.01202],[8.72462,46.01613],[8.72818,46.022],[8.73284,46.03414],[8.73407,46.04096],[8.73423,46.04665],[8.72897,46.10824],[8.74715,46.09445],[8.80895,46.08975],[8.83438,46.06639],[8.76792,45.98309],[8.87096,45.94707],[8.9121,45.8834],[8.9,45.8264],[8.93959,45.83483],[9.00243,45.82072],[9.03436,45.84811],[9.06309,45.89896],[9.05173,45.91554],[9.0108,45.92666],[8.98052,45.96438],[9.01555,45.99311],[9.00212,46.03931],[9.05917,46.06179],[9.07209,46.11889],[9.09059,46.13817],[9.16324,46.17227],[9.18133,46.20405],[9.22484,46.23118],[9.27518,46.33138],[9.26091,46.41665],[9.23797,46.43655],[9.26319,46.48512],[9.28231,46.49737],[9.35083,46.49786],[9.35155,46.48548],[9.38463,46.46642],[9.43465,46.49833],[9.44436,46.37528],[9.4826,46.35681],[9.50255,46.32074],[9.53645,46.29862],[9.67432,46.2918],[9.70843,46.31175],[9.72011,46.35089],[9.76806,46.33862],[9.8554,46.36696],[9.91844,46.37115],[9.96402,46.35609],[9.97756,46.29811],[10.03172,46.26007],[10.04267,46.22049],[10.07575,46.22002],[10.14582,46.24333],[10.15895,46.26245],[10.09177,46.32896],[10.105,46.36136],[10.13321,46.3811],[10.13342,46.41402],[10.04205,46.43272],[10.02634,46.44626],[10.04402,46.46698],[10.0281,46.48393],[10.03275,46.53297],[10.0712,46.56439],[10.08784,46.60439],[10.21786,46.62697],[10.23377,46.61798],[10.2347,46.5753],[10.29537,46.55109],[10.42591,46.53533],[10.45183,46.5467],[10.45759,46.54264],[10.46798,46.51873],[10.47246,46.51271],[10.48239,46.50151],[10.48844,46.49736],[10.49386,46.49448],[10.54135,46.48947],[10.56932,46.48089],[10.61676,46.46006],[10.62471,46.45445],[10.62765,46.44765],[10.63014,46.44014],[10.63866,46.41107],[10.63928,46.39903],[10.63789,46.39484],[10.63587,46.39081],[10.63231,46.38632],[10.62904,46.38301],[10.61891,46.37536],[10.61164,46.37148],[10.60744,46.3698],[10.59814,46.36735],[10.58667,46.36642],[10.56336,46.36735],[10.55824,46.3667],[10.55189,46.36435],[10.53438,46.35329],[10.52785,46.34264],[10.56699,46.32206],[10.57769,46.31273],[10.57923,46.30916],[10.58063,46.30149],[10.58048,46.29744],[10.57953,46.2934],[10.57815,46.28962],[10.5783,46.28234],[10.58017,46.27242],[10.58806,46.25077],[10.58993,46.24048],[10.59023,46.23337],[10.57582,46.20607],[10.56729,46.19352],[10.56543,46.18853],[10.56398,46.18204],[10.56413,46.15661],[10.55855,46.11801],[10.55686,46.11243],[10.55468,46.10938],[10.55205,46.10667],[10.52227,46.08603],[10.51515,46.08199],[10.5108,46.0758],[10.50579,46.06642],[10.49898,46.04354],[10.49463,46.03342],[10.49076,46.02691],[10.4782,46.02163],[10.47341,46.01783],[10.46859,46.01179],[10.46209,45.99856],[10.45976,45.99104],[10.45915,45.985],[10.46038,45.98159],[10.46286,45.97869],[10.46596,45.97629],[10.46998,45.97443],[10.47479,45.97306],[10.49558,45.96932],[10.49867,45.96764],[10.50006,45.96515],[10.50116,45.96087],[10.50208,45.94759],[10.503,45.94298],[10.50426,45.93937],[10.50595,45.93591],[10.50781,45.93272],[10.51623,45.92278],[10.51948,45.91674],[10.51981,45.91219],[10.51841,45.90831],[10.51206,45.89836],[10.50766,45.88836],[10.50689,45.88221],[10.5072,45.87746],[10.51329,45.86594],[10.52291,45.84134],[10.52585,45.83653],[10.52864,45.8341],[10.53251,45.83224],[10.54926,45.82951],[10.55437,45.82772],[10.55903,45.82441],[10.55965,45.81968],[10.55624,45.80718],[10.55763,45.80312],[10.56088,45.80036],[10.56962,45.79718],[10.57923,45.79472],[10.58465,45.79423],[10.58962,45.79451],[10.59428,45.79566],[10.5983,45.79734],[10.61164,45.80651],[10.61581,45.80801],[10.621,45.80883],[10.64517,45.80785],[10.65633,45.80868],[10.66114,45.80976],[10.66531,45.81149],[10.66844,45.814],[10.6709,45.81697],[10.67246,45.82035],[10.67323,45.82408],[10.67417,45.83214],[10.6754,45.83581],[10.67716,45.83922],[10.67979,45.84203],[10.68305,45.84421],[10.6874,45.84526],[10.7035,45.84428],[10.70893,45.84482],[10.72862,45.84883],[10.73396,45.84919],[10.73938,45.84862],[10.74417,45.84744],[10.75705,45.84258],[10.76186,45.8417],[10.76744,45.84165],[10.79959,45.8456],[10.80873,45.84545],[10.81244,45.84497],[10.8267,45.84123],[10.8449,45.83405],[10.80253,45.78889],[10.79772,45.78243],[10.78293,45.75628],[10.76061,45.72966],[10.74558,45.71741],[10.64424,45.60957],[10.64114,45.59081],[10.64053,45.56303],[10.65044,45.49805],[10.64967,45.46064],[10.64719,45.45913],[10.64332,45.4533],[10.64299,45.44803],[10.64517,45.44095],[10.64998,45.43012],[10.66134,45.41943],[10.66176,45.41903],[10.6874,45.42385],[10.70243,45.42281],[10.70429,45.40219],[10.70212,45.38245],[10.70522,45.37381],[10.71794,45.36744],[10.71794,45.36121],[10.70693,45.35374],[10.7064,45.32949],[10.69746,45.32026],[10.71855,45.31558],[10.72926,45.31785],[10.73457,45.31777],[10.74015,45.31605],[10.74527,45.31095],[10.74791,45.30684],[10.75147,45.29951],[10.75364,45.29646],[10.7569,45.29447],[10.76107,45.29367],[10.76696,45.29527],[10.771,45.29739],[10.77426,45.30003],[10.77922,45.30548],[10.78263,45.30778],[10.78682,45.30896],[10.79462,45.3072],[10.80438,45.30282],[10.83569,45.2809],[10.84035,45.27522],[10.84615,45.26586],[10.84861,45.26307],[10.94588,45.20967],[10.97957,45.2004],[10.98732,45.19737],[10.99306,45.19394],[11.00082,45.18711],[11.00376,45.18365],[11.0053,45.17998],[11.00484,45.17696],[11.00407,45.1744],[11.00033,45.16783],[10.99941,45.16551],[10.99895,45.16234],[10.99941,45.15923],[11.00033,45.15703],[11.00189,45.15508],[11.0064,45.15329],[11.01279,45.15202],[11.02505,45.15213],[11.03885,45.15393],[11.04428,45.15393],[11.04922,45.15197],[11.05403,45.14722],[11.05511,45.14293],[11.05388,45.13921],[11.04968,45.13306],[11.04799,45.12981],[11.04738,45.12614],[11.0483,45.12265],[11.05017,45.11942],[11.05247,45.11657],[11.06473,45.10554],[11.06955,45.10273],[11.07735,45.09946],[11.08385,45.09843],[11.09084,45.09927],[11.09796,45.10309],[11.102,45.10661],[11.10571,45.10923],[11.10943,45.11066],[11.13817,45.1129],[11.14562,45.11487],[11.1512,45.1172],[11.15491,45.11932],[11.16236,45.11993],[11.17352,45.11909],[11.20411,45.11244],[11.2103,45.1043],[11.19589,45.09627],[11.19294,45.09388],[11.19123,45.09094],[11.19092,45.08753],[11.19497,45.06531],[11.19573,45.0634],[11.21309,45.05921],[11.27284,45.05957],[11.27268,45.03379],[11.30514,45.01296],[11.3889,44.97362],[11.40584,44.9724],[11.41902,44.96687],[11.4215,44.94986],[11.37092,44.95814],[11.30296,44.96007],[11.29815,44.95886],[11.29455,44.95699],[11.29176,44.95416],[11.28679,44.94619],[11.27965,44.94268],[11.27501,44.94248],[11.25702,44.94734],[11.18519,44.93235],[11.16344,44.93152],[11.16018,44.93377],[11.15181,44.94176],[11.14856,44.94388],[11.14467,44.94573],[11.09051,44.96147],[11.08308,44.9619],[10.99941,44.95343],[10.99646,44.95189],[10.99367,44.94979],[10.99088,44.94713],[10.98592,44.94124],[10.98128,44.93842],[10.97476,44.93587],[10.94479,44.9308],[10.93641,44.92796],[10.93255,44.9261],[10.92077,44.92144],[10.88893,44.91349],[10.88778,44.91402],[10.87715,44.91899],[10.87373,44.92104],[10.86584,44.92501],[10.85962,44.92702],[10.7645,44.94356],[10.76076,44.94558],[10.75859,44.94816],[10.75892,44.95137],[10.76046,44.9546],[10.76248,44.95775],[10.76355,44.96118],[10.7634,44.9649],[10.76202,44.96831],[10.76015,44.97152],[10.7572,44.97423],[10.75426,44.97653],[10.74046,44.98462],[10.73721,44.98599],[10.72475,44.98671],[10.70972,44.98599],[10.70166,44.98702],[10.69577,44.98852],[10.6925,44.99038],[10.68026,44.98707],[10.6634,44.96527],[10.63266,44.93948],[10.60124,44.9224],[10.56549,44.91565],[10.52135,44.91617],[10.50382,44.91905],[10.50151,44.91943],[10.4778,44.92333],[10.44359,44.93669],[10.4301,44.95141],[10.41397,44.9848],[10.39925,44.99131],[10.37914,44.98889],[10.3653,44.98486],[10.35036,44.98402],[10.32689,44.99131],[10.22369,45.03816],[10.18354,45.04655],[10.14294,45.04335],[10.10495,45.03518],[10.07188,45.03753],[10.04635,45.06578],[10.02835,45.09711],[10.02589,45.10458],[10.02154,45.11011],[10.00227,45.11968],[9.99792,45.12474],[9.9866,45.12872],[9.91603,45.108],[9.92314,45.13006],[9.90392,45.13849],[9.88289,45.13415],[9.88496,45.11792],[9.89959,45.09916],[9.89585,45.09187],[9.88078,45.09157],[9.83881,45.09856],[9.83018,45.09627],[9.8369,45.08376],[9.8402,45.07381],[9.83369,45.06825],[9.82444,45.06867],[9.81979,45.07662],[9.81183,45.08472],[9.77509,45.10151],[9.76455,45.11481],[9.75835,45.11481],[9.75789,45.11007],[9.7569,45.10923],[9.75505,45.10944],[9.75215,45.108],[9.75246,45.08201],[9.72234,45.07228],[9.68145,45.07534],[9.6491,45.08751],[9.63686,45.09394],[9.63515,45.0987],[9.63484,45.11141],[9.63748,45.11706],[9.64135,45.12211],[9.64042,45.12608],[9.62864,45.12846],[9.61454,45.12551],[9.60296,45.11823],[9.59041,45.11259],[9.57341,45.11481],[9.5613,45.12903],[9.55273,45.13482],[9.54605,45.13266],[9.54605,45.13266],[9.54264,45.13156],[9.53893,45.12417],[9.54058,45.11586],[9.54416,45.10691],[9.54607,45.09745],[9.54187,45.08604],[9.53205,45.08826],[9.51195,45.10118],[9.50063,45.10309],[9.49187,45.10361],[9.47035,45.10118],[9.42505,45.10118],[9.41821,45.08797],[9.41419,45.08125],[9.38312,45.04503],[9.31982,44.9418],[9.31206,44.93312],[9.30648,44.92488],[9.30433,44.91961],[9.30261,44.91313],[9.30169,44.90235],[9.30261,44.89617],[9.30464,44.89168],[9.30697,44.88894],[9.31301,44.88424],[9.31672,44.88222],[9.32509,44.87884],[9.34359,44.87328],[9.35104,44.86945],[9.35383,44.86708],[9.35601,44.86421],[9.35755,44.86072],[9.35832,44.85649],[9.35847,44.85215],[9.35522,44.82654],[9.3408,44.80574],[9.31764,44.77954],[9.30991,44.76739],[9.30587,44.75884],[9.30666,44.75494],[9.30789,44.75148],[9.31782,44.73102],[9.32261,44.71624],[9.32307,44.71231],[9.32215,44.70771],[9.31951,44.7036],[9.31378,44.69856],[9.30912,44.69572],[9.30169,44.69407],[9.29253,44.69392],[9.27486,44.69608],[9.26691,44.69872],[9.2621,44.70181],[9.25698,44.712],[9.25467,44.7149],[9.2514,44.71574],[9.24753,44.71437],[9.24489,44.70827],[9.24474,44.70368],[9.2452,44.69468],[9.24458,44.69061],[9.2421,44.68301],[9.23265,44.67882]]]}},{"type":"Feature","properties":{"name":"Friuli-Venezia Giulia","label":{"no":"Friuli-Venezia Giulia","en":"Friuli-Venezia Giulia"},"short":"Friuli-Venezia Giulia","neighbours":["Veneto"]},"geometry":{"type":"Polygon","coordinates":[[[12.83156,45.82475],[12.82674,45.82444],[12.82271,45.82609],[12.81868,45.82775],[12.81417,45.83415],[12.81417,45.83415],[12.81434,45.83568],[12.8145,45.83721],[12.8145,45.83721],[12.81443,45.83899],[12.81435,45.84077],[12.81395,45.84202],[12.81325,45.84421],[12.81193,45.8456],[12.81073,45.84686],[12.80992,45.84745],[12.80018,45.85317],[12.79562,45.85483],[12.79196,45.85617],[12.79028,45.85588],[12.78374,45.85317],[12.78095,45.85001],[12.77816,45.84684],[12.77694,45.84517],[12.77491,45.84237],[12.77209,45.83995],[12.77041,45.83849],[12.76769,45.83737],[12.73951,45.83146],[12.71116,45.81241],[12.6728,45.80206],[12.66551,45.81477],[12.66087,45.81901],[12.64428,45.82974],[12.63886,45.83209],[12.63415,45.83312],[12.62934,45.83281],[12.62468,45.83182],[12.61306,45.82648],[12.60809,45.82578],[12.60313,45.82624],[12.56791,45.83886],[12.56417,45.84203],[12.56092,45.84656],[12.55782,45.85493],[12.53224,45.90254],[12.52961,45.91097],[12.52846,45.91637],[12.52629,45.92035],[12.52227,45.92418],[12.5128,45.92857],[12.49777,45.93209],[12.49406,45.93366],[12.47307,45.95017],[12.46749,45.95285],[12.46329,45.95409],[12.45277,45.95596],[12.4478,45.95965],[12.4447,45.96624],[12.44035,45.99755],[12.43447,46.01678],[12.42288,46.0421],[12.42243,46.04308],[12.41895,46.05068],[12.43029,46.06308],[12.43539,46.07005],[12.43928,46.07672],[12.44145,46.07993],[12.44424,46.08274],[12.44734,46.0852],[12.4509,46.08737],[12.45477,46.08907],[12.47931,46.09429],[12.48753,46.0975],[12.49452,46.10184],[12.49715,46.10422],[12.49917,46.10665],[12.50197,46.11103],[12.50258,46.11755],[12.50212,46.12716],[12.49823,46.14696],[12.49498,46.15568],[12.49142,46.16142],[12.47235,46.17139],[12.46547,46.17589],[12.46283,46.17844],[12.46066,46.18137],[12.45973,46.18488],[12.4582,46.1991],[12.45648,46.20638],[12.45292,46.20971],[12.44796,46.21108],[12.43649,46.21118],[12.43137,46.21181],[12.42812,46.21387],[12.42625,46.21687],[12.42471,46.22028],[12.42269,46.22328],[12.41959,46.22555],[12.41478,46.22668],[12.39226,46.2271],[12.38729,46.2284],[12.38279,46.22995],[12.35824,46.24501],[12.34291,46.25774],[12.34027,46.26049],[12.33653,46.26643],[12.33592,46.26948],[12.3384,46.27423],[12.34352,46.28198],[12.36011,46.29811],[12.37039,46.30627],[12.38511,46.31355],[12.43664,46.33211],[12.4447,46.33774],[12.46531,46.35644],[12.49731,46.39732],[12.50009,46.40418],[12.50755,46.42254],[12.52025,46.44228],[12.52414,46.4457],[12.5293,46.44902],[12.55116,46.45742],[12.59306,46.46368],[12.6407,46.46388],[12.65156,46.46187],[12.6607,46.45871],[12.66551,46.45789],[12.66986,46.45913],[12.67234,46.46326],[12.67219,46.47207],[12.67032,46.47701],[12.66707,46.48062],[12.65839,46.48401],[12.65327,46.48513],[12.64876,46.4867],[12.64505,46.48853],[12.64226,46.49127],[12.64268,46.49585],[12.64644,46.50176],[12.66366,46.51654],[12.66891,46.51995],[12.67296,46.52184],[12.68164,46.52496],[12.69139,46.52735],[12.75709,46.53448],[12.76019,46.53693],[12.76173,46.54163],[12.75909,46.55013],[12.76096,46.55967],[12.76142,46.57256],[12.75461,46.59339],[12.7485,46.641],[12.83041,46.60964],[13.14646,46.58496],[13.23111,46.55217],[13.47802,46.56357],[13.50675,46.54693],[13.70095,46.51975],[13.67749,46.45208],[13.60018,46.44264],[13.53001,46.38833],[13.43409,46.35386],[13.39131,46.30157],[13.36526,46.2903],[13.41012,46.20798],[13.4374,46.21093],[13.42283,46.2286],[13.4683,46.22343],[13.55905,46.18411],[13.63739,46.18039],[13.64504,46.16173],[13.61641,46.12504],[13.5051,46.06603],[13.48226,46.04484],[13.49001,46.02556],[13.46179,46.00639],[13.50944,45.96743],[13.60587,45.98541],[13.62282,45.96639],[13.56928,45.86454],[13.56597,45.83033],[13.58127,45.80925],[13.66033,45.79204],[13.70948,45.76532],[13.77872,45.74341],[13.85841,45.64936],[13.89314,45.63468],[13.88704,45.61877],[13.84776,45.58466],[13.71176,45.59321],[13.73015,45.6131],[13.80812,45.61433],[13.73927,45.64912],[13.75766,45.65497],[13.73911,45.6916],[13.64731,45.76203],[13.55128,45.79243],[13.52418,45.76008],[13.52833,45.74055],[13.55494,45.73721],[13.4017,45.67544],[13.37672,45.68317],[13.43141,45.70685],[13.42262,45.72407],[13.38168,45.73005],[13.3694,45.74461],[13.25489,45.75605],[13.21551,45.77879],[13.16944,45.76874],[13.14967,45.75153],[13.11931,45.77196],[13.10816,45.75821],[13.12289,45.73721],[13.08058,45.72761],[13.06959,45.71369],[13.07504,45.69684],[13.09148,45.6892],[13.14967,45.70376],[13.09563,45.65232],[13.08818,45.6587],[13.07453,45.67421],[13.06321,45.69657],[13.0519,45.71892],[13.04941,45.72173],[13.04693,45.72454],[13.0419,45.72883],[13.03687,45.73312],[13.03199,45.73809],[13.02889,45.74277],[13.02953,45.74956],[13.02962,45.75002],[13.02984,45.75116],[13.02912,45.75357],[13.02889,45.75432],[13.02734,45.75692],[13.00193,45.78196],[13.00022,45.78563],[12.99914,45.79052],[12.99743,45.80227],[12.99727,45.81278],[12.9996,45.8232],[12.99945,45.82434],[12.99929,45.82547],[12.99595,45.82948],[12.97288,45.84262],[12.96234,45.83358],[12.95473,45.82361],[12.95179,45.82072],[12.94685,45.81932],[12.93986,45.81932],[12.89455,45.82584],[12.8916,45.82747],[12.88864,45.82911],[12.88777,45.8304],[12.88633,45.83255],[12.8871,45.83612],[12.8837,45.84203],[12.87726,45.84505],[12.87517,45.84575],[12.87005,45.84684],[12.86322,45.8465],[12.85573,45.84449],[12.85062,45.84155],[12.84551,45.8386],[12.83744,45.82997],[12.83542,45.82666],[12.83311,45.82552],[12.83156,45.82475]]]}},{"type":"Feature","properties":{"name":"Trentino-Alto Adige","label":{"no":"Trentino-Alto Adige","en":"Trentino-Alto Adige"},"short":"Trentino-Alto Adige","neighbours":["Lombardia","Veneto"]},"geometry":{"type":"Polygon","coordinates":[[[10.45759,46.54264],[10.45183,46.5467],[10.4659,46.57848],[10.45908,46.62356],[10.39562,46.63881],[10.36917,46.6724],[10.39438,46.70082],[10.39965,46.73555],[10.4287,46.75565],[10.41722,46.79885],[10.44492,46.82324],[10.45381,46.86443],[10.48626,46.84637],[10.52771,46.84321],[10.64708,46.86376],[10.73896,46.82955],[10.74868,46.81944],[10.71695,46.79521],[10.72294,46.78645],[10.83415,46.78025],[10.87043,46.76407],[10.99693,46.76911],[11.05284,46.81492],[11.09191,46.91243],[11.17449,46.96385],[11.31381,46.98726],[11.41117,46.97049],[11.47184,47.00708],[11.52444,46.98835],[11.59648,47.00044],[11.68381,46.99191],[11.73487,46.97062],[11.89951,47.02772],[12.01496,47.04049],[12.11624,47.07656],[12.18063,47.08521],[12.2042,47.07969],[12.20358,47.05333],[12.12172,47.01052],[12.11118,46.993],[12.14167,46.92799],[12.12689,46.90887],[12.17216,46.89918],[12.1951,46.88009],[12.26662,46.86815],[12.27582,46.84629],[12.2691,46.78857],[12.34269,46.76513],[12.37039,46.71116],[12.40501,46.69012],[12.46963,46.6758],[12.44455,46.66542],[12.43214,46.65762],[12.42686,46.65193],[12.42376,46.64945],[12.41849,46.64681],[12.39922,46.63974],[12.3941,46.63612],[12.3921,46.6324],[12.39333,46.62532],[12.39241,46.62181],[12.38867,46.61943],[12.38248,46.61814],[12.37132,46.61912],[12.36497,46.62087],[12.3598,46.6232],[12.35637,46.62548],[12.35235,46.62737],[12.3477,46.62867],[12.34073,46.62816],[12.33328,46.62605],[12.32243,46.62051],[12.31329,46.61726],[12.30243,46.61462],[12.25308,46.61085],[12.23722,46.60589],[12.21397,46.59607],[12.20808,46.59493],[12.20419,46.59842],[12.20171,46.60615],[12.20017,46.6094],[12.17793,46.6348],[12.17438,46.63697],[12.16974,46.6384],[12.14724,46.64108],[12.13856,46.64428],[12.09914,46.66783],[12.09464,46.66829],[12.08967,46.66682],[12.08427,46.66002],[12.08156,46.65488],[12.08033,46.64987],[12.07899,46.63635],[12.07712,46.62816],[12.07119,46.61313],[12.0639,46.59969],[12.05476,46.58677],[12.04157,46.57521],[12.03847,46.57131],[12.0363,46.56713],[12.03382,46.55468],[12.03228,46.55078],[12.03026,46.5475],[12.02793,46.5445],[12.02514,46.54178],[12.02204,46.53941],[12.00587,46.53545],[11.85193,46.51416],[11.83224,46.50403],[11.83424,46.48383],[11.84325,46.47846],[11.87089,46.47443],[11.8808,46.47137],[11.88825,46.46739],[11.89119,46.46491],[11.89367,46.46218],[11.89554,46.45887],[11.8957,46.45476],[11.89398,46.45004],[11.88779,46.44378],[11.88251,46.44068],[11.87368,46.43645],[11.86669,46.43236],[11.86359,46.42991],[11.86096,46.42709],[11.85832,46.42182],[11.85584,46.41445],[11.85037,46.3845],[11.84819,46.38102],[11.84292,46.37831],[11.8265,46.37712],[11.822,46.37567],[11.80293,46.36621],[11.79963,46.36357],[11.79796,46.3596],[11.79921,46.35319],[11.80117,46.34883],[11.80385,46.34528],[11.84076,46.31609],[11.84586,46.31082],[11.84804,46.30787],[11.8499,46.30451],[11.85021,46.29924],[11.84865,46.28253],[11.85021,46.2771],[11.85346,46.27372],[11.85832,46.27253],[11.8639,46.27217],[11.88763,46.27271],[11.89291,46.2719],[11.89708,46.2703],[11.90002,46.26772],[11.90391,46.26147],[11.9067,46.25902],[11.91092,46.25713],[11.9207,46.25449],[11.92457,46.25309],[11.92659,46.25128],[11.92736,46.25061],[11.92055,46.23381],[11.91978,46.22777],[11.92039,46.22276],[11.92257,46.21984],[11.92536,46.21733],[11.93263,46.21269],[11.96287,46.20098],[11.96643,46.19883],[11.96944,46.19631],[11.97128,46.1931],[11.97067,46.18922],[11.96726,46.18514],[11.95759,46.18116],[11.94489,46.17744],[11.93883,46.17406],[11.93202,46.16879],[11.91011,46.14659],[11.90591,46.14023],[11.9022,46.13658],[11.89646,46.13266],[11.88423,46.12825],[11.84046,46.11806],[11.82059,46.10897],[11.81068,46.1069],[11.79983,46.10566],[11.74413,46.1053],[11.71214,46.10107],[11.70686,46.09939],[11.70267,46.09517],[11.69895,46.08708],[11.70005,46.07574],[11.70144,46.06959],[11.70546,46.06173],[11.70594,46.05768],[11.70469,46.05342],[11.69972,46.04817],[11.6912,46.04262],[11.68748,46.03778],[11.68449,46.03027],[11.68076,46.00447],[11.6848,45.98433],[11.6538,45.97544],[11.63767,45.97394],[11.61359,45.97559],[11.60335,45.97784],[11.59933,45.97941],[11.59608,45.98163],[11.59313,45.98423],[11.5908,45.98717],[11.58458,45.99998],[11.58412,46.00065],[11.57885,46.00619],[11.57215,46.01063],[11.56841,46.01249],[11.56424,46.01414],[11.55912,46.0152],[11.55338,46.01582],[11.54099,46.01598],[11.49505,46.01244],[11.48606,46.00986],[11.44058,45.98763],[11.41531,45.98283],[11.39261,45.98107],[11.38751,45.9789],[11.38332,45.97534],[11.37976,45.96758],[11.3796,45.96257],[11.38037,45.95818],[11.38408,45.95185],[11.38472,45.94856],[11.38301,45.94484],[11.37617,45.93998],[11.37044,45.93518],[11.36378,45.92706],[11.35897,45.92293],[11.35106,45.92144],[11.34612,45.92257],[11.34141,45.92438],[11.33412,45.92857],[11.33087,45.93089],[11.32823,45.93348],[11.32605,45.93629],[11.32326,45.93855],[11.31924,45.93973],[11.31474,45.93937],[11.31072,45.93771],[11.30714,45.93555],[11.29455,45.92599],[11.27873,45.91896],[11.27453,45.91498],[11.27066,45.90906],[11.26585,45.89681],[11.25809,45.88392],[11.20055,45.8109],[11.19883,45.80749],[11.19945,45.80237],[11.20239,45.79478],[11.20193,45.79126],[11.19945,45.78826],[11.18875,45.78379],[11.18457,45.78159],[11.18251,45.77844],[11.18301,45.77349],[11.1858,45.76173],[11.1855,45.75814],[11.18488,45.75472],[11.14792,45.71051],[11.13072,45.69959],[11.11299,45.70026],[11.06364,45.71256],[11.05823,45.71307],[11.05311,45.71267],[11.04302,45.71091],[11.03621,45.71122],[11.02846,45.71238],[11.01714,45.71514],[11.01125,45.71462],[11.0067,45.71286],[10.99352,45.699],[10.99058,45.69648],[10.98717,45.69426],[10.98344,45.69272],[10.97911,45.69184],[10.96236,45.69509],[10.95771,45.69417],[10.9543,45.6922],[10.94883,45.68675],[10.94573,45.68434],[10.94184,45.68249],[10.93703,45.68165],[10.93178,45.68189],[10.92494,45.68584],[10.91688,45.69251],[10.90273,45.70835],[10.89405,45.71422],[10.88691,45.71695],[10.87667,45.71582],[10.8725,45.71783],[10.87032,45.72207],[10.87078,45.7309],[10.87575,45.75028],[10.87575,45.7507],[10.87621,45.75457],[10.87731,45.75785],[10.87869,45.76139],[10.88087,45.76483],[10.8832,45.7677],[10.8962,45.77721],[10.89891,45.77989],[10.90025,45.78408],[10.89952,45.79002],[10.89543,45.79969],[10.8939,45.80609],[10.88862,45.81286],[10.88458,45.81695],[10.8449,45.83405],[10.8267,45.84123],[10.81244,45.84497],[10.80873,45.84545],[10.79959,45.8456],[10.76744,45.84165],[10.76186,45.8417],[10.75705,45.84258],[10.74417,45.84744],[10.73938,45.84862],[10.73396,45.84919],[10.72862,45.84883],[10.70893,45.84482],[10.7035,45.84428],[10.6874,45.84526],[10.68305,45.84421],[10.67979,45.84203],[10.67716,45.83922],[10.6754,45.83581],[10.67417,45.83214],[10.67323,45.82408],[10.67246,45.82035],[10.6709,45.81697],[10.66844,45.814],[10.66531,45.81149],[10.66114,45.80976],[10.65633,45.80868],[10.64517,45.80785],[10.621,45.80883],[10.61581,45.80801],[10.61164,45.80651],[10.5983,45.79734],[10.59428,45.79566],[10.58962,45.79451],[10.58465,45.79423],[10.57923,45.79472],[10.56962,45.79718],[10.56088,45.80036],[10.55763,45.80312],[10.55624,45.80718],[10.55965,45.81968],[10.55903,45.82441],[10.55437,45.82772],[10.54926,45.82951],[10.53251,45.83224],[10.52864,45.8341],[10.52585,45.83653],[10.52291,45.84134],[10.51329,45.86594],[10.5072,45.87746],[10.50689,45.88221],[10.50766,45.88836],[10.51206,45.89836],[10.51841,45.90831],[10.51981,45.91219],[10.51948,45.91674],[10.51623,45.92278],[10.50781,45.93272],[10.50595,45.93591],[10.50426,45.93937],[10.503,45.94298],[10.50208,45.94759],[10.50116,45.96087],[10.50006,45.96515],[10.49867,45.96764],[10.49558,45.96932],[10.47479,45.97306],[10.46998,45.97443],[10.46596,45.97629],[10.46286,45.97869],[10.46038,45.98159],[10.45915,45.985],[10.45976,45.99104],[10.46209,45.99856],[10.46859,46.01179],[10.47341,46.01783],[10.4782,46.02163],[10.49076,46.02691],[10.49463,46.03342],[10.49898,46.04354],[10.50579,46.06642],[10.5108,46.0758],[10.51515,46.08199],[10.52227,46.08603],[10.55205,46.10667],[10.55468,46.10938],[10.55686,46.11243],[10.55855,46.11801],[10.56413,46.15661],[10.56398,46.18204],[10.56543,46.18853],[10.56729,46.19352],[10.57582,46.20607],[10.59023,46.23337],[10.58993,46.24048],[10.58806,46.25077],[10.58017,46.27242],[10.5783,46.28234],[10.57815,46.28962],[10.57953,46.2934],[10.58048,46.29744],[10.58063,46.30149],[10.57923,46.30916],[10.57769,46.31273],[10.56699,46.32206],[10.52785,46.34264],[10.53438,46.35329],[10.55189,46.36435],[10.55824,46.3667],[10.56336,46.36735],[10.58667,46.36642],[10.59814,46.36735],[10.60744,46.3698],[10.61164,46.37148],[10.61891,46.37536],[10.62904,46.38301],[10.63231,46.38632],[10.63587,46.39081],[10.63789,46.39484],[10.63928,46.39903],[10.63866,46.41107],[10.63014,46.44014],[10.62765,46.44765],[10.62471,46.45445],[10.61676,46.46006],[10.56932,46.48089],[10.54135,46.48947],[10.49386,46.49448],[10.48844,46.49736],[10.48239,46.50151],[10.47246,46.51271],[10.46798,46.51873],[10.45759,46.54264]]]}},{"type":"Feature","properties":{"name":"Veneto","label":{"no":"Veneto","en":"Veneto"},"short":"Veneto","neighbours":["Emilia-Romagna","Friuli-Venezia Giulia","Lombardia","Trentino-Alto Adige"]},"geometry":{"type":"MultiPolygon","coordinates":[[[[12.43092,45.41568],[12.37623,45.42255],[12.32146,45.34801],[12.37184,45.42487],[12.38917,45.43354],[12.43092,45.41568]]],[[[12.36378,45.44965],[12.33725,45.42739],[12.32065,45.42984],[12.31658,45.44306],[12.32984,45.45881],[12.36378,45.44965]]],[[[11.30514,45.01296],[11.27268,45.03379],[11.27284,45.05957],[11.21309,45.05921],[11.19573,45.0634],[11.19497,45.06531],[11.19092,45.08753],[11.19123,45.09094],[11.19294,45.09388],[11.19589,45.09627],[11.2103,45.1043],[11.20411,45.11244],[11.17352,45.11909],[11.16236,45.11993],[11.15491,45.11932],[11.1512,45.1172],[11.14562,45.11487],[11.13817,45.1129],[11.10943,45.11066],[11.10571,45.10923],[11.102,45.10661],[11.09796,45.10309],[11.09084,45.09927],[11.08385,45.09843],[11.07735,45.09946],[11.06955,45.10273],[11.06473,45.10554],[11.05247,45.11657],[11.05017,45.11942],[11.0483,45.12265],[11.04738,45.12614],[11.04799,45.12981],[11.04968,45.13306],[11.05388,45.13921],[11.05511,45.14293],[11.05403,45.14722],[11.04922,45.15197],[11.04428,45.15393],[11.03885,45.15393],[11.02505,45.15213],[11.01279,45.15202],[11.0064,45.15329],[11.00189,45.15508],[11.00033,45.15703],[10.99941,45.15923],[10.99895,45.16234],[10.99941,45.16551],[11.00033,45.16783],[11.00407,45.1744],[11.00484,45.17696],[11.0053,45.17998],[11.00376,45.18365],[11.00082,45.18711],[10.99306,45.19394],[10.98732,45.19737],[10.97957,45.2004],[10.94588,45.20967],[10.84861,45.26307],[10.84615,45.26586],[10.84035,45.27522],[10.83569,45.2809],[10.80438,45.30282],[10.79462,45.3072],[10.78682,45.30896],[10.78263,45.30778],[10.77922,45.30548],[10.77426,45.30003],[10.771,45.29739],[10.76696,45.29527],[10.76107,45.29367],[10.7569,45.29447],[10.75364,45.29646],[10.75147,45.29951],[10.74791,45.30684],[10.74527,45.31095],[10.74015,45.31605],[10.73457,45.31777],[10.72926,45.31785],[10.71855,45.31558],[10.69746,45.32026],[10.7064,45.32949],[10.70693,45.35374],[10.71794,45.36121],[10.71794,45.36744],[10.70522,45.37381],[10.70212,45.38245],[10.70429,45.40219],[10.70243,45.42281],[10.6874,45.42385],[10.66176,45.41903],[10.66134,45.41943],[10.64998,45.43012],[10.64517,45.44095],[10.64299,45.44803],[10.64332,45.4533],[10.64719,45.45913],[10.64967,45.46064],[10.65044,45.49805],[10.64053,45.56303],[10.64114,45.59081],[10.64424,45.60957],[10.74558,45.71741],[10.76061,45.72966],[10.78293,45.75628],[10.79772,45.78243],[10.80253,45.78889],[10.8449,45.83405],[10.88458,45.81695],[10.88862,45.81286],[10.8939,45.80609],[10.89543,45.79969],[10.89952,45.79002],[10.90025,45.78408],[10.89891,45.77989],[10.8962,45.77721],[10.8832,45.7677],[10.88087,45.76483],[10.87869,45.76139],[10.87731,45.75785],[10.87621,45.75457],[10.87575,45.7507],[10.87575,45.75028],[10.87078,45.7309],[10.87032,45.72207],[10.8725,45.71783],[10.87667,45.71582],[10.88691,45.71695],[10.89405,45.71422],[10.90273,45.70835],[10.91688,45.69251],[10.92494,45.68584],[10.93178,45.68189],[10.93703,45.68165],[10.94184,45.68249],[10.94573,45.68434],[10.94883,45.68675],[10.9543,45.6922],[10.95771,45.69417],[10.96236,45.69509],[10.97911,45.69184],[10.98344,45.69272],[10.98717,45.69426],[10.99058,45.69648],[10.99352,45.699],[11.0067,45.71286],[11.01125,45.71462],[11.01714,45.71514],[11.02846,45.71238],[11.03621,45.71122],[11.04302,45.71091],[11.05311,45.71267],[11.05823,45.71307],[11.06364,45.71256],[11.11299,45.70026],[11.13072,45.69959],[11.14792,45.71051],[11.18488,45.75472],[11.1855,45.75814],[11.1858,45.76173],[11.18301,45.77349],[11.18251,45.77844],[11.18457,45.78159],[11.18875,45.78379],[11.19945,45.78826],[11.20193,45.79126],[11.20239,45.79478],[11.19945,45.80237],[11.19883,45.80749],[11.20055,45.8109],[11.25809,45.88392],[11.26585,45.89681],[11.27066,45.90906],[11.27453,45.91498],[11.27873,45.91896],[11.29455,45.92599],[11.30714,45.93555],[11.31072,45.93771],[11.31474,45.93937],[11.31924,45.93973],[11.32326,45.93855],[11.32605,45.93629],[11.32823,45.93348],[11.33087,45.93089],[11.33412,45.92857],[11.34141,45.92438],[11.34612,45.92257],[11.35106,45.92144],[11.35897,45.92293],[11.36378,45.92706],[11.37044,45.93518],[11.37617,45.93998],[11.38301,45.94484],[11.38472,45.94856],[11.38408,45.95185],[11.38037,45.95818],[11.3796,45.96257],[11.37976,45.96758],[11.38332,45.97534],[11.38751,45.9789],[11.39261,45.98107],[11.41531,45.98283],[11.44058,45.98763],[11.48606,46.00986],[11.49505,46.01244],[11.54099,46.01598],[11.55338,46.01582],[11.55912,46.0152],[11.56424,46.01414],[11.56841,46.01249],[11.57215,46.01063],[11.57885,46.00619],[11.58412,46.00065],[11.58458,45.99998],[11.5908,45.98717],[11.59313,45.98423],[11.59608,45.98163],[11.59933,45.97941],[11.60335,45.97784],[11.61359,45.97559],[11.63767,45.97394],[11.6538,45.97544],[11.6848,45.98433],[11.68076,46.00447],[11.68449,46.03027],[11.68748,46.03778],[11.6912,46.04262],[11.69972,46.04817],[11.70469,46.05342],[11.70594,46.05768],[11.70546,46.06173],[11.70144,46.06959],[11.70005,46.07574],[11.69895,46.08708],[11.70267,46.09517],[11.70686,46.09939],[11.71214,46.10107],[11.74413,46.1053],[11.79983,46.10566],[11.81068,46.1069],[11.82059,46.10897],[11.84046,46.11806],[11.88423,46.12825],[11.89646,46.13266],[11.9022,46.13658],[11.90591,46.14023],[11.91011,46.14659],[11.93202,46.16879],[11.93883,46.17406],[11.94489,46.17744],[11.95759,46.18116],[11.96726,46.18514],[11.97067,46.18922],[11.97128,46.1931],[11.96944,46.19631],[11.96643,46.19883],[11.96287,46.20098],[11.93263,46.21269],[11.92536,46.21733],[11.92257,46.21984],[11.92039,46.22276],[11.91978,46.22777],[11.92055,46.23381],[11.92736,46.25061],[11.92659,46.25128],[11.92457,46.25309],[11.9207,46.25449],[11.91092,46.25713],[11.9067,46.25902],[11.90391,46.26147],[11.90002,46.26772],[11.89708,46.2703],[11.89291,46.2719],[11.88763,46.27271],[11.8639,46.27217],[11.85832,46.27253],[11.85346,46.27372],[11.85021,46.2771],[11.84865,46.28253],[11.85021,46.29924],[11.8499,46.30451],[11.84804,46.30787],[11.84586,46.31082],[11.84076,46.31609],[11.80385,46.34528],[11.80117,46.34883],[11.79921,46.35319],[11.79796,46.3596],[11.79963,46.36357],[11.80293,46.36621],[11.822,46.37567],[11.8265,46.37712],[11.84292,46.37831],[11.84819,46.38102],[11.85037,46.3845],[11.85584,46.41445],[11.85832,46.42182],[11.86096,46.42709],[11.86359,46.42991],[11.86669,46.43236],[11.87368,46.43645],[11.88251,46.44068],[11.88779,46.44378],[11.89398,46.45004],[11.8957,46.45476],[11.89554,46.45887],[11.89367,46.46218],[11.89119,46.46491],[11.88825,46.46739],[11.8808,46.47137],[11.87089,46.47443],[11.84325,46.47846],[11.83424,46.48383],[11.83224,46.50403],[11.85193,46.51416],[12.00587,46.53545],[12.02204,46.53941],[12.02514,46.54178],[12.02793,46.5445],[12.03026,46.5475],[12.03228,46.55078],[12.03382,46.55468],[12.0363,46.56713],[12.03847,46.57131],[12.04157,46.57521],[12.05476,46.58677],[12.0639,46.59969],[12.07119,46.61313],[12.07712,46.62816],[12.07899,46.63635],[12.08033,46.64987],[12.08156,46.65488],[12.08427,46.66002],[12.08967,46.66682],[12.09464,46.66829],[12.09914,46.66783],[12.13856,46.64428],[12.14724,46.64108],[12.16974,46.6384],[12.17438,46.63697],[12.17793,46.6348],[12.20017,46.6094],[12.20171,46.60615],[12.20419,46.59842],[12.20808,46.59493],[12.21397,46.59607],[12.23722,46.60589],[12.25308,46.61085],[12.30243,46.61462],[12.31329,46.61726],[12.32243,46.62051],[12.33328,46.62605],[12.34073,46.62816],[12.3477,46.62867],[12.35235,46.62737],[12.35637,46.62548],[12.3598,46.6232],[12.36497,46.62087],[12.37132,46.61912],[12.38248,46.61814],[12.38867,46.61943],[12.39241,46.62181],[12.39333,46.62532],[12.3921,46.6324],[12.3941,46.63612],[12.39922,46.63974],[12.41849,46.64681],[12.42376,46.64945],[12.42686,46.65193],[12.43214,46.65762],[12.44455,46.66542],[12.46963,46.6758],[12.54733,46.65219],[12.62019,46.65648],[12.70659,46.63775],[12.7485,46.641],[12.75461,46.59339],[12.76142,46.57256],[12.76096,46.55967],[12.75909,46.55013],[12.76173,46.54163],[12.76019,46.53693],[12.75709,46.53448],[12.69139,46.52735],[12.68164,46.52496],[12.67296,46.52184],[12.66891,46.51995],[12.66366,46.51654],[12.64644,46.50176],[12.64268,46.49585],[12.64226,46.49127],[12.64505,46.48853],[12.64876,46.4867],[12.65327,46.48513],[12.65839,46.48401],[12.66707,46.48062],[12.67032,46.47701],[12.67219,46.47207],[12.67234,46.46326],[12.66986,46.45913],[12.66551,46.45789],[12.6607,46.45871],[12.65156,46.46187],[12.6407,46.46388],[12.59306,46.46368],[12.55116,46.45742],[12.5293,46.44902],[12.52414,46.4457],[12.52025,46.44228],[12.50755,46.42254],[12.50009,46.40418],[12.49731,46.39732],[12.46531,46.35644],[12.4447,46.33774],[12.43664,46.33211],[12.38511,46.31355],[12.37039,46.30627],[12.36011,46.29811],[12.34352,46.28198],[12.3384,46.27423],[12.33592,46.26948],[12.33653,46.26643],[12.34027,46.26049],[12.34291,46.25774],[12.35824,46.24501],[12.38279,46.22995],[12.38729,46.2284],[12.39226,46.2271],[12.41478,46.22668],[12.41959,46.22555],[12.42269,46.22328],[12.42471,46.22028],[12.42625,46.21687],[12.42812,46.21387],[12.43137,46.21181],[12.43649,46.21118],[12.44796,46.21108],[12.45292,46.20971],[12.45648,46.20638],[12.4582,46.1991],[12.45973,46.18488],[12.46066,46.18137],[12.46283,46.17844],[12.46547,46.17589],[12.47235,46.17139],[12.49142,46.16142],[12.49498,46.15568],[12.49823,46.14696],[12.50212,46.12716],[12.50258,46.11755],[12.50197,46.11103],[12.49917,46.10665],[12.49715,46.10422],[12.49452,46.10184],[12.48753,46.0975],[12.47931,46.09429],[12.45477,46.08907],[12.4509,46.08737],[12.44734,46.0852],[12.44424,46.08274],[12.44145,46.07993],[12.43928,46.07672],[12.43539,46.07005],[12.43029,46.06308],[12.41895,46.05068],[12.42243,46.04308],[12.42288,46.0421],[12.43447,46.01678],[12.44035,45.99755],[12.4447,45.96624],[12.4478,45.95965],[12.45277,45.95596],[12.46329,45.95409],[12.46749,45.95285],[12.47307,45.95017],[12.49406,45.93366],[12.49777,45.93209],[12.5128,45.92857],[12.52227,45.92418],[12.52629,45.92035],[12.52846,45.91637],[12.52961,45.91097],[12.53224,45.90254],[12.55782,45.85493],[12.56092,45.84656],[12.56417,45.84203],[12.56791,45.83886],[12.60313,45.82624],[12.60809,45.82578],[12.61306,45.82648],[12.62468,45.83182],[12.62934,45.83281],[12.63415,45.83312],[12.63886,45.83209],[12.64428,45.82974],[12.66087,45.81901],[12.66551,45.81477],[12.6728,45.80206],[12.71116,45.81241],[12.73951,45.83146],[12.76769,45.83737],[12.77041,45.83849],[12.77209,45.83995],[12.77491,45.84237],[12.77694,45.84517],[12.77816,45.84684],[12.78095,45.85001],[12.78374,45.85317],[12.79028,45.85588],[12.79196,45.85617],[12.79562,45.85483],[12.80018,45.85317],[12.80992,45.84745],[12.81073,45.84686],[12.81193,45.8456],[12.81325,45.84421],[12.81395,45.84202],[12.81435,45.84077],[12.81443,45.83899],[12.8145,45.83721],[12.81434,45.83568],[12.81417,45.83415],[12.81417,45.83415],[12.81868,45.82775],[12.82271,45.82609],[12.82674,45.82444],[12.83156,45.82475],[12.83311,45.82552],[12.83542,45.82666],[12.83744,45.82997],[12.84551,45.8386],[12.85062,45.84155],[12.85573,45.84449],[12.86322,45.8465],[12.87005,45.84684],[12.87517,45.84575],[12.87726,45.84505],[12.8837,45.84203],[12.8871,45.83612],[12.88633,45.83255],[12.88633,45.83255],[12.88777,45.8304],[12.88864,45.82911],[12.8916,45.82747],[12.89455,45.82584],[12.93986,45.81932],[12.94685,45.81932],[12.95179,45.82072],[12.95473,45.82361],[12.96234,45.83358],[12.97288,45.84262],[12.99595,45.82948],[12.99929,45.82547],[12.99945,45.82434],[12.9996,45.8232],[12.99727,45.81278],[12.99727,45.81278],[12.99743,45.80227],[12.99914,45.79052],[13.00022,45.78563],[13.00193,45.78196],[13.02734,45.75692],[13.02889,45.75432],[13.02912,45.75357],[13.02984,45.75116],[13.02962,45.75002],[13.02953,45.74956],[13.02889,45.74277],[13.03199,45.73809],[13.03687,45.73312],[13.0419,45.72883],[13.04693,45.72454],[13.04941,45.72173],[13.0519,45.71892],[13.06321,45.69657],[13.07453,45.67421],[13.08818,45.6587],[13.09563,45.65232],[13.06056,45.63666],[12.94386,45.62857],[12.78077,45.55353],[12.42368,45.43806],[12.41033,45.43622],[12.4358,45.47492],[12.43092,45.48404],[12.44728,45.48432],[12.45143,45.49824],[12.47193,45.48591],[12.47869,45.49079],[12.46502,45.50446],[12.49733,45.50674],[12.5066,45.49824],[12.49293,45.49079],[12.51515,45.49274],[12.52149,45.51899],[12.56251,45.53164],[12.58172,45.55288],[12.53728,45.53583],[12.5066,45.57331],[12.44191,45.53034],[12.45143,45.51191],[12.40358,45.51813],[12.39674,45.53925],[12.38413,45.52302],[12.424,45.49824],[12.3934,45.49164],[12.38054,45.49478],[12.38307,45.50446],[12.35043,45.50487],[12.27272,45.46361],[12.2461,45.41132],[12.25896,45.39521],[12.24529,45.36107],[12.22381,45.35395],[12.23219,45.34056],[12.21632,45.31623],[12.18751,45.30646],[12.15447,45.31346],[12.1491,45.29218],[12.18067,45.25804],[12.19939,45.2746],[12.19744,45.29963],[12.2173,45.29385],[12.22486,45.25117],[12.21111,45.24299],[12.23048,45.20425],[12.24733,45.19693],[12.26637,45.1966],[12.25896,45.20283],[12.3073,45.2307],[12.29802,45.2154],[12.32126,45.16481],[12.28688,45.14538],[12.27363,45.12455],[12.32126,45.16481],[12.32846,45.10102],[12.3073,45.10786],[12.3073,45.12836],[12.29672,45.08857],[12.32846,45.0799],[12.32106,45.09357],[12.34083,45.08145],[12.37623,45.03897],[12.35515,45.02464],[12.36883,45.01097],[12.38657,45.03876],[12.36883,45.06562],[12.41342,45.04287],[12.41033,45.03217],[12.48618,44.97651],[12.4992,44.98371],[12.48609,44.99116],[12.50261,44.99144],[12.53386,44.97004],[12.51271,44.92231],[12.49903,44.92145],[12.48732,44.86225],[12.44459,44.8205],[12.424,44.85464],[12.43832,44.90111],[12.40691,44.8913],[12.39161,44.85883],[12.41586,44.84357],[12.39674,44.82665],[12.424,44.8205],[12.3934,44.79345],[12.39313,44.79359],[12.36325,44.80928],[12.34972,44.81804],[12.34708,44.82068],[12.34521,44.82377],[12.34444,44.82765],[12.34429,44.83623],[12.34352,44.84006],[12.34181,44.84331],[12.33948,44.84621],[12.33653,44.84864],[12.33297,44.8508],[12.32708,44.853],[12.30472,44.85861],[12.29758,44.86145],[12.29338,44.86475],[12.29169,44.86802],[12.29043,44.87157],[12.28859,44.87907],[12.28734,44.88975],[12.2847,44.90078],[12.28424,44.9046],[12.28455,44.90868],[12.28595,44.91227],[12.28813,44.91545],[12.29307,44.92116],[12.29463,44.92419],[12.29479,44.92744],[12.29323,44.93036],[12.29092,44.93318],[12.28764,44.93535],[12.28114,44.93643],[12.272,44.93643],[12.24548,44.93251],[12.23878,44.9308],[12.23535,44.92912],[12.23271,44.92744],[12.23041,44.92628],[12.22326,44.92612],[12.19134,44.93142],[12.17453,44.93684],[12.16989,44.93715],[12.16306,44.93467],[12.1564,44.93323],[12.14803,44.93343],[12.13511,44.93684],[12.12907,44.94005],[12.12533,44.94359],[12.12085,44.95359],[12.11867,44.95653],[12.11573,44.95902],[12.10426,44.96496],[12.08721,44.97048],[11.99066,44.98387],[11.98603,44.98526],[11.97827,44.98558],[11.96818,44.9849],[11.93046,44.97849],[11.92303,44.97849],[11.91062,44.98059],[11.8949,44.98121],[11.86964,44.98537],[11.82154,44.97765],[11.79735,44.97765],[11.79357,44.97549],[11.78768,44.96612],[11.78366,44.96397],[11.76779,44.96335],[11.75641,44.96116],[11.74753,44.95674],[11.73894,44.94971],[11.73569,44.93855],[11.71829,44.93193],[11.67751,44.9224],[11.65395,44.90584],[11.64031,44.89829],[11.62227,44.89509],[11.60629,44.89881],[11.55338,44.92924],[11.52491,44.93998],[11.50946,44.94258],[11.48852,44.94351],[11.44987,44.93751],[11.4319,44.93767],[11.4215,44.94986],[11.41902,44.96687],[11.40584,44.9724],[11.3889,44.97362],[11.30514,45.01296]],[[12.27209,45.54049],[12.26267,45.53627],[12.27209,45.54049],[12.28562,45.56601],[12.27209,45.54049]],[[12.43518,45.6154],[12.4369,45.6088],[12.4369,45.6088],[12.43518,45.6154]],[[12.66757,45.75048],[12.67195,45.73208],[12.67195,45.73208],[12.66757,45.75048]],[[11.96482,45.1486],[11.96194,45.14319],[11.96194,45.14319],[11.96482,45.1486]],[[12.20063,45.26102],[12.20186,45.24744],[12.20186,45.24744],[12.20063,45.26102]],[[12.04019,45.12281],[12.06466,45.10178],[12.04019,45.12281],[12.03445,45.13419],[12.04019,45.12281]],[[12.11678,45.06732],[12.13661,45.06165],[12.11678,45.06732],[12.08603,45.08611],[12.11678,45.06732]],[[12.22843,45.10884],[12.24515,45.11414],[12.22843,45.10884],[12.2079,45.1117],[12.22843,45.10884]],[[12.07082,45.57635],[12.07764,45.58035],[12.07082,45.57635],[12.0552,45.5739],[12.07082,45.57635]],[[12.03012,45.53936],[12.02911,45.53615],[12.02911,45.53615],[12.03012,45.53936]],[[11.99302,45.49239],[11.98154,45.47073],[11.98154,45.47073],[11.99302,45.49239]],[[11.97714,45.40067],[11.97592,45.39774],[11.97592,45.39774],[11.97714,45.40067]],[[11.99901,45.37369],[11.97911,45.39088],[11.99901,45.37369],[12.03344,45.36024],[11.99901,45.37369]],[[12.02299,45.34945],[12.01672,45.34298],[12.01672,45.34298],[12.02299,45.34945]]]]}}]}