{"type": "FeatureCollection", "//": "Administrative regions this chapter needs, plus the wine zones it names. Every zone carries `source`: the outlines are approximate and say so.", "features": [{"type": "Feature", "properties": {"name": "Toscana", "label": {"no": "Toscana", "en": "Tuscany"}, "short": "Toscana", "neighbours": ["Emilia-Romagna", "Lazio", "Liguria", "Marche", "Umbria"]}, "geometry": {"type": "MultiPolygon", "coordinates": [[[[10.30641, 42.35155], [10.31593, 42.34077], [10.31324, 42.32392], [10.29444, 42.32803], [10.30641, 42.35155]]], [[[10.8717, 42.35405], [10.86183, 42.36628], [10.88299, 42.39216], [10.91346, 42.37524], [10.93976, 42.33066], [10.92333, 42.31873], [10.8717, 42.35405]]], [[[11.57059, 42.5248], [11.56687, 42.52025], [11.56687, 42.52025], [11.56637, 42.51804], [11.56593, 42.51612], [11.56593, 42.51612], [11.5712, 42.511], [11.58878, 42.50082], [11.59933, 42.49472], [11.60654, 42.48869], [11.60785, 42.48733], [11.60955, 42.48216], [11.60955, 42.47462], [11.60724, 42.45968], [11.60476, 42.4524], [11.60181, 42.44739], [11.60058, 42.44653], [11.59017, 42.44196], [11.49814, 42.43405], [11.49558, 42.43339], [11.49302, 42.43273], [11.49008, 42.43161], [11.48714, 42.43049], [11.48295, 42.42819], [11.47876, 42.42589], [11.47674, 42.424], [11.47472, 42.42212], [11.47333, 42.42034], [11.47193, 42.41857], [11.46176, 42.39657], [11.45158, 42.37457], [11.45154, 42.37447], [11.4515, 42.37437], [11.4515, 42.37437], [11.37664, 42.40689], [11.33302, 42.40058], [11.24562, 42.42231], [11.21127, 42.41889], [11.18385, 42.36628], [11.15594, 42.36628], [11.10662, 42.39126], [11.08676, 42.41836], [11.09913, 42.44286], [11.16419, 42.43983], [11.18845, 42.48027], [11.18686, 42.52082], [11.15846, 42.56403], [11.12867, 42.55805], [11.09742, 42.60688], [11.0809, 42.6127], [11.07781, 42.63223], [11.00571, 42.66791], [10.99, 42.71027], [10.94361, 42.74299], [10.73129, 42.80443], [10.7649, 42.83527], [10.76564, 42.8771], [10.77768, 42.89472], [10.76352, 42.91828], [10.6325, 42.95848], [10.53907, 42.94912], [10.54656, 42.93476], [10.51857, 42.92528], [10.49952, 42.9405], [10.47755, 42.99006], [10.5171, 43.02391], [10.53907, 43.07941], [10.54656, 43.14712], [10.52817, 43.24677], [10.43702, 43.38858], [10.31723, 43.49262], [10.29477, 43.56855], [10.26401, 43.80939], [10.21013, 43.92023], [10.1058, 44.01675], [10.02846, 44.04926], [10.02853, 44.04946], [10.02883, 44.05072], [10.03052, 44.05555], [10.03316, 44.06104], [10.03626, 44.06641], [10.0434, 44.07591], [10.05223, 44.08444], [10.05456, 44.08744], [10.05643, 44.09069], [10.05689, 44.09445], [10.05316, 44.09953], [10.04542, 44.10496], [10.02681, 44.11425], [10.01703, 44.11685], [10.00945, 44.11746], [10.00132, 44.11565], [9.99451, 44.11524], [9.98985, 44.11762], [9.98568, 44.12182], [9.98164, 44.13115], [9.98087, 44.13709], [9.98102, 44.14216], [9.98164, 44.14611], [9.98148, 44.15007], [9.97979, 44.15324], [9.97529, 44.15668], [9.96817, 44.15997], [9.95406, 44.16433], [9.94562, 44.16536], [9.9385, 44.1654], [9.9202, 44.16345], [9.91044, 44.16366], [9.90082, 44.16496], [9.89864, 44.1664], [9.89695, 44.16888], [9.89803, 44.17413], [9.89974, 44.17788], [9.90686, 44.18769], [9.90827, 44.19131], [9.90656, 44.19573], [9.90223, 44.19988], [9.89069, 44.20443], [9.8848, 44.20439], [9.88045, 44.20257], [9.87177, 44.19015], [9.86898, 44.18759], [9.86573, 44.18562], [9.86171, 44.18593], [9.85892, 44.18831], [9.8583, 44.19348], [9.85984, 44.202], [9.86, 44.20609], [9.85938, 44.20989], [9.85364, 44.22867], [9.85334, 44.23277], [9.85349, 44.23699], [9.85411, 44.24128], [9.85426, 44.24546], [9.85349, 44.24927], [9.85208, 44.25259], [9.8465, 44.25725], [9.83782, 44.26262], [9.75185, 44.30556], [9.71629, 44.32988], [9.68977, 44.35766], [9.68698, 44.3636], [9.68729, 44.36675], [9.68885, 44.37006], [9.69149, 44.3728], [9.69535, 44.37471], [9.69955, 44.37637], [9.71581, 44.37843], [9.74363, 44.38566], [9.7478, 44.38726], [9.75138, 44.38923], [9.75385, 44.39207], [9.75789, 44.403], [9.75991, 44.40638], [9.76206, 44.40938], [9.77788, 44.42555], [9.80197, 44.44525], [9.82027, 44.46447], [9.83565, 44.47625], [9.84356, 44.47954], [9.85255, 44.48207], [9.85892, 44.48292], [9.86635, 44.48297], [9.89665, 44.47951], [9.93556, 44.47039], [9.98985, 44.44804], [9.99436, 44.44514], [9.99823, 44.4409], [10.00196, 44.43264], [10.00165, 44.42822], [10.00009, 44.42561], [9.99034, 44.42165], [9.98691, 44.41941], [9.98506, 44.41626], [9.98491, 44.4128], [9.99126, 44.40657], [10.05223, 44.36923], [10.05456, 44.36643], [10.06019, 44.36133], [10.0726, 44.35213], [10.08546, 44.34898], [10.1218, 44.3482], [10.13571, 44.34182], [10.13571, 44.34182], [10.16924, 44.32644], [10.18835, 44.32138], [10.19394, 44.32071], [10.19936, 44.31828], [10.20433, 44.31419], [10.2147, 44.29642], [10.21764, 44.29269], [10.22933, 44.28149], [10.24902, 44.26985], [10.25394, 44.2706], [10.26359, 44.27207], [10.28782, 44.28239], [10.2962, 44.28239], [10.35097, 44.27492], [10.35919, 44.27203], [10.37128, 44.26355], [10.39707, 44.2382], [10.40017, 44.23588], [10.41645, 44.23136], [10.47123, 44.22459], [10.47635, 44.21343], [10.47758, 44.2002], [10.4785, 44.19642], [10.47976, 44.19286], [10.48162, 44.18981], [10.48393, 44.18681], [10.51515, 44.16221], [10.52227, 44.1555], [10.57039, 44.12563], [10.58217, 44.1232], [10.61054, 44.1257], [10.61706, 44.1309], [10.62223, 44.13642], [10.62781, 44.14625], [10.62998, 44.14919], [10.63277, 44.15162], [10.63603, 44.15353], [10.64547, 44.15689], [10.64982, 44.15783], [10.70739, 44.16201], [10.73396, 44.15467], [10.80128, 44.11764], [10.81587, 44.11351], [10.81587, 44.11351], [10.83461, 44.10821], [10.84505, 44.10173], [10.84769, 44.09902], [10.85079, 44.09674], [10.8556, 44.0946], [10.87667, 44.08847], [10.88117, 44.08604], [10.89001, 44.0786], [10.89746, 44.07493], [10.91486, 44.06863], [10.91921, 44.0678], [10.92323, 44.06796], [10.9619, 44.10225], [10.97089, 44.11441], [10.97368, 44.11704], [10.98297, 44.12371], [10.9853, 44.12589], [10.98656, 44.12769], [10.98779, 44.13038], [10.9884, 44.13384], [10.98935, 44.1373], [10.99073, 44.14], [10.99987, 44.14097], [11.00437, 44.14072], [11.00969, 44.13979], [11.01508, 44.137], [11.01729, 44.13354], [11.01538, 44.12803], [11.01198, 44.1247], [11.00514, 44.11932], [11.00266, 44.11622], [11.00128, 44.11266], [11.00468, 44.10779], [11.00793, 44.10412], [11.04149, 44.09181], [11.04825, 44.09238], [11.19758, 44.10504], [11.20011, 44.10468], [11.20011, 44.10468], [11.21402, 44.10271], [11.22937, 44.10271], [11.24601, 44.10689], [11.25423, 44.11224], [11.2564, 44.11597], [11.25515, 44.11903], [11.25174, 44.12119], [11.24757, 44.12307], [11.21481, 44.13273], [11.20644, 44.13606], [11.20301, 44.13829], [11.20022, 44.14067], [11.19791, 44.14366], [11.19666, 44.14686], [11.19635, 44.15049], [11.19776, 44.15374], [11.20022, 44.15663], [11.20364, 44.1588], [11.28121, 44.16834], [11.29112, 44.17079], [11.32219, 44.19441], [11.327, 44.19927], [11.32854, 44.20139], [11.32994, 44.20371], [11.33427, 44.20661], [11.34203, 44.20873], [11.36068, 44.20865], [11.36982, 44.20986], [11.37571, 44.21173], [11.37835, 44.21446], [11.38672, 44.22712], [11.3892, 44.22983], [11.39199, 44.23245], [11.3965, 44.23415], [11.40254, 44.23493], [11.41236, 44.23358], [11.41856, 44.23218], [11.4319, 44.22712], [11.43561, 44.22412], [11.43981, 44.21999], [11.44367, 44.21188], [11.44941, 44.20443], [11.4845, 44.17421], [11.49597, 44.16647], [11.51726, 44.16206], [11.52627, 44.16222], [11.52627, 44.16222], [11.55105, 44.16268], [11.55617, 44.16423], [11.56206, 44.16676], [11.5647, 44.16966], [11.5678, 44.17198], [11.57184, 44.17369], [11.579, 44.17327], [11.58832, 44.17064], [11.60412, 44.16253], [11.60939, 44.15695], [11.6108, 44.15229], [11.60878, 44.14934], [11.60568, 44.14674], [11.59329, 44.13818], [11.59017, 44.13537], [11.58847, 44.13209], [11.58817, 44.12883], [11.59375, 44.12589], [11.60335, 44.12325], [11.63427, 44.11782], [11.64448, 44.11746], [11.6538, 44.11886], [11.67907, 44.12784], [11.69214, 44.13056], [11.71998, 44.13168], [11.71998, 44.13168], [11.72284, 44.1318], [11.73167, 44.13271], [11.73633, 44.13255], [11.74143, 44.13172], [11.74567, 44.13007], [11.74738, 44.12661], [11.74723, 44.12165], [11.74226, 44.11294], [11.73864, 44.10837], [11.73057, 44.09571], [11.72609, 44.0817], [11.72299, 44.07499], [11.7202, 44.07023], [11.7033, 44.05318], [11.69788, 44.04248], [11.69524, 44.03839], [11.6848, 44.02672], [11.68155, 44.02444], [11.67735, 44.02302], [11.66046, 44.02186], [11.65564, 44.02093], [11.65239, 44.01773], [11.65116, 44.01272], [11.65085, 43.99944], [11.65006, 43.99499], [11.6507, 43.99086], [11.65332, 43.98641], [11.66, 43.98052], [11.68313, 43.96559], [11.68562, 43.96205], [11.68718, 43.95752], [11.68511, 43.94349], [11.68542, 43.93853], [11.6879, 43.93463], [11.69555, 43.93147], [11.70144, 43.92952], [11.70625, 43.92409], [11.70858, 43.9196], [11.70888, 43.88484], [11.71634, 43.87914], [11.71634, 43.87914], [11.72082, 43.87572], [11.73063, 43.86978], [11.73259, 43.86859], [11.74567, 43.8633], [11.78489, 43.84745], [11.78722, 43.84595], [11.78955, 43.84445], [11.79247, 43.84137], [11.79735, 43.83623], [11.80928, 43.82642], [11.81301, 43.8244], [11.81982, 43.82245], [11.8296, 43.82084], [11.85316, 43.81907], [11.87552, 43.81738], [11.87875, 43.81671], [11.91883, 43.80353], [11.94488, 43.78828], [11.95403, 43.78115], [11.96132, 43.77714], [11.9686, 43.77314], [12.01818, 43.76374], [12.06776, 43.75433], [12.09123, 43.75661], [12.10224, 43.75903], [12.10844, 43.7609], [12.11463, 43.76276], [12.11998, 43.76346], [12.13107, 43.76404], [12.1415, 43.76249], [12.15552, 43.75701], [12.15825, 43.75552], [12.16313, 43.75218], [12.17128, 43.74663], [12.17532, 43.74456], [12.17891, 43.74363], [12.18523, 43.74286], [12.18698, 43.74313], [12.18989, 43.74359], [12.1936, 43.74539], [12.1951, 43.74658], [12.19659, 43.74777], [12.20163, 43.75333], [12.20667, 43.75888], [12.21179, 43.76203], [12.21382, 43.76297], [12.2183, 43.76408], [12.22357, 43.76436], [12.23422, 43.76291], [12.24486, 43.76146], [12.2474, 43.76162], [12.25431, 43.76297], [12.25912, 43.76643], [12.26394, 43.76989], [12.27121, 43.77164], [12.27308, 43.7718], [12.27564, 43.77153], [12.2782, 43.77126], [12.28435, 43.76948], [12.28585, 43.76887], [12.2983, 43.76268], [12.30553, 43.75862], [12.35763, 43.7226], [12.35747, 43.7203], [12.35732, 43.718], [12.35438, 43.71113], [12.34727, 43.70387], [12.34027, 43.69671], [12.33741, 43.69321], [12.33405, 43.68912], [12.33196, 43.68735], [12.31577, 43.68866], [12.31081, 43.71613], [12.30988, 43.7241], [12.30953, 43.72495], [12.30847, 43.72751], [12.30736, 43.7287], [12.30625, 43.72989], [12.30409, 43.7294], [12.30193, 43.72891], [12.29696, 43.724], [12.29347, 43.71757], [12.28997, 43.71113], [12.28811, 43.70602], [12.28239, 43.69328], [12.27292, 43.6878], [12.26811, 43.68591], [12.25902, 43.68417], [12.24994, 43.68243], [12.2459, 43.67996], [12.22682, 43.66527], [12.2197, 43.66121], [12.21738, 43.66016], [12.21351, 43.65842], [12.19971, 43.65501], [12.19728, 43.65398], [12.19582, 43.65336], [12.19375, 43.64571], [12.19349, 43.64416], [12.19349, 43.64416], [12.19349, 43.64416], [12.20056, 43.62708], [12.20481, 43.61683], [12.15376, 43.5484], [12.13748, 43.53161], [12.13252, 43.53073], [12.11975, 43.52975], [12.11217, 43.52788], [12.10147, 43.52272], [12.09758, 43.51828], [12.0965, 43.51419], [12.09804, 43.51089], [12.10083, 43.5083], [12.10472, 43.50634], [12.12254, 43.50055], [12.12953, 43.49631], [12.13221, 43.49296], [12.13408, 43.48881], [12.13386, 43.48117], [12.13129, 43.47748], [12.12751, 43.47476], [12.11837, 43.47239], [12.11169, 43.46933], [12.10332, 43.46463], [12.08332, 43.4468], [12.07754, 43.44293], [12.07288, 43.44221], [12.06543, 43.44034], [12.05739, 43.43735], [12.0428, 43.42707], [12.03817, 43.42113], [12.03707, 43.41652], [12.03986, 43.4141], [12.04375, 43.41234], [12.04887, 43.41151], [12.06932, 43.41257], [12.07365, 43.4112], [12.07537, 43.40745], [12.07567, 43.40156], [12.07414, 43.38552], [12.07444, 43.38038], [12.07556, 43.37681], [12.07774, 43.37386], [12.08084, 43.37188], [12.12085, 43.36293], [12.12922, 43.35953], [12.13263, 43.35725], [12.135, 43.35064], [12.13625, 43.34051], [12.13573, 43.3172], [12.13665, 43.30676], [12.13871, 43.29999], [12.1426, 43.29813], [12.1522, 43.29575], [12.15763, 43.29523], [12.16864, 43.29565], [12.17345, 43.29678], [12.17701, 43.2986], [12.1798, 43.301], [12.18213, 43.304], [12.18791, 43.31389], [12.1905, 43.31673], [12.19391, 43.31844], [12.19846, 43.31878], [12.20281, 43.31777], [12.20714, 43.31446], [12.21103, 43.30976], [12.21535, 43.30015], [12.21505, 43.29487], [12.21318, 43.29105], [12.19986, 43.28248], [12.1584, 43.26268], [12.15438, 43.26129], [12.14972, 43.26046], [12.12689, 43.26062], [12.12208, 43.25974], [12.11791, 43.25821], [12.11448, 43.25622], [12.10797, 43.25137], [12.10083, 43.24708], [12.09666, 43.24552], [12.09215, 43.24468], [12.08688, 43.24475], [12.07693, 43.24666], [12.04964, 43.25561], [12.04375, 43.25571], [12.03738, 43.25467], [12.029, 43.25022], [12.02525, 43.2462], [12.02296, 43.24188], [12.01672, 43.21186], [12.01439, 43.20527], [12.01222, 43.20047], [12.00958, 43.19693], [12.00121, 43.19059], [11.99655, 43.18788], [11.99299, 43.18646], [11.9652, 43.18013], [11.95621, 43.17633], [11.95271, 43.1738], [11.95271, 43.1738], [11.94859, 43.17081], [11.94456, 43.1679], [11.93364, 43.15274], [11.92272, 43.13757], [11.91776, 43.12243], [11.91776, 43.12243], [11.91806, 43.12026], [11.91837, 43.11809], [11.91929, 43.11444], [11.9207, 43.11104], [11.92208, 43.1087], [11.92257, 43.10786], [11.92349, 43.10492], [11.92441, 43.10197], [11.92527, 43.09789], [11.92613, 43.0938], [11.92682, 43.08509], [11.92751, 43.07639], [11.92984, 43.06856], [11.93325, 43.06377], [11.93548, 43.06337], [11.93744, 43.06301], [11.93973, 43.06341], [11.94177, 43.06377], [11.94489, 43.06585], [11.94999, 43.07132], [11.95566, 43.07394], [11.95775, 43.07453], [11.96355, 43.07313], [11.96891, 43.0691], [11.97, 43.0674], [11.97781, 43.04636], [11.97222, 43.01676], [11.97051, 43.01331], [11.9686, 43.01066], [11.9631, 43.00523], [11.95759, 42.9998], [11.95465, 42.99488], [11.9517, 42.98996], [11.94869, 42.97974], [11.93947, 42.95544], [11.93217, 42.9272], [11.93202, 42.91991], [11.93202, 42.91991], [11.93318, 42.9176], [11.93435, 42.91528], [11.94545, 42.90859], [11.94643, 42.90787], [11.95063, 42.9024], [11.95103, 42.90065], [11.9517, 42.89774], [11.95151, 42.89496], [11.9514, 42.8933], [11.94984, 42.88937], [11.94984, 42.88937], [11.94984, 42.88937], [11.94942, 42.88853], [11.94814, 42.88596], [11.94465, 42.88135], [11.94349, 42.88007], [11.93698, 42.87434], [11.93424, 42.87297], [11.93166, 42.87168], [11.88902, 42.85039], [11.84061, 42.83579], [11.8327, 42.83258], [11.80805, 42.81335], [11.80086, 42.81113], [11.79581, 42.8114], [11.78878, 42.81635], [11.78381, 42.81897], [11.77467, 42.82095], [11.76924, 42.82036], [11.76474, 42.81874], [11.75265, 42.80865], [11.75048, 42.80633], [11.74723, 42.79848], [11.77388, 42.78065], [11.77761, 42.77682], [11.7821, 42.77137], [11.78521, 42.76164], [11.78583, 42.7597], [11.78688, 42.75858], [11.79001, 42.75522], [11.79274, 42.75325], [11.79548, 42.75127], [11.79974, 42.74893], [11.804, 42.74659], [11.80712, 42.74251], [11.8076, 42.73991], [11.80789, 42.73835], [11.80664, 42.73466], [11.80308, 42.72793], [11.80088, 42.72488], [11.79218, 42.71752], [11.78893, 42.71098], [11.78676, 42.70034], [11.78676, 42.70034], [11.7883, 42.68571], [11.78985, 42.67109], [11.78893, 42.65899], [11.78817, 42.65609], [11.78691, 42.65125], [11.78449, 42.65021], [11.78304, 42.64959], [11.78087, 42.64902], [11.77869, 42.64846], [11.77094, 42.64759], [11.76318, 42.64672], [11.76117, 42.6462], [11.75916, 42.64567], [11.75761, 42.6451], [11.75388, 42.64328], [11.75264, 42.6422], [11.7514, 42.64112], [11.7494, 42.63843], [11.74526, 42.63104], [11.74112, 42.62365], [11.74001, 42.6221], [11.73523, 42.61616], [11.73205, 42.61384], [11.72888, 42.61151], [11.72143, 42.60815], [11.70097, 42.60284], [11.69865, 42.60174], [11.69383, 42.59828], [11.68426, 42.58719], [11.68107, 42.5835], [11.67828, 42.58091], [11.67502, 42.57879], [11.67116, 42.57704], [11.62055, 42.56014], [11.61959, 42.56002], [11.61344, 42.561], [11.60963, 42.56472], [11.60583, 42.56843], [11.6035, 42.56898], [11.60117, 42.56952], [11.59831, 42.56938], [11.59544, 42.56924], [11.5918, 42.56769], [11.58817, 42.56614], [11.58704, 42.56488], [11.58507, 42.5627], [11.58443, 42.5588], [11.58522, 42.55523], [11.58591, 42.55345], [11.58661, 42.55167], [11.58755, 42.54743], [11.58786, 42.54282], [11.58669, 42.53936], [11.58553, 42.5359], [11.57806, 42.53035], [11.57059, 42.5248]], [[11.47499, 43.48307], [11.48374, 43.47737], [11.47499, 43.48307], [11.46788, 43.49494], [11.47499, 43.48307]], [[11.53574, 43.41618], [11.53522, 43.41404], [11.53574, 43.41618], [11.53918, 43.42125], [11.53574, 43.41618]], [[11.66391, 43.31631], [11.67129, 43.30045], [11.66391, 43.31631], [11.65986, 43.32005], [11.66391, 43.31631]], [[11.89367, 43.16858], [11.90466, 43.1725], [11.89367, 43.16858], [11.88906, 43.16417], [11.89367, 43.16858]], [[11.63529, 42.82204], [11.63875, 42.83121], [11.63875, 42.83121], [11.63529, 42.82204]], [[11.61979, 42.90521], [11.61187, 42.94787], [11.59366, 42.95754], [11.61187, 42.94787], [11.61979, 42.90521]], [[11.36694, 42.99268], [11.35893, 42.99961], [11.35893, 42.99961], [11.36694, 42.99268]], [[11.06021, 43.12222], [11.05887, 43.12896], [11.06021, 43.12222], [11.06443, 43.11368], [11.06021, 43.12222]], [[11.05955, 43.17655], [11.05955, 43.17655], [11.05665, 43.1402], [11.05665, 43.1402], [11.05955, 43.17655]], [[10.93099, 43.1622], [10.92138, 43.16238], [10.93099, 43.1622], [10.94783, 43.16786], [10.93099, 43.1622]], [[11.58193, 43.721], [11.57479, 43.73048], [11.58193, 43.721], [11.60067, 43.70453], [11.58193, 43.721]], [[11.60794, 43.69107], [11.60843, 43.69771], [11.60794, 43.69107], [11.6039, 43.68791], [11.60794, 43.69107]], [[11.49662, 43.62595], [11.49524, 43.62275], [11.49524, 43.62275], [11.49662, 43.62595]], [[11.50753, 43.58726], [11.50858, 43.60011], [11.50753, 43.58726], [11.50482, 43.5861], [11.50753, 43.58726]], [[10.49582, 43.61306], [10.49714, 43.60831], [10.49714, 43.60831], [10.49582, 43.61306]], [[10.49378, 43.40788], [10.49274, 43.4004], [10.49274, 43.4004], [10.49378, 43.40788]], [[10.67107, 43.25678], [10.66894, 43.25355], [10.66894, 43.25355], [10.67107, 43.25678]], [[10.68593, 43.21396], [10.68281, 43.20147], [10.68593, 43.21396], [10.68593, 43.21396]], [[10.71097, 43.12613], [10.71728, 43.10848], [10.72259, 43.11488], [10.71728, 43.10848], [10.71097, 43.12613], [10.64574, 43.15822], [10.71097, 43.12613]]], [[[10.07944, 42.61392], [10.09604, 42.59073], [10.08579, 42.57246], [10.0503, 42.58194], [10.07944, 42.61392]]], [[[10.25904, 42.81192], [10.27215, 42.82734], [10.32683, 42.82624], [10.32211, 42.81171], [10.34734, 42.80585], [10.41236, 42.87336], [10.44337, 42.84545], [10.43002, 42.78758], [10.38885, 42.7635], [10.42514, 42.74079], [10.43067, 42.72211], [10.41554, 42.70889], [10.38136, 42.72256], [10.3379, 42.76484], [10.32504, 42.76484], [10.31373, 42.74299], [10.30454, 42.75975], [10.26539, 42.74457], [10.24537, 42.75727], [10.2352, 42.73591], [10.14723, 42.73729], [10.10678, 42.75739], [10.10141, 42.784], [10.13299, 42.81192], [10.17954, 42.81875], [10.26588, 42.80443], [10.25904, 42.81192]]], [[[9.82578, 43.07463], [9.8401, 43.06517], [9.85481, 43.04427], [9.84213, 43.02496], [9.8015, 43.00781], [9.78459, 43.02844], [9.80694, 43.06641], [9.82578, 43.07463]]], [[[12.18218, 43.78881], [12.1776, 43.794], [12.17572, 43.79615], [12.17328, 43.80037], [12.17084, 43.8046], [12.17084, 43.8046], [12.17163, 43.80783], [12.17189, 43.80891], [12.17331, 43.8121], [12.17756, 43.82167], [12.17818, 43.82102], [12.18433, 43.81841], [12.22669, 43.81445], [12.23665, 43.81048], [12.23724, 43.80998], [12.23773, 43.80939], [12.23955, 43.806], [12.24001, 43.80267], [12.23988, 43.80089], [12.23954, 43.79996], [12.23937, 43.79949], [12.23912, 43.79928], [12.23856, 43.79881], [12.23438, 43.79843], [12.23053, 43.7972], [12.22667, 43.79597], [12.21405, 43.7895], [12.20142, 43.78303], [12.19914, 43.78101], [12.19914, 43.78101], [12.19914, 43.78101], [12.19925, 43.78071], [12.19934, 43.78047], [12.19526, 43.78173], [12.19013, 43.78331], [12.18218, 43.78881]]]]}}, {"type": "Feature", "properties": {"name": "Abruzzo", "label": {"no": "Abruzzo", "en": "Abruzzo"}, "short": "Abruzzo", "neighbours": ["Lazio", "Marche", "Molise"]}, "geometry": {"type": "Polygon", "coordinates": [[[14.36509, 41.8699], [14.35828, 41.86272], [14.35393, 41.8614], [14.34804, 41.86205], [14.33875, 41.86602], [14.33363, 41.86912], [14.32976, 41.87218], [14.32743, 41.87481], [14.32121, 41.88385], [14.31884, 41.88653], [14.31574, 41.88881], [14.31218, 41.89072], [14.29467, 41.89693], [14.2883, 41.9006], [14.28615, 41.90217], [14.28443, 41.90379], [14.28287, 41.90623], [14.27637, 41.9053], [14.27171, 41.90388], [14.22959, 41.87748], [14.22941, 41.87737], [14.22763, 41.87625], [14.21788, 41.86117], [14.21447, 41.85734], [14.21168, 41.85471], [14.19162, 41.83957], [14.18496, 41.83951], [14.16062, 41.84184], [14.15473, 41.83946], [14.14941, 41.83487], [14.14227, 41.82417], [14.14165, 41.81868], [14.14319, 41.81471], [14.14972, 41.80895], [14.15358, 41.80438], [14.1569, 41.7992], [14.16, 41.7915], [14.16185, 41.78846], [14.1665, 41.78282], [14.16945, 41.7804], [14.18061, 41.77466], [14.18371, 41.77254], [14.18604, 41.77047], [14.18711, 41.76826], [14.18711, 41.76598], [14.18294, 41.76293], [14.17518, 41.76006], [14.15411, 41.75482], [14.13855, 41.74918], [14.11359, 41.73714], [14.09881, 41.72508], [14.09479, 41.72345], [14.08734, 41.72468], [14.07479, 41.73114], [14.06921, 41.73097], [14.06299, 41.72877], [14.05431, 41.72216], [14.0352, 41.70356], [14.03054, 41.70087], [14.01333, 41.69327], [14.00775, 41.68965], [14.00125, 41.68748], [13.99457, 41.68691], [13.9646, 41.69208], [13.9457, 41.68818], [13.89185, 41.72365], [13.87277, 41.73066], [13.85878, 41.73037], [13.84296, 41.73378], [13.83072, 41.73864], [13.81066, 41.74918], [13.80075, 41.75262], [13.79391, 41.75352], [13.7902, 41.75169], [13.78695, 41.74955], [13.78152, 41.74813], [13.77361, 41.74758], [13.75889, 41.74918], [13.74999, 41.75184], [13.74426, 41.75461], [13.74146, 41.7575], [13.73929, 41.7605], [13.73573, 41.76665], [13.73015, 41.78003], [13.72751, 41.7842], [13.72318, 41.78846], [13.71481, 41.79479], [13.65568, 41.80949], [13.64663, 41.81052], [13.64246, 41.80939], [13.63859, 41.80778], [13.63191, 41.80337], [13.61517, 41.78831], [13.59919, 41.77799], [13.57885, 41.7699], [13.56272, 41.7683], [13.54521, 41.7682], [13.53604, 41.76923], [13.52934, 41.77078], [13.52545, 41.77267], [13.52205, 41.77497], [13.5191, 41.77745], [13.51693, 41.78019], [13.51523, 41.78313], [13.51383, 41.78644], [13.50917, 41.79089], [13.50144, 41.79595], [13.40522, 41.8316], [13.39994, 41.83217], [13.39467, 41.83208], [13.38986, 41.83153], [13.37747, 41.82897], [13.36685, 41.82768], [13.36112, 41.82866], [13.3571, 41.83083], [13.35538, 41.83393], [13.35431, 41.8375], [13.35369, 41.84137], [13.35354, 41.84553], [13.35538, 41.87155], [13.35664, 41.87554], [13.35848, 41.87884], [13.36718, 41.89119], [13.36894, 41.89483], [13.36986, 41.89878], [13.37017, 41.9031], [13.36861, 41.90778], [13.36375, 41.91248], [13.35323, 41.9192], [13.34158, 41.9223], [13.33075, 41.92711], [13.31695, 41.94085], [13.31177, 41.94395], [13.30667, 41.94607], [13.29786, 41.94705], [13.29786, 41.94705], [13.29566, 41.94729], [13.28015, 41.94682], [13.09705, 42.02367], [13.09226, 42.02271], [13.08916, 42.02053], [13.08229, 42.01889], [13.07205, 42.01904], [13.04911, 42.02319], [13.03623, 42.02803], [13.02843, 42.03193], [13.02564, 42.03516], [13.02379, 42.0381], [13.01788, 42.05138], [13.01696, 42.05465], [13.01199, 42.09903], [13.01199, 42.10228], [13.01371, 42.10846], [13.02958, 42.11564], [13.03029, 42.11596], [13.05128, 42.12547], [13.0733, 42.14125], [13.07732, 42.14552], [13.07965, 42.14861], [13.08167, 42.1519], [13.08543, 42.16228], [13.08956, 42.17055], [13.09426, 42.17313], [13.09876, 42.17365], [13.14238, 42.15872], [13.17308, 42.15299], [13.18951, 42.14622], [13.20771, 42.13613], [13.21313, 42.13381], [13.22041, 42.13158], [13.2339, 42.12906], [13.2415, 42.12906], [13.24708, 42.13024], [13.25484, 42.13562], [13.26077, 42.13862], [13.26481, 42.13802], [13.27503, 42.13353], [13.28465, 42.13143], [13.29054, 42.13174], [13.29551, 42.13322], [13.29907, 42.13523], [13.30217, 42.13756], [13.3048, 42.14024], [13.30652, 42.14307], [13.30713, 42.14642], [13.30573, 42.14936], [13.3017, 42.15521], [13.30061, 42.15872], [13.30186, 42.16312], [13.30542, 42.16745], [13.31726, 42.17267], [13.35461, 42.17866], [13.36375, 42.18177], [13.36749, 42.18518], [13.36551, 42.18787], [13.36176, 42.18982], [13.35725, 42.19097], [13.35198, 42.19164], [13.33539, 42.19179], [13.32469, 42.19345], [13.32036, 42.19502], [13.31695, 42.19691], [13.31456, 42.19983], [13.31302, 42.20308], [13.31084, 42.21029], [13.3095, 42.21381], [13.30759, 42.2167], [13.30511, 42.21902], [13.30263, 42.2205], [13.29999, 42.22158], [13.28076, 42.22518], [13.27659, 42.22675], [13.27285, 42.22869], [13.26991, 42.23107], [13.26712, 42.23359], [13.25534, 42.25148], [13.25297, 42.25421], [13.25018, 42.2567], [13.23034, 42.26956], [13.22755, 42.27214], [13.22304, 42.27824], [13.21994, 42.2847], [13.21746, 42.29184], [13.21452, 42.30723], [13.21298, 42.31046], [13.21096, 42.31349], [13.20599, 42.31884], [13.19975, 42.32342], [13.1892, 42.32931], [13.16332, 42.33856], [13.16005, 42.34078], [13.15756, 42.3445], [13.15603, 42.34936], [13.15556, 42.35775], [13.15649, 42.36228], [13.15943, 42.36723], [13.1751, 42.38739], [13.17835, 42.39477], [13.17835, 42.39995], [13.17556, 42.40232], [13.17152, 42.40408], [13.15293, 42.40935], [13.14517, 42.41318], [13.14188, 42.41532], [13.13645, 42.4204], [13.1324, 42.42638], [13.13087, 42.4308], [13.12946, 42.43619], [13.12854, 42.44527], [13.12977, 42.45074], [13.13179, 42.45485], [13.13458, 42.45741], [13.14873, 42.4649], [13.15323, 42.46792], [13.15789, 42.47199], [13.1647, 42.48015], [13.16657, 42.48562], [13.16688, 42.49028], [13.16486, 42.4967], [13.16455, 42.49906], [13.16517, 42.50526], [13.1647, 42.50893], [13.16347, 42.51234], [13.1613, 42.51524], [13.15835, 42.51777], [13.1551, 42.51998], [13.14403, 42.52577], [13.14047, 42.52856], [13.13768, 42.53221], [13.13535, 42.53829], [13.13629, 42.54229], [13.1386, 42.54542], [13.14188, 42.54743], [13.14609, 42.54869], [13.16222, 42.54986], [13.16796, 42.55141], [13.17431, 42.55738], [13.1771, 42.56474], [13.17958, 42.57763], [13.18237, 42.5834], [13.18611, 42.58691], [13.19043, 42.58768], [13.19571, 42.58747], [13.20615, 42.58592], [13.2201, 42.58198], [13.23064, 42.58009], [13.25875, 42.57965], [13.26371, 42.57879], [13.2727, 42.57606], [13.27674, 42.57436], [13.28604, 42.57224], [13.29131, 42.57218], [13.30619, 42.57394], [13.32796, 42.57306], [13.33337, 42.57358], [13.33802, 42.57456], [13.36894, 42.58598], [13.37588, 42.60377], [13.37588, 42.60377], [13.38645, 42.63084], [13.38676, 42.63693], [13.3863, 42.64443], [13.38335, 42.64665], [13.37977, 42.64867], [13.37575, 42.65032], [13.3712, 42.65171], [13.36035, 42.65362], [13.35569, 42.65496], [13.35182, 42.65662], [13.34796, 42.65962], [13.34391, 42.66352], [13.33833, 42.67016], [13.33616, 42.67548], [13.33523, 42.67954], [13.33756, 42.68766], [13.41157, 42.69512], [13.41994, 42.6977], [13.42976, 42.70173], [13.43145, 42.71021], [13.43301, 42.71532], [13.43611, 42.72107], [13.44371, 42.72876], [13.45193, 42.73254], [13.46169, 42.73527], [13.47797, 42.73816], [13.48531, 42.74085], [13.49012, 42.74411], [13.49166, 42.74768], [13.49291, 42.75171], [13.49429, 42.76023], [13.4957, 42.76416], [13.4977, 42.76744], [13.50018, 42.77042], [13.50855, 42.77822], [13.51104, 42.78101], [13.52189, 42.79811], [13.53042, 42.80746], [13.53637, 42.81115], [13.54241, 42.81263], [13.54674, 42.81144], [13.55063, 42.80949], [13.55714, 42.80513], [13.56085, 42.80343], [13.5652, 42.80225], [13.57063, 42.80215], [13.57729, 42.80312], [13.60477, 42.81072], [13.61115, 42.81163], [13.61609, 42.81103], [13.6251, 42.80855], [13.63022, 42.80773], [13.6378, 42.80746], [13.66498, 42.81144], [13.68172, 42.81702], [13.68855, 42.82136], [13.69135, 42.8239], [13.69398, 42.82674], [13.69598, 42.83025], [13.69677, 42.83392], [13.69785, 42.84313], [13.70002, 42.8476], [13.70389, 42.85263], [13.71279, 42.86007], [13.71914, 42.86302], [13.72518, 42.86454], [13.74008, 42.86379], [13.76073, 42.86865], [13.81707, 42.88715], [13.88859, 42.90012], [13.90553, 42.90156], [13.98048, 42.73037], [14.07537, 42.59882], [14.22055, 42.47016], [14.38738, 42.37295], [14.42905, 42.32172], [14.56023, 42.22565], [14.70924, 42.17548], [14.7295, 42.09911], [14.76337, 42.07795], [14.76234, 42.07485], [14.76341, 42.06503], [14.76234, 42.06193], [14.75985, 42.05769], [14.75443, 42.05081], [14.74931, 42.04157], [14.74823, 42.03754], [14.74777, 42.02948], [14.74854, 42.0218], [14.74838, 42.01805], [14.74434, 42.01304], [14.67346, 41.95941], [14.66337, 41.95411], [14.6503, 41.95035], [14.64705, 41.94767], [14.64549, 41.94121], [14.64597, 41.93669], [14.64782, 41.92881], [14.64843, 41.92493], [14.64456, 41.91879], [14.63448, 41.90819], [14.60952, 41.88804], [14.5766, 41.85564], [14.55738, 41.83192], [14.53191, 41.80763], [14.5274, 41.80071], [14.52477, 41.7951], [14.51934, 41.78985], [14.51455, 41.78613], [14.49038, 41.77608], [14.47342, 41.76902], [14.4576, 41.76583], [14.45232, 41.76572], [14.44846, 41.7669], [14.44736, 41.77065], [14.4483, 41.77403], [14.45156, 41.78107], [14.45232, 41.78468], [14.45171, 41.78808], [14.45015, 41.79129], [14.44536, 41.7968], [14.44009, 41.80184], [14.43512, 41.80737], [14.43325, 41.81048], [14.43233, 41.81394], [14.43233, 41.81799], [14.43481, 41.82995], [14.43428, 41.8337], [14.43294, 41.83703], [14.43088, 41.83982], [14.42824, 41.84238], [14.4222, 41.84701], [14.38748, 41.86556], [14.38329, 41.86851], [14.38034, 41.87151], [14.37672, 41.87326], [14.37239, 41.87361], [14.36509, 41.8699]]]}}, {"type": "Feature", "properties": {"name": "Umbria", "label": {"no": "Umbria", "en": "Umbria"}, "short": "Umbria", "neighbours": ["Lazio", "Marche", "Toscana"]}, "geometry": {"type": "MultiPolygon", "coordinates": [[[[11.9517, 42.89774], [11.95103, 42.90065], [11.95063, 42.9024], [11.94643, 42.90787], [11.94545, 42.90859], [11.93435, 42.91528], [11.93318, 42.9176], [11.93202, 42.91991], [11.93202, 42.91991], [11.93217, 42.9272], [11.93947, 42.95544], [11.94869, 42.97974], [11.9517, 42.98996], [11.95465, 42.99488], [11.95759, 42.9998], [11.9631, 43.00523], [11.9686, 43.01066], [11.97051, 43.01331], [11.97222, 43.01676], [11.97781, 43.04636], [11.97, 43.0674], [11.96891, 43.0691], [11.96355, 43.07313], [11.95775, 43.07453], [11.95566, 43.07394], [11.94999, 43.07132], [11.94489, 43.06585], [11.94177, 43.06377], [11.93973, 43.06341], [11.93744, 43.06301], [11.93548, 43.06337], [11.93325, 43.06377], [11.92984, 43.06856], [11.92751, 43.07639], [11.92682, 43.08509], [11.92613, 43.0938], [11.92527, 43.09789], [11.92441, 43.10197], [11.92349, 43.10492], [11.92257, 43.10786], [11.92208, 43.1087], [11.9207, 43.11104], [11.91929, 43.11444], [11.91837, 43.11809], [11.91806, 43.12026], [11.91776, 43.12243], [11.91776, 43.12243], [11.92272, 43.13757], [11.93364, 43.15274], [11.94456, 43.1679], [11.94859, 43.17081], [11.95271, 43.1738], [11.95621, 43.17633], [11.9652, 43.18013], [11.99299, 43.18646], [11.99655, 43.18788], [12.00121, 43.19059], [12.00958, 43.19693], [12.01222, 43.20047], [12.01439, 43.20527], [12.01672, 43.21186], [12.02296, 43.24188], [12.02525, 43.2462], [12.029, 43.25022], [12.03738, 43.25467], [12.04375, 43.25571], [12.04964, 43.25561], [12.07693, 43.24666], [12.08688, 43.24475], [12.09215, 43.24468], [12.09666, 43.24552], [12.10083, 43.24708], [12.10797, 43.25137], [12.11448, 43.25622], [12.11791, 43.25821], [12.12208, 43.25974], [12.12689, 43.26062], [12.14972, 43.26046], [12.15438, 43.26129], [12.1584, 43.26268], [12.19986, 43.28248], [12.21318, 43.29105], [12.21505, 43.29487], [12.21535, 43.30015], [12.21103, 43.30976], [12.20714, 43.31446], [12.20281, 43.31777], [12.19846, 43.31878], [12.19391, 43.31844], [12.1905, 43.31673], [12.18791, 43.31389], [12.18213, 43.304], [12.1798, 43.301], [12.17701, 43.2986], [12.17345, 43.29678], [12.16864, 43.29565], [12.15763, 43.29523], [12.1522, 43.29575], [12.1426, 43.29813], [12.13871, 43.29999], [12.13665, 43.30676], [12.13573, 43.3172], [12.13625, 43.34051], [12.135, 43.35064], [12.13263, 43.35725], [12.12922, 43.35953], [12.12085, 43.36293], [12.08084, 43.37188], [12.07774, 43.37386], [12.07556, 43.37681], [12.07444, 43.38038], [12.07414, 43.38552], [12.07567, 43.40156], [12.07537, 43.40745], [12.07365, 43.4112], [12.06932, 43.41257], [12.04887, 43.41151], [12.04375, 43.41234], [12.03986, 43.4141], [12.03707, 43.41652], [12.03817, 43.42113], [12.0428, 43.42707], [12.05739, 43.43735], [12.06543, 43.44034], [12.07288, 43.44221], [12.07754, 43.44293], [12.08332, 43.4468], [12.10332, 43.46463], [12.11169, 43.46933], [12.11837, 43.47239], [12.12751, 43.47476], [12.13129, 43.47748], [12.13386, 43.48117], [12.13408, 43.48881], [12.13221, 43.49296], [12.12953, 43.49631], [12.12254, 43.50055], [12.10472, 43.50634], [12.10083, 43.5083], [12.09804, 43.51089], [12.0965, 43.51419], [12.09758, 43.51828], [12.10147, 43.52272], [12.11217, 43.52788], [12.11975, 43.52975], [12.13252, 43.53073], [12.13748, 43.53161], [12.15376, 43.5484], [12.20481, 43.61683], [12.21057, 43.61011], [12.21302, 43.60902], [12.2183, 43.60852], [12.23629, 43.60802], [12.24517, 43.60643], [12.25201, 43.60455], [12.26038, 43.60225], [12.27976, 43.59311], [12.28285, 43.59235], [12.28595, 43.5916], [12.28967, 43.59225], [12.29338, 43.5929], [12.29711, 43.59573], [12.29905, 43.59924], [12.30098, 43.60274], [12.30187, 43.60376], [12.30335, 43.60546], [12.30984, 43.6089], [12.3108, 43.60932], [12.3208, 43.61203], [12.35079, 43.62013], [12.35289, 43.62036], [12.35499, 43.62059], [12.35886, 43.61941], [12.36062, 43.61473], [12.36052, 43.6126], [12.36042, 43.61047], [12.35964, 43.60854], [12.35499, 43.60011], [12.35358, 43.59688], [12.35358, 43.59341], [12.35511, 43.59045], [12.3567, 43.58736], [12.35693, 43.58608], [12.35732, 43.58396], [12.35732, 43.58396], [12.35672, 43.58103], [12.35659, 43.58044], [12.35635, 43.57987], [12.35514, 43.57703], [12.35312, 43.57383], [12.35079, 43.57094], [12.34932, 43.56964], [12.34414, 43.56649], [12.33716, 43.5652], [12.33453, 43.56509], [12.31638, 43.56765], [12.3139, 43.56778], [12.30973, 43.5667], [12.30678, 43.56444], [12.30502, 43.56142], [12.30502, 43.55794], [12.30663, 43.55475], [12.30909, 43.55207], [12.31073, 43.55099], [12.31236, 43.5499], [12.31615, 43.54804], [12.31994, 43.54618], [12.38186, 43.52457], [12.39256, 43.52235], [12.39764, 43.52316], [12.40326, 43.52406], [12.40997, 43.52696], [12.41333, 43.52897], [12.41614, 43.53161], [12.41895, 43.53424], [12.42074, 43.53523], [12.42656, 43.53765], [12.42975, 43.53814], [12.43167, 43.53843], [12.44253, 43.53657], [12.45722, 43.53189], [12.51049, 43.51249], [12.5682, 43.46217], [12.60469, 43.43034], [12.61143, 43.42903], [12.61398, 43.42918], [12.62299, 43.4343], [12.62741, 43.43779], [12.63182, 43.44128], [12.6333, 43.44213], [12.63477, 43.44298], [12.63767, 43.44345], [12.63864, 43.4436], [12.64474, 43.44386], [12.6504, 43.44317], [12.68164, 43.43409], [12.68599, 43.43342], [12.69108, 43.4343], [12.69305, 43.43608], [12.6962, 43.43895], [12.7051, 43.44882], [12.70689, 43.4503], [12.71268, 43.45393], [12.72237, 43.45742], [12.73206, 43.46091], [12.74511, 43.46107], [12.75817, 43.46123], [12.75847, 43.44453], [12.75787, 43.44268], [12.75724, 43.44076], [12.75562, 43.43403], [12.75408, 43.42766], [12.75389, 43.4226], [12.75377, 43.41957], [12.75377, 43.41957], [12.75377, 43.41957], [12.75393, 43.4175], [12.75408, 43.41544], [12.75362, 43.41113], [12.74665, 43.38309], [12.74651, 43.37904], [12.7465, 43.37883], [12.7465, 43.37883], [12.7465, 43.37883], [12.74781, 43.37579], [12.75408, 43.36513], [12.77147, 43.3446], [12.78886, 43.32407], [12.79461, 43.30674], [12.79585, 43.29922], [12.79515, 43.29264], [12.79444, 43.28606], [12.79444, 43.28606], [12.79444, 43.28606], [12.79506, 43.28227], [12.79567, 43.27847], [12.79871, 43.27386], [12.80174, 43.26924], [12.85094, 43.20873], [12.85172, 43.20609], [12.85511, 43.19475], [12.85603, 43.19168], [12.85635, 43.18977], [12.85729, 43.18403], [12.8574, 43.18088], [12.85744, 43.17982], [12.85682, 43.17558], [12.85641, 43.17418], [12.85573, 43.17184], [12.85419, 43.16822], [12.85236, 43.16519], [12.85217, 43.16486], [12.84984, 43.16171], [12.8441, 43.15639], [12.83666, 43.15061], [12.83542, 43.14941], [12.83465, 43.14791], [12.83388, 43.14641], [12.83388, 43.14641], [12.83388, 43.14295], [12.83744, 43.13248], [12.83744, 43.13248], [12.83744, 43.13248], [12.83783, 43.13206], [12.84023, 43.12941], [12.8441, 43.12743], [12.84487, 43.12703], [12.84743, 43.12675], [12.86772, 43.12176], [12.89035, 43.0978], [12.89284, 43.09391], [12.89532, 43.08745], [12.89532, 43.08745], [12.89503, 43.08413], [12.89455, 43.07861], [12.89153, 43.06037], [12.89097, 43.05267], [12.89222, 43.0407], [12.89796, 43.02306], [12.89765, 43.01918], [12.89732, 43.01761], [12.89594, 43.01112], [12.89578, 43.0072], [12.89578, 43.0072], [12.89607, 43.00599], [12.89655, 43.00399], [12.89826, 43.00068], [12.90415, 42.99118], [12.90477, 42.97872], [12.90593, 42.97513], [12.9071, 42.97153], [12.90918, 42.96873], [12.91314, 42.96343], [12.92979, 42.94735], [12.93599, 42.9428], [12.96431, 42.92713], [12.96467, 42.92681], [12.96503, 42.9263], [12.96807, 42.92027], [12.96917, 42.91247], [12.96916, 42.91201], [12.96886, 42.89548], [12.96932, 42.89181], [12.97072, 42.89025], [12.97211, 42.8887], [12.97447, 42.88799], [12.97682, 42.88728], [12.98642, 42.88961], [12.99046, 42.89284], [12.992, 42.89655], [12.98719, 42.90632], [12.98611, 42.90963], [12.98642, 42.91297], [12.98778, 42.91466], [12.98859, 42.91568], [12.99177, 42.91643], [13.02379, 42.91609], [13.03252, 42.91717], [13.04137, 42.91911], [13.04306, 42.91935], [13.04593, 42.9186], [13.05625, 42.91247], [13.06444, 42.90511], [13.06956, 42.90051], [13.0785, 42.89545], [13.09081, 42.8885], [13.0965, 42.88433], [13.10032, 42.88152], [13.10511, 42.87638], [13.13722, 42.84945], [13.13955, 42.84678], [13.14372, 42.84095], [13.1459, 42.83396], [13.14682, 42.83017], [13.14754, 42.82846], [13.14827, 42.82674], [13.14936, 42.82518], [13.15044, 42.82361], [13.15655, 42.82395], [13.16673, 42.82451], [13.22429, 42.84767], [13.22976, 42.84591], [13.23126, 42.84542], [13.23196, 42.84501], [13.23405, 42.8438], [13.23824, 42.83993], [13.23948, 42.83854], [13.24708, 42.82648], [13.25018, 42.81982], [13.25565, 42.8062], [13.25633, 42.80012], [13.25637, 42.79777], [13.25622, 42.79505], [13.25607, 42.79232], [13.2532, 42.78157], [13.25033, 42.77082], [13.24964, 42.7693], [13.24895, 42.76778], [13.2449, 42.7648], [13.24003, 42.76236], [13.2384, 42.76155], [13.23534, 42.7608], [13.22614, 42.75853], [13.21917, 42.75827], [13.21623, 42.75874], [13.20894, 42.76054], [13.20346, 42.75985], [13.2014, 42.75791], [13.19933, 42.75597], [13.19691, 42.75253], [13.19448, 42.74909], [13.19448, 42.74909], [13.19448, 42.7346], [13.18687, 42.72528], [13.18547, 42.72357], [13.18547, 42.72357], [13.18485, 42.72172], [13.18424, 42.71987], [13.18332, 42.71517], [13.18378, 42.71127], [13.18795, 42.70119], [13.1889, 42.69758], [13.18905, 42.69399], [13.18672, 42.68877], [13.18564, 42.68722], [13.18006, 42.68202], [13.17448, 42.67683], [13.16982, 42.67119], [13.16578, 42.66458], [13.16099, 42.65393], [13.15773, 42.64928], [13.15649, 42.64779], [13.15385, 42.6451], [13.14937, 42.64324], [13.1433, 42.64257], [13.1346, 42.6441], [13.1259, 42.64563], [13.12322, 42.64575], [13.11241, 42.64427], [13.09597, 42.63275], [13.09081, 42.63073], [13.05935, 42.62375], [13.05527, 42.62372], [13.05282, 42.62371], [13.04762, 42.62461], [13.04181, 42.62562], [13.03562, 42.62768], [13.02674, 42.63177], [13.01758, 42.63156], [13.01263, 42.62678], [13.00564, 42.61494], [13.00378, 42.61234], [13.00171, 42.61044], [12.99929, 42.60887], [12.99741, 42.60873], [12.98798, 42.608], [12.90198, 42.6096], [12.87919, 42.59032], [12.87717, 42.58143], [12.87904, 42.57843], [12.8806, 42.57528], [12.88167, 42.57166], [12.88167, 42.56797], [12.88011, 42.56469], [12.86944, 42.55941], [12.78003, 42.52707], [12.77647, 42.52407], [12.76577, 42.50821], [12.76313, 42.50559], [12.75801, 42.50182], [12.75584, 42.50058], [12.75522, 42.5003], [12.72138, 42.49626], [12.71765, 42.49405], [12.71611, 42.48961], [12.71673, 42.48598], [12.71842, 42.48248], [12.72617, 42.47017], [12.72743, 42.46681], [12.72758, 42.46314], [12.72633, 42.45974], [12.72464, 42.45679], [12.72215, 42.454], [12.71301, 42.45064], [12.69888, 42.44756], [12.66566, 42.44345], [12.65202, 42.44382], [12.64349, 42.44563], [12.62965, 42.46237], [12.6264, 42.46465], [12.6222, 42.46609], [12.61693, 42.46557], [12.61214, 42.46312], [12.6084, 42.45679], [12.60809, 42.45234], [12.60935, 42.4485], [12.61088, 42.44521], [12.61198, 42.44177], [12.61229, 42.43783], [12.61167, 42.4338], [12.60763, 42.42232], [12.60392, 42.41581], [12.5926, 42.401], [12.58702, 42.39612], [12.57628, 42.39022], [12.54929, 42.37876], [12.53688, 42.36935], [12.53301, 42.36847], [12.52835, 42.3695], [12.52258, 42.37524], [12.51623, 42.38716], [12.50985, 42.3894], [12.50396, 42.39059], [12.46513, 42.38693], [12.46393, 42.38682], [12.45571, 42.3894], [12.44697, 42.38793], [12.43871, 42.38904], [12.43106, 42.39309], [12.44066, 42.40677], [12.44536, 42.41113], [12.45152, 42.41482], [12.45152, 42.42103], [12.44697, 42.42356], [12.43561, 42.42599], [12.43106, 42.42847], [12.42831, 42.42917], [12.42036, 42.42816], [12.41737, 42.42847], [12.41673, 42.43074], [12.41792, 42.43911], [12.41737, 42.44149], [12.3936, 42.4625], [12.34284, 42.49193], [12.31902, 42.49802], [12.30067, 42.48991], [12.29525, 42.49699], [12.28378, 42.50622], [12.28022, 42.5104], [12.27743, 42.51901], [12.27567, 42.53606], [12.27266, 42.54836], [12.27338, 42.56192], [12.27154, 42.5661], [12.26723, 42.56567], [12.26244, 42.56427], [12.25912, 42.56564], [12.24548, 42.58552], [12.24754, 42.59884], [12.24524, 42.61981], [12.24058, 42.6391], [12.23583, 42.64758], [12.22151, 42.65293], [12.21975, 42.65507], [12.2045, 42.65456], [12.15656, 42.67543], [12.15236, 42.67581], [12.14895, 42.67455], [12.14601, 42.67225], [12.13871, 42.6637], [12.13592, 42.66117], [12.13263, 42.65899], [12.12874, 42.65735], [12.12395, 42.6568], [12.11852, 42.65693], [12.09853, 42.66071], [12.09341, 42.66058], [12.0642, 42.65569], [12.03366, 42.64603], [12.02979, 42.6454], [12.02514, 42.64556], [12.01986, 42.64843], [11.99563, 42.66923], [11.98556, 42.67543], [11.95961, 42.68463], [11.95434, 42.68747], [11.94876, 42.69171], [11.9303, 42.7091], [11.92846, 42.71253], [11.928, 42.7166], [11.93061, 42.72262], [11.93373, 42.72589], [11.9376, 42.72866], [11.94489, 42.73223], [11.95667, 42.73657], [11.96355, 42.74068], [11.96643, 42.74336], [11.96882, 42.74628], [11.97082, 42.74932], [11.97253, 42.75251], [11.97392, 42.75597], [11.97346, 42.76029], [11.97036, 42.76503], [11.96069, 42.77109], [11.94814, 42.77631], [11.93309, 42.7911], [11.88902, 42.85039], [11.93166, 42.87168], [11.93166, 42.87168], [11.93424, 42.87297], [11.93698, 42.87434], [11.94349, 42.88007], [11.94465, 42.88135], [11.94814, 42.88596], [11.94942, 42.88853], [11.94984, 42.88937], [11.94984, 42.88937], [11.94984, 42.88937], [11.9514, 42.8933], [11.95151, 42.89496], [11.9517, 42.89774], [11.9517, 42.89774]], [[12.02378, 42.91531], [12.01569, 42.90874], [12.01569, 42.90874], [12.02378, 42.91531]], [[12.30085, 42.9148], [12.32829, 42.88878], [12.32718, 42.8596], [12.32829, 42.88878], [12.30085, 42.9148], [12.12641, 42.93256], [12.30085, 42.9148]], [[12.31742, 42.74488], [12.29806, 42.74799], [12.29061, 42.76728], [12.29806, 42.74799], [12.31742, 42.74488]], [[12.3586, 42.6777], [12.35022, 42.67943], [12.34627, 42.6929], [12.35022, 42.67943], [12.3586, 42.6777]]], [[[12.41393, 43.59425], [12.41206, 43.5968], [12.40894, 43.60106], [12.40809, 43.60673], [12.40758, 43.61014], [12.4103, 43.62103], [12.41325, 43.62443], [12.42982, 43.63147], [12.44077, 43.62239], [12.44298, 43.61967], [12.44348, 43.61777], [12.44525, 43.61104], [12.44485, 43.60214], [12.4448, 43.60106], [12.44168, 43.5968], [12.43981, 43.59425], [12.43527, 43.59198], [12.43073, 43.58971], [12.42119, 43.58971], [12.41756, 43.59198], [12.41393, 43.59425]]]]}}, {"type": "Feature", "properties": {"name": "Lazio", "label": {"no": "Lazio", "en": "Lazio"}, "short": "Lazio", "neighbours": ["Abruzzo", "Campania", "Marche", "Molise", "Toscana", "Umbria"]}, "geometry": {"type": "MultiPolygon", "coordinates": [[[[11.45154, 42.37447], [11.45158, 42.37457], [11.46176, 42.39657], [11.47193, 42.41857], [11.47333, 42.42034], [11.47472, 42.42212], [11.47674, 42.424], [11.47876, 42.42589], [11.48295, 42.42819], [11.48714, 42.43049], [11.49008, 42.43161], [11.49302, 42.43273], [11.49558, 42.43339], [11.49814, 42.43405], [11.59017, 42.44196], [11.60058, 42.44653], [11.60181, 42.44739], [11.60476, 42.4524], [11.60724, 42.45968], [11.60955, 42.47462], [11.60955, 42.48216], [11.60785, 42.48733], [11.60654, 42.48869], [11.59933, 42.49472], [11.58878, 42.50082], [11.5712, 42.511], [11.56593, 42.51612], [11.56637, 42.51804], [11.56687, 42.52025], [11.56687, 42.52025], [11.57059, 42.5248], [11.57806, 42.53035], [11.58553, 42.5359], [11.58669, 42.53936], [11.58786, 42.54282], [11.58786, 42.54282], [11.58755, 42.54743], [11.58661, 42.55167], [11.58591, 42.55345], [11.58522, 42.55523], [11.58443, 42.5588], [11.58507, 42.5627], [11.58704, 42.56488], [11.58817, 42.56614], [11.5918, 42.56769], [11.59544, 42.56924], [11.59831, 42.56938], [11.60117, 42.56952], [11.6035, 42.56898], [11.60583, 42.56843], [11.60963, 42.56472], [11.61344, 42.561], [11.61959, 42.56002], [11.62055, 42.56014], [11.67116, 42.57704], [11.67502, 42.57879], [11.67828, 42.58091], [11.68107, 42.5835], [11.68426, 42.58719], [11.69383, 42.59828], [11.69865, 42.60174], [11.70097, 42.60284], [11.72143, 42.60815], [11.72888, 42.61151], [11.73205, 42.61384], [11.73523, 42.61616], [11.74001, 42.6221], [11.74112, 42.62365], [11.74526, 42.63104], [11.7494, 42.63843], [11.7514, 42.64112], [11.75264, 42.6422], [11.75388, 42.64328], [11.75761, 42.6451], [11.75916, 42.64567], [11.76117, 42.6462], [11.76318, 42.64672], [11.77094, 42.64759], [11.77869, 42.64846], [11.78087, 42.64902], [11.78304, 42.64959], [11.78449, 42.65021], [11.78691, 42.65125], [11.78817, 42.65609], [11.78893, 42.65899], [11.78985, 42.67109], [11.78985, 42.67109], [11.7883, 42.68571], [11.78676, 42.70034], [11.78676, 42.70034], [11.78893, 42.71098], [11.79218, 42.71752], [11.80088, 42.72488], [11.80308, 42.72793], [11.80664, 42.73466], [11.80789, 42.73835], [11.80789, 42.73835], [11.8076, 42.73991], [11.80712, 42.74251], [11.804, 42.74659], [11.79974, 42.74893], [11.79548, 42.75127], [11.79274, 42.75325], [11.79001, 42.75522], [11.78688, 42.75858], [11.78583, 42.7597], [11.78521, 42.76164], [11.7821, 42.77137], [11.77761, 42.77682], [11.77388, 42.78065], [11.74723, 42.79848], [11.75048, 42.80633], [11.75265, 42.80865], [11.76474, 42.81874], [11.76924, 42.82036], [11.77467, 42.82095], [11.78381, 42.81897], [11.78878, 42.81635], [11.79581, 42.8114], [11.80086, 42.81113], [11.80805, 42.81335], [11.8327, 42.83258], [11.84061, 42.83579], [11.88902, 42.85039], [11.93309, 42.7911], [11.94814, 42.77631], [11.96069, 42.77109], [11.97036, 42.76503], [11.97346, 42.76029], [11.97392, 42.75597], [11.97253, 42.75251], [11.97082, 42.74932], [11.96882, 42.74628], [11.96643, 42.74336], [11.96355, 42.74068], [11.95667, 42.73657], [11.94489, 42.73223], [11.9376, 42.72866], [11.93373, 42.72589], [11.93061, 42.72262], [11.928, 42.7166], [11.92846, 42.71253], [11.9303, 42.7091], [11.94876, 42.69171], [11.95434, 42.68747], [11.95961, 42.68463], [11.98556, 42.67543], [11.99563, 42.66923], [12.01986, 42.64843], [12.02514, 42.64556], [12.02979, 42.6454], [12.03366, 42.64603], [12.0642, 42.65569], [12.09341, 42.66058], [12.09853, 42.66071], [12.11852, 42.65693], [12.12395, 42.6568], [12.12874, 42.65735], [12.13263, 42.65899], [12.13592, 42.66117], [12.13871, 42.6637], [12.14601, 42.67225], [12.14895, 42.67455], [12.15236, 42.67581], [12.15656, 42.67543], [12.2045, 42.65456], [12.21975, 42.65507], [12.22151, 42.65293], [12.23583, 42.64758], [12.24058, 42.6391], [12.24524, 42.61981], [12.24754, 42.59884], [12.24548, 42.58552], [12.25912, 42.56564], [12.26244, 42.56427], [12.26723, 42.56567], [12.27154, 42.5661], [12.27338, 42.56192], [12.27266, 42.54836], [12.27567, 42.53606], [12.27743, 42.51901], [12.28022, 42.5104], [12.28378, 42.50622], [12.29525, 42.49699], [12.30067, 42.48991], [12.31902, 42.49802], [12.34284, 42.49193], [12.3936, 42.4625], [12.41737, 42.44149], [12.41792, 42.43911], [12.41673, 42.43074], [12.41737, 42.42847], [12.42036, 42.42816], [12.42831, 42.42917], [12.43106, 42.42847], [12.43561, 42.42599], [12.44697, 42.42356], [12.45152, 42.42103], [12.45152, 42.41482], [12.44536, 42.41113], [12.44066, 42.40677], [12.43106, 42.39309], [12.43871, 42.38904], [12.44697, 42.38793], [12.45571, 42.3894], [12.46393, 42.38682], [12.46513, 42.38693], [12.50396, 42.39059], [12.50985, 42.3894], [12.51623, 42.38716], [12.52258, 42.37524], [12.52835, 42.3695], [12.53301, 42.36847], [12.53688, 42.36935], [12.54929, 42.37876], [12.57628, 42.39022], [12.58702, 42.39612], [12.5926, 42.401], [12.60392, 42.41581], [12.60763, 42.42232], [12.61167, 42.4338], [12.61229, 42.43783], [12.61198, 42.44177], [12.61088, 42.44521], [12.60935, 42.4485], [12.60809, 42.45234], [12.6084, 42.45679], [12.61214, 42.46312], [12.61693, 42.46557], [12.6222, 42.46609], [12.6264, 42.46465], [12.62965, 42.46237], [12.64349, 42.44563], [12.65202, 42.44382], [12.66566, 42.44345], [12.69888, 42.44756], [12.71301, 42.45064], [12.72215, 42.454], [12.72464, 42.45679], [12.72633, 42.45974], [12.72758, 42.46314], [12.72743, 42.46681], [12.72617, 42.47017], [12.71842, 42.48248], [12.71673, 42.48598], [12.71611, 42.48961], [12.71765, 42.49405], [12.72138, 42.49626], [12.75522, 42.5003], [12.75584, 42.50058], [12.75801, 42.50182], [12.76313, 42.50559], [12.76577, 42.50821], [12.77647, 42.52407], [12.78003, 42.52707], [12.86944, 42.55941], [12.88011, 42.56469], [12.88167, 42.56797], [12.88167, 42.57166], [12.8806, 42.57528], [12.87904, 42.57843], [12.87717, 42.58143], [12.87919, 42.59032], [12.90198, 42.6096], [12.98798, 42.608], [12.99741, 42.60873], [12.99929, 42.60887], [13.00171, 42.61044], [13.00378, 42.61234], [13.00564, 42.61494], [13.01263, 42.62678], [13.01758, 42.63156], [13.02674, 42.63177], [13.03562, 42.62768], [13.04181, 42.62562], [13.04762, 42.62461], [13.05282, 42.62371], [13.05527, 42.62372], [13.05935, 42.62375], [13.09081, 42.63073], [13.09597, 42.63275], [13.11241, 42.64427], [13.12322, 42.64575], [13.1259, 42.64563], [13.1346, 42.6441], [13.1433, 42.64257], [13.14937, 42.64324], [13.15385, 42.6451], [13.15649, 42.64779], [13.15773, 42.64928], [13.16099, 42.65393], [13.16578, 42.66458], [13.16982, 42.67119], [13.17448, 42.67683], [13.18006, 42.68202], [13.18564, 42.68722], [13.18672, 42.68877], [13.18905, 42.69399], [13.1889, 42.69758], [13.18795, 42.70119], [13.18378, 42.71127], [13.18332, 42.71517], [13.18424, 42.71987], [13.18485, 42.72172], [13.18547, 42.72357], [13.18687, 42.72528], [13.19448, 42.7346], [13.24227, 42.73558], [13.24723, 42.73633], [13.25158, 42.73757], [13.26187, 42.74323], [13.26481, 42.74422], [13.26791, 42.74462], [13.27441, 42.74307], [13.28248, 42.73951], [13.30419, 42.72589], [13.31168, 42.71925], [13.33756, 42.68766], [13.33523, 42.67954], [13.33616, 42.67548], [13.33833, 42.67016], [13.34391, 42.66352], [13.34796, 42.65962], [13.35182, 42.65662], [13.35569, 42.65496], [13.36035, 42.65362], [13.3712, 42.65171], [13.37575, 42.65032], [13.37977, 42.64867], [13.38335, 42.64665], [13.3863, 42.64443], [13.38676, 42.63693], [13.38645, 42.63084], [13.37588, 42.60377], [13.37588, 42.60377], [13.36894, 42.58598], [13.33802, 42.57456], [13.33337, 42.57358], [13.32796, 42.57306], [13.30619, 42.57394], [13.29131, 42.57218], [13.28604, 42.57224], [13.27674, 42.57436], [13.2727, 42.57606], [13.26371, 42.57879], [13.25875, 42.57965], [13.23064, 42.58009], [13.2201, 42.58198], [13.20615, 42.58592], [13.19571, 42.58747], [13.19043, 42.58768], [13.18611, 42.58691], [13.18237, 42.5834], [13.17958, 42.57763], [13.1771, 42.56474], [13.17431, 42.55738], [13.16796, 42.55141], [13.16222, 42.54986], [13.14609, 42.54869], [13.14188, 42.54743], [13.1386, 42.54542], [13.13629, 42.54229], [13.13535, 42.53829], [13.13768, 42.53221], [13.14047, 42.52856], [13.14403, 42.52577], [13.1551, 42.51998], [13.15835, 42.51777], [13.1613, 42.51524], [13.16347, 42.51234], [13.1647, 42.50893], [13.16517, 42.50526], [13.16455, 42.49906], [13.16486, 42.4967], [13.16688, 42.49028], [13.16657, 42.48562], [13.1647, 42.48015], [13.15789, 42.47199], [13.15323, 42.46792], [13.14873, 42.4649], [13.13458, 42.45741], [13.13179, 42.45485], [13.12977, 42.45074], [13.12854, 42.44527], [13.12946, 42.43619], [13.13087, 42.4308], [13.1324, 42.42638], [13.13645, 42.4204], [13.14188, 42.41532], [13.14517, 42.41318], [13.15293, 42.40935], [13.17152, 42.40408], [13.17556, 42.40232], [13.17835, 42.39995], [13.17835, 42.39477], [13.1751, 42.38739], [13.15943, 42.36723], [13.15649, 42.36228], [13.15556, 42.35775], [13.15603, 42.34936], [13.15756, 42.3445], [13.16005, 42.34078], [13.16332, 42.33856], [13.1892, 42.32931], [13.19975, 42.32342], [13.20599, 42.31884], [13.21096, 42.31349], [13.21298, 42.31046], [13.21452, 42.30723], [13.21746, 42.29184], [13.21994, 42.2847], [13.22304, 42.27824], [13.22755, 42.27214], [13.23034, 42.26956], [13.25018, 42.2567], [13.25297, 42.25421], [13.25534, 42.25148], [13.26712, 42.23359], [13.26991, 42.23107], [13.27285, 42.22869], [13.27659, 42.22675], [13.28076, 42.22518], [13.29999, 42.22158], [13.30263, 42.2205], [13.30511, 42.21902], [13.30759, 42.2167], [13.3095, 42.21381], [13.31084, 42.21029], [13.31302, 42.20308], [13.31456, 42.19983], [13.31695, 42.19691], [13.32036, 42.19502], [13.32469, 42.19345], [13.33539, 42.19179], [13.35198, 42.19164], [13.35725, 42.19097], [13.36176, 42.18982], [13.36551, 42.18787], [13.36749, 42.18518], [13.36375, 42.18177], [13.35461, 42.17866], [13.31726, 42.17267], [13.30542, 42.16745], [13.30186, 42.16312], [13.30061, 42.15872], [13.3017, 42.15521], [13.30573, 42.14936], [13.30713, 42.14642], [13.30652, 42.14307], [13.3048, 42.14024], [13.30217, 42.13756], [13.29907, 42.13523], [13.29551, 42.13322], [13.29054, 42.13174], [13.28465, 42.13143], [13.27503, 42.13353], [13.26481, 42.13802], [13.26077, 42.13862], [13.25484, 42.13562], [13.24708, 42.13024], [13.2415, 42.12906], [13.2339, 42.12906], [13.22041, 42.13158], [13.21313, 42.13381], [13.20771, 42.13613], [13.18951, 42.14622], [13.17308, 42.15299], [13.14238, 42.15872], [13.09876, 42.17365], [13.09426, 42.17313], [13.08956, 42.17055], [13.08543, 42.16228], [13.08167, 42.1519], [13.07965, 42.14861], [13.07732, 42.14552], [13.0733, 42.14125], [13.05128, 42.12547], [13.03029, 42.11596], [13.02958, 42.11564], [13.01371, 42.10846], [13.01199, 42.10228], [13.01199, 42.09903], [13.01696, 42.05465], [13.01788, 42.05138], [13.02379, 42.0381], [13.02564, 42.03516], [13.02843, 42.03193], [13.03623, 42.02803], [13.04911, 42.02319], [13.07205, 42.01904], [13.08229, 42.01889], [13.08916, 42.02053], [13.09226, 42.02271], [13.09705, 42.02367], [13.28015, 41.94682], [13.29566, 41.94729], [13.29786, 41.94705], [13.29786, 41.94705], [13.30667, 41.94607], [13.31177, 41.94395], [13.31695, 41.94085], [13.33075, 41.92711], [13.34158, 41.9223], [13.35323, 41.9192], [13.36375, 41.91248], [13.36861, 41.90778], [13.37017, 41.9031], [13.36986, 41.89878], [13.36894, 41.89483], [13.36718, 41.89119], [13.35848, 41.87884], [13.35664, 41.87554], [13.35538, 41.87155], [13.35354, 41.84553], [13.35369, 41.84137], [13.35431, 41.8375], [13.35538, 41.83393], [13.3571, 41.83083], [13.36112, 41.82866], [13.36685, 41.82768], [13.37747, 41.82897], [13.38986, 41.83153], [13.39467, 41.83208], [13.39994, 41.83217], [13.40522, 41.8316], [13.50144, 41.79595], [13.50917, 41.79089], [13.51383, 41.78644], [13.51523, 41.78313], [13.51693, 41.78019], [13.5191, 41.77745], [13.52205, 41.77497], [13.52545, 41.77267], [13.52934, 41.77078], [13.53604, 41.76923], [13.54521, 41.7682], [13.56272, 41.7683], [13.57885, 41.7699], [13.59919, 41.77799], [13.61517, 41.78831], [13.63191, 41.80337], [13.63859, 41.80778], [13.64246, 41.80939], [13.64663, 41.81052], [13.65568, 41.80949], [13.71481, 41.79479], [13.72318, 41.78846], [13.72751, 41.7842], [13.73015, 41.78003], [13.73573, 41.76665], [13.73929, 41.7605], [13.74146, 41.7575], [13.74426, 41.75461], [13.74999, 41.75184], [13.75889, 41.74918], [13.77361, 41.74758], [13.78152, 41.74813], [13.78695, 41.74955], [13.7902, 41.75169], [13.79391, 41.75352], [13.80075, 41.75262], [13.81066, 41.74918], [13.83072, 41.73864], [13.84296, 41.73378], [13.85878, 41.73037], [13.87277, 41.73066], [13.89185, 41.72365], [13.9457, 41.68818], [13.95159, 41.679], [13.95779, 41.67384], [13.9677, 41.66743], [13.97018, 41.66487], [13.97235, 41.66185], [13.97407, 41.65874], [13.97624, 41.65167], [13.97949, 41.64536], [13.99257, 41.62829], [13.99395, 41.62501], [13.99457, 41.61746], [13.99426, 41.58302], [13.99613, 41.57336], [13.9983, 41.56738], [14.00327, 41.56485], [14.00606, 41.56283], [14.00791, 41.55881], [14.00867, 41.55331], [14.0076, 41.53713], [14.00852, 41.53225], [14.01008, 41.52894], [14.00931, 41.52464], [14.00558, 41.51938], [13.98088, 41.50434], [13.97919, 41.50178], [13.98057, 41.49775], [13.98294, 41.49452], [13.98275, 41.49008], [13.98202, 41.48651], [13.96181, 41.4707], [13.95267, 41.47044], [13.94491, 41.46812], [13.93825, 41.46442], [13.91153, 41.4436], [13.90951, 41.44238], [13.89681, 41.43582], [13.88952, 41.43332], [13.8659, 41.4277], [13.86218, 41.426], [13.86016, 41.42303], [13.8597, 41.41923], [13.87227, 41.40027], [13.87537, 41.3936], [13.87556, 41.3885], [13.87473, 41.38164], [13.86948, 41.35815], [13.87258, 41.33541], [13.87258, 41.33541], [13.86761, 41.32158], [13.86791, 41.30974], [13.86792, 41.30931], [13.86792, 41.30931], [13.86699, 41.30559], [13.86621, 41.30403], [13.86543, 41.30247], [13.86427, 41.3009], [13.86311, 41.29934], [13.86148, 41.29768], [13.85985, 41.29603], [13.85737, 41.29433], [13.85489, 41.29262], [13.85078, 41.29032], [13.84667, 41.28802], [13.8421, 41.28711], [13.83753, 41.28621], [13.83486, 41.28538], [13.8225, 41.28058], [13.81749, 41.27663], [13.81299, 41.26944], [13.81252, 41.26708], [13.81206, 41.26472], [13.81206, 41.26472], [13.81252, 41.2603], [13.74366, 41.2376], [13.70851, 41.25642], [13.59441, 41.25312], [13.56365, 41.23798], [13.57545, 41.20808], [13.54396, 41.20661], [13.51441, 41.22968], [13.49969, 41.22175], [13.48024, 41.23916], [13.32439, 41.29483], [13.28582, 41.29572], [13.18702, 41.27802], [13.11451, 41.25088], [13.09051, 41.22655], [13.04461, 41.22753], [12.9795, 41.331], [12.89357, 41.39932], [12.84156, 41.4184], [12.74855, 41.42373], [12.65398, 41.46564], [12.63526, 41.4475], [12.44801, 41.63076], [12.32716, 41.71137], [12.22348, 41.75068], [12.20623, 41.82734], [12.14747, 41.90347], [12.03883, 41.96516], [12.02036, 41.99307], [11.98219, 41.99974], [11.93458, 42.03148], [11.82748, 42.03417], [11.75017, 42.12792], [11.73618, 42.16889], [11.65821, 42.27936], [11.53907, 42.34886], [11.4515, 42.37437], [11.4515, 42.37437], [11.45154, 42.37447]], [[13.0827, 41.56368], [13.08987, 41.55888], [13.0968, 41.55215], [13.08987, 41.55888], [13.0827, 41.56368]], [[13.13198, 41.55782], [13.16022, 41.57021], [13.16771, 41.5769], [13.16022, 41.57021], [13.13198, 41.55782]], [[13.22122, 41.54153], [13.2484, 41.53732], [13.25709, 41.53252], [13.2484, 41.53732], [13.22122, 41.54153], [13.20498, 41.55167], [13.22122, 41.54153]], [[13.26366, 41.43183], [13.26525, 41.43055], [13.27238, 41.42651], [13.26525, 41.43055], [13.26366, 41.43183]], [[13.43095, 41.41098], [13.42853, 41.40585], [13.42853, 41.40585], [13.43095, 41.41098]], [[13.43656, 41.42931], [13.43679, 41.42337], [13.43679, 41.42337], [13.43656, 41.42931]], [[13.43277, 41.44831], [13.43277, 41.44831], [13.43312, 41.45321], [13.43277, 41.44831]], [[13.43928, 41.45908], [13.44573, 41.46017], [13.45571, 41.45765], [13.44573, 41.46017], [13.43928, 41.45908]], [[13.55751, 41.40927], [13.56538, 41.40317], [13.56914, 41.39736], [13.56538, 41.40317], [13.55751, 41.40927]], [[13.60384, 41.33649], [13.60866, 41.3314], [13.61091, 41.32974], [13.60866, 41.3314], [13.60384, 41.33649]], [[13.74512, 41.32122], [13.7577, 41.31255], [13.76501, 41.31156], [13.7577, 41.31255], [13.74512, 41.32122]], [[12.70221, 41.50181], [12.68247, 41.50906], [12.67242, 41.51986], [12.68247, 41.50906], [12.70221, 41.50181]], [[12.65259, 41.53603], [12.65289, 41.53586], [12.65259, 41.53603], [12.65259, 41.53603]], [[12.64505, 41.65942], [12.6498, 41.65618], [12.65145, 41.65003], [12.6498, 41.65618], [12.64505, 41.65942]], [[12.65872, 41.60568], [12.65988, 41.60364], [12.66284, 41.60339], [12.65988, 41.60364], [12.65872, 41.60568]], [[12.85087, 41.69421], [12.85353, 41.70129], [12.8847, 41.70716], [12.85353, 41.70129], [12.85087, 41.69421]], [[12.92159, 41.71263], [12.92465, 41.71272], [12.92713, 41.71195], [12.92465, 41.71272], [12.92159, 41.71263]], [[12.95191, 41.66976], [12.95346, 41.66675], [12.95557, 41.66437], [12.95346, 41.66675], [12.95191, 41.66976]], [[12.98065, 41.64452], [13.00362, 41.62705], [13.0066, 41.62184], [13.00362, 41.62705], [12.98065, 41.64452]], [[12.45398, 41.90386], [12.45303, 41.90391], [12.45271, 41.90302], [12.45404, 41.90275], [12.45398, 41.90386]]], [[[13.43198, 40.80146], [13.42693, 40.79084], [13.41472, 40.78587], [13.41896, 40.7956], [13.43198, 40.80146]]]]}}, {"type": "Feature", "properties": {"name": "Emilia-Romagna", "label": {"no": "Emilia-Romagna", "en": "Emilia-Romagna"}, "short": "Emilia-Romagna", "neighbours": ["Liguria", "Lombardia", "Marche", "Piemonte", "Toscana", "Veneto"]}, "geometry": {"type": "Polygon", "coordinates": [[[12.18523, 43.74286], [12.17891, 43.74363], [12.17532, 43.74456], [12.17128, 43.74663], [12.16313, 43.75218], [12.15825, 43.75552], [12.15552, 43.75701], [12.1415, 43.76249], [12.13107, 43.76404], [12.11998, 43.76346], [12.11463, 43.76276], [12.10844, 43.7609], [12.10224, 43.75903], [12.09123, 43.75661], [12.06776, 43.75433], [12.01818, 43.76374], [11.9686, 43.77314], [11.96132, 43.77714], [11.95403, 43.78115], [11.94488, 43.78828], [11.91883, 43.80353], [11.87875, 43.81671], [11.87552, 43.81738], [11.85316, 43.81907], [11.8296, 43.82084], [11.81982, 43.82245], [11.81301, 43.8244], [11.80928, 43.82642], [11.79735, 43.83623], [11.79247, 43.84137], [11.78955, 43.84445], [11.78722, 43.84595], [11.78489, 43.84745], [11.74567, 43.8633], [11.73259, 43.86859], [11.73063, 43.86978], [11.72082, 43.87572], [11.71634, 43.87914], [11.70888, 43.88484], [11.70858, 43.9196], [11.70625, 43.92409], [11.70144, 43.92952], [11.69555, 43.93147], [11.6879, 43.93463], [11.68542, 43.93853], [11.68511, 43.94349], [11.68718, 43.95752], [11.68562, 43.96205], [11.68313, 43.96559], [11.66, 43.98052], [11.65332, 43.98641], [11.6507, 43.99086], [11.65006, 43.99499], [11.65085, 43.99944], [11.65116, 44.01272], [11.65239, 44.01773], [11.65564, 44.02093], [11.66046, 44.02186], [11.67735, 44.02302], [11.68155, 44.02444], [11.6848, 44.02672], [11.69524, 44.03839], [11.69788, 44.04248], [11.7033, 44.05318], [11.7202, 44.07023], [11.72299, 44.07499], [11.72609, 44.0817], [11.73057, 44.09571], [11.73864, 44.10837], [11.74226, 44.11294], [11.74723, 44.12165], [11.74738, 44.12661], [11.74567, 44.13007], [11.74143, 44.13172], [11.73633, 44.13255], [11.73167, 44.13271], [11.72284, 44.1318], [11.71998, 44.13168], [11.71998, 44.13168], [11.69214, 44.13056], [11.67907, 44.12784], [11.6538, 44.11886], [11.64448, 44.11746], [11.63427, 44.11782], [11.60335, 44.12325], [11.59375, 44.12589], [11.58817, 44.12883], [11.58847, 44.13209], [11.59017, 44.13537], [11.59329, 44.13818], [11.60568, 44.14674], [11.60878, 44.14934], [11.6108, 44.15229], [11.60939, 44.15695], [11.60412, 44.16253], [11.58832, 44.17064], [11.579, 44.17327], [11.57184, 44.17369], [11.5678, 44.17198], [11.5647, 44.16966], [11.56206, 44.16676], [11.55617, 44.16423], [11.55105, 44.16268], [11.52627, 44.16222], [11.52627, 44.16222], [11.51726, 44.16206], [11.49597, 44.16647], [11.4845, 44.17421], [11.44941, 44.20443], [11.44367, 44.21188], [11.43981, 44.21999], [11.43561, 44.22412], [11.4319, 44.22712], [11.41856, 44.23218], [11.41236, 44.23358], [11.40254, 44.23493], [11.3965, 44.23415], [11.39199, 44.23245], [11.3892, 44.22983], [11.38672, 44.22712], [11.37835, 44.21446], [11.37571, 44.21173], [11.36982, 44.20986], [11.36068, 44.20865], [11.34203, 44.20873], [11.33427, 44.20661], [11.32994, 44.20371], [11.32854, 44.20139], [11.327, 44.19927], [11.32219, 44.19441], [11.29112, 44.17079], [11.28121, 44.16834], [11.20364, 44.1588], [11.20022, 44.15663], [11.19776, 44.15374], [11.19635, 44.15049], [11.19666, 44.14686], [11.19791, 44.14366], [11.20022, 44.14067], [11.20301, 44.13829], [11.20644, 44.13606], [11.21481, 44.13273], [11.24757, 44.12307], [11.25174, 44.12119], [11.25515, 44.11903], [11.2564, 44.11597], [11.25423, 44.11224], [11.24601, 44.10689], [11.22937, 44.10271], [11.21402, 44.10271], [11.20011, 44.10468], [11.20011, 44.10468], [11.19758, 44.10504], [11.04825, 44.09238], [11.04149, 44.09181], [11.00793, 44.10412], [11.00468, 44.10779], [11.00128, 44.11266], [11.00266, 44.11622], [11.00514, 44.11932], [11.01198, 44.1247], [11.01538, 44.12803], [11.01729, 44.13354], [11.01508, 44.137], [11.00969, 44.13979], [11.00437, 44.14072], [10.99987, 44.14097], [10.99073, 44.14], [10.98935, 44.1373], [10.9884, 44.13384], [10.98779, 44.13038], [10.98656, 44.12769], [10.9853, 44.12589], [10.98297, 44.12371], [10.97368, 44.11704], [10.97089, 44.11441], [10.9619, 44.10225], [10.92323, 44.06796], [10.91921, 44.0678], [10.91486, 44.06863], [10.89746, 44.07493], [10.89001, 44.0786], [10.88117, 44.08604], [10.87667, 44.08847], [10.8556, 44.0946], [10.85079, 44.09674], [10.84769, 44.09902], [10.84505, 44.10173], [10.83461, 44.10821], [10.81587, 44.11351], [10.81587, 44.11351], [10.80128, 44.11764], [10.73396, 44.15467], [10.70739, 44.16201], [10.64982, 44.15783], [10.64547, 44.15689], [10.63603, 44.15353], [10.63277, 44.15162], [10.62998, 44.14919], [10.62781, 44.14625], [10.62223, 44.13642], [10.61706, 44.1309], [10.61054, 44.1257], [10.58217, 44.1232], [10.57039, 44.12563], [10.52227, 44.1555], [10.51515, 44.16221], [10.48393, 44.18681], [10.48162, 44.18981], [10.47976, 44.19286], [10.4785, 44.19642], [10.47758, 44.2002], [10.47635, 44.21343], [10.47123, 44.22459], [10.41645, 44.23136], [10.40017, 44.23588], [10.39707, 44.2382], [10.37128, 44.26355], [10.35919, 44.27203], [10.35097, 44.27492], [10.2962, 44.28239], [10.28782, 44.28239], [10.26359, 44.27207], [10.25394, 44.2706], [10.24902, 44.26985], [10.22933, 44.28149], [10.21764, 44.29269], [10.2147, 44.29642], [10.20433, 44.31419], [10.19936, 44.31828], [10.19394, 44.32071], [10.18835, 44.32138], [10.16924, 44.32644], [10.13571, 44.34182], [10.13571, 44.34182], [10.1218, 44.3482], [10.08546, 44.34898], [10.0726, 44.35213], [10.06019, 44.36133], [10.05456, 44.36643], [10.05223, 44.36923], [9.99126, 44.40657], [9.98491, 44.4128], [9.98506, 44.41626], [9.98691, 44.41941], [9.99034, 44.42165], [10.00009, 44.42561], [10.00165, 44.42822], [10.00196, 44.43264], [9.99823, 44.4409], [9.99436, 44.44514], [9.98985, 44.44804], [9.93556, 44.47039], [9.89665, 44.47951], [9.86635, 44.48297], [9.85892, 44.48292], [9.85255, 44.48207], [9.84356, 44.47954], [9.83565, 44.47625], [9.82027, 44.46447], [9.80197, 44.44525], [9.77788, 44.42555], [9.76206, 44.40938], [9.75991, 44.40638], [9.75789, 44.403], [9.75385, 44.39207], [9.75138, 44.38923], [9.7478, 44.38726], [9.74363, 44.38566], [9.71581, 44.37843], [9.69955, 44.37637], [9.69535, 44.37471], [9.69149, 44.3728], [9.68885, 44.37006], [9.68729, 44.36675], [9.68698, 44.3636], [9.68977, 44.35766], [9.67364, 44.3697], [9.66584, 44.38323], [9.66011, 44.39621], [9.65578, 44.40215], [9.65143, 44.40618], [9.59852, 44.42716], [9.59092, 44.42834], [9.57046, 44.42711], [9.5562, 44.42918], [9.53599, 44.42803], [9.51243, 44.42899], [9.50575, 44.42783], [9.50017, 44.42225], [9.49562, 44.41933], [9.49129, 44.41708], [9.48725, 44.41553], [9.4764, 44.41248], [9.45346, 44.41127], [9.44038, 44.41156], [9.4379, 44.41435], [9.43605, 44.41993], [9.43698, 44.42587], [9.43836, 44.43073], [9.44164, 44.43853], [9.45097, 44.46871], [9.45269, 44.47196], [9.45502, 44.47491], [9.45842, 44.47706], [9.46293, 44.47832], [9.46912, 44.48142], [9.47624, 44.48627], [9.48679, 44.49868], [9.49114, 44.50571], [9.49362, 44.51165], [9.49516, 44.52927], [9.49133, 44.55105], [9.49066, 44.55491], [9.48029, 44.56297], [9.441, 44.57337], [9.43201, 44.57708], [9.42551, 44.58178], [9.41419, 44.59407], [9.40797, 44.59619], [9.40334, 44.59594], [9.40024, 44.59376], [9.39248, 44.58552], [9.38675, 44.58333], [9.37816, 44.58178], [9.36049, 44.58193], [9.35181, 44.58312], [9.34562, 44.58518], [9.34236, 44.58738], [9.30185, 44.60601], [9.29038, 44.60934], [9.28231, 44.61009], [9.27218, 44.60617], [9.26381, 44.60415], [9.25823, 44.60449], [9.25357, 44.60596], [9.24535, 44.61276], [9.2376, 44.61805], [9.23109, 44.61997], [9.22505, 44.62027], [9.21492, 44.6179], [9.20314, 44.61376], [9.20143, 44.68213], [9.23265, 44.67882], [9.2421, 44.68301], [9.24458, 44.69061], [9.2452, 44.69468], [9.24474, 44.70368], [9.24489, 44.70827], [9.24753, 44.71437], [9.2514, 44.71574], [9.25467, 44.7149], [9.25698, 44.712], [9.2621, 44.70181], [9.26691, 44.69872], [9.27486, 44.69608], [9.29253, 44.69392], [9.30169, 44.69407], [9.30912, 44.69572], [9.31378, 44.69856], [9.31951, 44.7036], [9.32215, 44.70771], [9.32307, 44.71231], [9.32261, 44.71624], [9.31782, 44.73102], [9.30789, 44.75148], [9.30666, 44.75494], [9.30587, 44.75884], [9.30991, 44.76739], [9.31764, 44.77954], [9.3408, 44.80574], [9.35522, 44.82654], [9.35847, 44.85215], [9.35832, 44.85649], [9.35755, 44.86072], [9.35601, 44.86421], [9.35383, 44.86708], [9.35104, 44.86945], [9.34359, 44.87328], [9.32509, 44.87884], [9.31672, 44.88222], [9.31301, 44.88424], [9.30697, 44.88894], [9.30464, 44.89168], [9.30261, 44.89617], [9.30169, 44.90235], [9.30261, 44.91313], [9.30433, 44.91961], [9.30648, 44.92488], [9.31206, 44.93312], [9.31982, 44.9418], [9.38312, 45.04503], [9.41419, 45.08125], [9.41821, 45.08797], [9.42505, 45.10118], [9.47035, 45.10118], [9.49187, 45.10361], [9.50063, 45.10309], [9.51195, 45.10118], [9.53205, 45.08826], [9.54187, 45.08604], [9.54607, 45.09745], [9.54416, 45.10691], [9.54058, 45.11586], [9.53893, 45.12417], [9.54264, 45.13156], [9.54605, 45.13266], [9.54605, 45.13266], [9.55273, 45.13482], [9.5613, 45.12903], [9.57341, 45.11481], [9.59041, 45.11259], [9.60296, 45.11823], [9.61454, 45.12551], [9.62864, 45.12846], [9.64042, 45.12608], [9.64135, 45.12211], [9.63748, 45.11706], [9.63484, 45.11141], [9.63515, 45.0987], [9.63686, 45.09394], [9.6491, 45.08751], [9.68145, 45.07534], [9.72234, 45.07228], [9.75246, 45.08201], [9.75215, 45.108], [9.75505, 45.10944], [9.7569, 45.10923], [9.75789, 45.11007], [9.75835, 45.11481], [9.76455, 45.11481], [9.77509, 45.10151], [9.81183, 45.08472], [9.81979, 45.07662], [9.82444, 45.06867], [9.83369, 45.06825], [9.8402, 45.07381], [9.8369, 45.08376], [9.83018, 45.09627], [9.83881, 45.09856], [9.88078, 45.09157], [9.89585, 45.09187], [9.89959, 45.09916], [9.88496, 45.11792], [9.88289, 45.13415], [9.90392, 45.13849], [9.92314, 45.13006], [9.91603, 45.108], [9.9866, 45.12872], [9.99792, 45.12474], [10.00227, 45.11968], [10.02154, 45.11011], [10.02589, 45.10458], [10.02835, 45.09711], [10.04635, 45.06578], [10.07188, 45.03753], [10.10495, 45.03518], [10.14294, 45.04335], [10.18354, 45.04655], [10.22369, 45.03816], [10.32689, 44.99131], [10.35036, 44.98402], [10.3653, 44.98486], [10.37914, 44.98889], [10.39925, 44.99131], [10.41397, 44.9848], [10.4301, 44.95141], [10.44359, 44.93669], [10.4778, 44.92333], [10.50151, 44.91943], [10.50382, 44.91905], [10.52135, 44.91617], [10.56549, 44.91565], [10.60124, 44.9224], [10.63266, 44.93948], [10.6634, 44.96527], [10.68026, 44.98707], [10.6925, 44.99038], [10.69577, 44.98852], [10.70166, 44.98702], [10.70972, 44.98599], [10.72475, 44.98671], [10.73721, 44.98599], [10.74046, 44.98462], [10.75426, 44.97653], [10.7572, 44.97423], [10.76015, 44.97152], [10.76202, 44.96831], [10.7634, 44.9649], [10.76355, 44.96118], [10.76248, 44.95775], [10.76046, 44.9546], [10.75892, 44.95137], [10.75859, 44.94816], [10.76076, 44.94558], [10.7645, 44.94356], [10.85962, 44.92702], [10.86584, 44.92501], [10.87373, 44.92104], [10.87715, 44.91899], [10.88778, 44.91402], [10.88893, 44.91349], [10.92077, 44.92144], [10.93255, 44.9261], [10.93641, 44.92796], [10.94479, 44.9308], [10.97476, 44.93587], [10.98128, 44.93842], [10.98592, 44.94124], [10.99088, 44.94713], [10.99367, 44.94979], [10.99646, 44.95189], [10.99941, 44.95343], [11.08308, 44.9619], [11.09051, 44.96147], [11.14467, 44.94573], [11.14856, 44.94388], [11.15181, 44.94176], [11.16018, 44.93377], [11.16344, 44.93152], [11.18519, 44.93235], [11.25702, 44.94734], [11.27501, 44.94248], [11.27965, 44.94268], [11.28679, 44.94619], [11.29176, 44.95416], [11.29455, 44.95699], [11.29815, 44.95886], [11.30296, 44.96007], [11.37092, 44.95814], [11.4215, 44.94986], [11.4319, 44.93767], [11.44987, 44.93751], [11.48852, 44.94351], [11.50946, 44.94258], [11.52491, 44.93998], [11.55338, 44.92924], [11.60629, 44.89881], [11.62227, 44.89509], [11.64031, 44.89829], [11.65395, 44.90584], [11.67751, 44.9224], [11.71829, 44.93193], [11.73569, 44.93855], [11.73894, 44.94971], [11.74753, 44.95674], [11.75641, 44.96116], [11.76779, 44.96335], [11.78366, 44.96397], [11.78768, 44.96612], [11.79357, 44.97549], [11.79735, 44.97765], [11.82154, 44.97765], [11.86964, 44.98537], [11.8949, 44.98121], [11.91062, 44.98059], [11.92303, 44.97849], [11.93046, 44.97849], [11.96818, 44.9849], [11.97827, 44.98558], [11.98603, 44.98526], [11.99066, 44.98387], [12.08721, 44.97048], [12.10426, 44.96496], [12.11573, 44.95902], [12.11867, 44.95653], [12.12085, 44.95359], [12.12533, 44.94359], [12.12907, 44.94005], [12.13511, 44.93684], [12.14803, 44.93343], [12.1564, 44.93323], [12.16306, 44.93467], [12.16989, 44.93715], [12.17453, 44.93684], [12.19134, 44.93142], [12.22326, 44.92612], [12.23041, 44.92628], [12.23271, 44.92744], [12.23535, 44.92912], [12.23878, 44.9308], [12.24548, 44.93251], [12.272, 44.93643], [12.28114, 44.93643], [12.28764, 44.93535], [12.29092, 44.93318], [12.29323, 44.93036], [12.29479, 44.92744], [12.29463, 44.92419], [12.29307, 44.92116], [12.28813, 44.91545], [12.28595, 44.91227], [12.28455, 44.90868], [12.28424, 44.9046], [12.2847, 44.90078], [12.28734, 44.88975], [12.28859, 44.87907], [12.29043, 44.87157], [12.29169, 44.86802], [12.29338, 44.86475], [12.29758, 44.86145], [12.30472, 44.85861], [12.32708, 44.853], [12.33297, 44.8508], [12.33653, 44.84864], [12.33948, 44.84621], [12.34181, 44.84331], [12.34352, 44.84006], [12.34429, 44.83623], [12.34444, 44.82765], [12.34521, 44.82377], [12.34708, 44.82068], [12.34972, 44.81804], [12.36325, 44.80928], [12.39313, 44.79359], [12.3934, 44.79345], [12.37566, 44.79222], [12.29233, 44.84325], [12.26637, 44.82665], [12.28004, 44.8205], [12.24659, 44.71162], [12.2527, 44.6684], [12.28582, 44.60269], [12.2837, 44.48762], [12.32106, 44.35371], [12.34213, 44.32949], [12.36883, 44.25068], [12.47877, 44.13935], [12.57423, 44.0856], [12.6609, 44.00829], [12.75386, 43.97239], [12.75366, 43.97127], [12.74995, 43.96121], [12.7392, 43.93871], [12.73718, 43.93086], [12.73672, 43.92652], [12.73657, 43.92249], [12.73718, 43.91855], [12.73828, 43.91502], [12.74153, 43.90854], [12.74246, 43.90507], [12.74199, 43.90146], [12.74074, 43.89783], [12.73083, 43.88197], [12.7282, 43.8791], [12.7251, 43.87675], [12.72138, 43.87459], [12.7006, 43.8674], [12.69682, 43.86553], [12.69363, 43.86303], [12.69093, 43.86024], [12.68878, 43.8573], [12.68489, 43.85063], [12.68256, 43.84761], [12.67992, 43.845], [12.67498, 43.84332], [12.66845, 43.84254], [12.63305, 43.84254], [12.62701, 43.84363], [12.62158, 43.84657], [12.61585, 43.85334], [12.61337, 43.85823], [12.60779, 43.87285], [12.60346, 43.87897], [12.5957, 43.88745], [12.59135, 43.89334], [12.58779, 43.89541], [12.58324, 43.89619], [12.57533, 43.89355], [12.57162, 43.89019], [12.56898, 43.88636], [12.56727, 43.88285], [12.56527, 43.87973], [12.56263, 43.87691], [12.5592, 43.87499], [12.55503, 43.8752], [12.55083, 43.87794], [12.54758, 43.88507], [12.54727, 43.89013], [12.54773, 43.89479], [12.54773, 43.89861], [12.54231, 43.90349], [12.53736, 43.90695], [12.49654, 43.92347], [12.48309, 43.9292], [12.49239, 43.95642], [12.48216, 43.98257], [12.42139, 43.96722], [12.38563, 43.92453], [12.42111, 43.89517], [12.42258, 43.89091], [12.42313, 43.88645], [12.42245, 43.8821], [12.42025, 43.87816], [12.41711, 43.87546], [12.41328, 43.87386], [12.40915, 43.87334], [12.405, 43.87381], [12.40096, 43.87562], [12.39496, 43.88105], [12.39144, 43.88328], [12.38769, 43.88379], [12.38406, 43.8827], [12.37709, 43.8792], [12.36009, 43.87449], [12.35145, 43.86995], [12.34862, 43.86373], [12.34574, 43.84701], [12.33502, 43.82794], [12.32159, 43.81373], [12.30505, 43.80309], [12.28499, 43.7947], [12.28826, 43.78819], [12.28962, 43.78209], [12.28887, 43.77584], [12.28585, 43.76887], [12.28435, 43.76948], [12.2782, 43.77126], [12.27564, 43.77153], [12.27308, 43.7718], [12.27121, 43.77164], [12.26394, 43.76989], [12.25912, 43.76643], [12.25431, 43.76297], [12.2474, 43.76162], [12.24486, 43.76146], [12.23422, 43.76291], [12.22357, 43.76436], [12.2183, 43.76408], [12.21382, 43.76297], [12.21179, 43.76203], [12.20667, 43.75888], [12.20163, 43.75333], [12.19659, 43.74777], [12.1951, 43.74658], [12.1936, 43.74539], [12.18989, 43.74359], [12.18698, 43.74313], [12.18523, 43.74286]], [[12.23937, 43.79949], [12.23954, 43.79996], [12.23988, 43.80089], [12.24001, 43.80267], [12.23955, 43.806], [12.23773, 43.80939], [12.23724, 43.80998], [12.23665, 43.81048], [12.22669, 43.81445], [12.18433, 43.81841], [12.17818, 43.82102], [12.17756, 43.82167], [12.17331, 43.8121], [12.17189, 43.80891], [12.17163, 43.80783], [12.17084, 43.8046], [12.17084, 43.8046], [12.17084, 43.8046], [12.17328, 43.80037], [12.17572, 43.79615], [12.1776, 43.794], [12.18218, 43.78881], [12.19013, 43.78331], [12.19526, 43.78173], [12.19934, 43.78047], [12.19925, 43.78071], [12.19914, 43.78101], [12.19914, 43.78101], [12.20142, 43.78303], [12.21405, 43.7895], [12.22667, 43.79597], [12.23053, 43.7972], [12.23438, 43.79843], [12.23856, 43.79881], [12.23912, 43.79928], [12.23937, 43.79949], [12.23937, 43.79949]]]}}, {"type": "Feature", "properties": {"name": "Marche", "label": {"no": "Marche", "en": "Marche"}, "short": "Marche", "neighbours": ["Abruzzo", "Emilia-Romagna", "Lazio", "Toscana", "Umbria"]}, "geometry": {"type": "Polygon", "coordinates": [[[12.40326, 43.52406], [12.39764, 43.52316], [12.39256, 43.52235], [12.38186, 43.52457], [12.31994, 43.54618], [12.31615, 43.54804], [12.31236, 43.5499], [12.31073, 43.55099], [12.30909, 43.55207], [12.30663, 43.55475], [12.30502, 43.55794], [12.30502, 43.56142], [12.30678, 43.56444], [12.30973, 43.5667], [12.3139, 43.56778], [12.31638, 43.56765], [12.33453, 43.56509], [12.33716, 43.5652], [12.34414, 43.56649], [12.34932, 43.56964], [12.35079, 43.57094], [12.35312, 43.57383], [12.35514, 43.57703], [12.35635, 43.57987], [12.35659, 43.58044], [12.35672, 43.58103], [12.35732, 43.58396], [12.35732, 43.58396], [12.35732, 43.58396], [12.35693, 43.58608], [12.3567, 43.58736], [12.35511, 43.59045], [12.35358, 43.59341], [12.35358, 43.59688], [12.35499, 43.60011], [12.35964, 43.60854], [12.36042, 43.61047], [12.36052, 43.6126], [12.36062, 43.61473], [12.35886, 43.61941], [12.35499, 43.62059], [12.35289, 43.62036], [12.35079, 43.62013], [12.3208, 43.61203], [12.3108, 43.60932], [12.30984, 43.6089], [12.30335, 43.60546], [12.30187, 43.60376], [12.30098, 43.60274], [12.29905, 43.59924], [12.29711, 43.59573], [12.29338, 43.5929], [12.28967, 43.59225], [12.28595, 43.5916], [12.28285, 43.59235], [12.27976, 43.59311], [12.26038, 43.60225], [12.25201, 43.60455], [12.24517, 43.60643], [12.23629, 43.60802], [12.2183, 43.60852], [12.21302, 43.60902], [12.21057, 43.61011], [12.20481, 43.61683], [12.20056, 43.62708], [12.19349, 43.64416], [12.19349, 43.64416], [12.19375, 43.64571], [12.19582, 43.65336], [12.19728, 43.65398], [12.19971, 43.65501], [12.21351, 43.65842], [12.21738, 43.66016], [12.2197, 43.66121], [12.22682, 43.66527], [12.2459, 43.67996], [12.24994, 43.68243], [12.25902, 43.68417], [12.26811, 43.68591], [12.27292, 43.6878], [12.28239, 43.69328], [12.28811, 43.70602], [12.28997, 43.71113], [12.29347, 43.71757], [12.29696, 43.724], [12.30193, 43.72891], [12.30409, 43.7294], [12.30625, 43.72989], [12.30736, 43.7287], [12.30847, 43.72751], [12.30953, 43.72495], [12.30988, 43.7241], [12.31081, 43.71613], [12.31577, 43.68866], [12.33196, 43.68735], [12.33405, 43.68912], [12.33741, 43.69321], [12.34027, 43.69671], [12.34727, 43.70387], [12.35438, 43.71113], [12.35732, 43.718], [12.35747, 43.7203], [12.35763, 43.7226], [12.35763, 43.7226], [12.30553, 43.75862], [12.2983, 43.76268], [12.28585, 43.76887], [12.28887, 43.77584], [12.28962, 43.78209], [12.28826, 43.78819], [12.28499, 43.7947], [12.30505, 43.80309], [12.32159, 43.81373], [12.33502, 43.82794], [12.34574, 43.84701], [12.34862, 43.86373], [12.35145, 43.86995], [12.36009, 43.87449], [12.37709, 43.8792], [12.38406, 43.8827], [12.38769, 43.88379], [12.39144, 43.88328], [12.39496, 43.88105], [12.40096, 43.87562], [12.405, 43.87381], [12.40915, 43.87334], [12.41328, 43.87386], [12.41711, 43.87546], [12.42025, 43.87816], [12.42245, 43.8821], [12.42313, 43.88645], [12.42258, 43.89091], [12.42111, 43.89517], [12.42945, 43.89206], [12.46046, 43.89526], [12.48309, 43.9292], [12.49654, 43.92347], [12.53736, 43.90695], [12.54231, 43.90349], [12.54773, 43.89861], [12.54773, 43.89479], [12.54727, 43.89013], [12.54758, 43.88507], [12.55083, 43.87794], [12.55503, 43.8752], [12.5592, 43.87499], [12.56263, 43.87691], [12.56527, 43.87973], [12.56727, 43.88285], [12.56898, 43.88636], [12.57162, 43.89019], [12.57533, 43.89355], [12.58324, 43.89619], [12.58779, 43.89541], [12.59135, 43.89334], [12.5957, 43.88745], [12.60346, 43.87897], [12.60779, 43.87285], [12.61337, 43.85823], [12.61585, 43.85334], [12.62158, 43.84657], [12.62701, 43.84363], [12.63305, 43.84254], [12.66845, 43.84254], [12.67498, 43.84332], [12.67992, 43.845], [12.68256, 43.84761], [12.68489, 43.85063], [12.68878, 43.8573], [12.69093, 43.86024], [12.69363, 43.86303], [12.69682, 43.86553], [12.7006, 43.8674], [12.72138, 43.87459], [12.7251, 43.87675], [12.7282, 43.8791], [12.73083, 43.88197], [12.74074, 43.89783], [12.74199, 43.90146], [12.74246, 43.90507], [12.74153, 43.90854], [12.73828, 43.91502], [12.73718, 43.91855], [12.73657, 43.92249], [12.73672, 43.92652], [12.73718, 43.93086], [12.7392, 43.93871], [12.74995, 43.96121], [12.75366, 43.97127], [12.75386, 43.97239], [12.80397, 43.96686], [12.92888, 43.91584], [13.25327, 43.70319], [13.4734, 43.61201], [13.51612, 43.63174], [13.57887, 43.5729], [13.61557, 43.56049], [13.62452, 43.54719], [13.61695, 43.53132], [13.83481, 43.12726], [13.86541, 43.00731], [13.90553, 42.90156], [13.88859, 42.90012], [13.81707, 42.88715], [13.76073, 42.86865], [13.74008, 42.86379], [13.72518, 42.86454], [13.71914, 42.86302], [13.71279, 42.86007], [13.70389, 42.85263], [13.70002, 42.8476], [13.69785, 42.84313], [13.69677, 42.83392], [13.69598, 42.83025], [13.69398, 42.82674], [13.69135, 42.8239], [13.68855, 42.82136], [13.68172, 42.81702], [13.66498, 42.81144], [13.6378, 42.80746], [13.63022, 42.80773], [13.6251, 42.80855], [13.61609, 42.81103], [13.61115, 42.81163], [13.60477, 42.81072], [13.57729, 42.80312], [13.57063, 42.80215], [13.5652, 42.80225], [13.56085, 42.80343], [13.55714, 42.80513], [13.55063, 42.80949], [13.54674, 42.81144], [13.54241, 42.81263], [13.53637, 42.81115], [13.53042, 42.80746], [13.52189, 42.79811], [13.51104, 42.78101], [13.50855, 42.77822], [13.50018, 42.77042], [13.4977, 42.76744], [13.4957, 42.76416], [13.49429, 42.76023], [13.49291, 42.75171], [13.49166, 42.74768], [13.49012, 42.74411], [13.48531, 42.74085], [13.47797, 42.73816], [13.46169, 42.73527], [13.45193, 42.73254], [13.44371, 42.72876], [13.43611, 42.72107], [13.43301, 42.71532], [13.43145, 42.71021], [13.42976, 42.70173], [13.41994, 42.6977], [13.41157, 42.69512], [13.33756, 42.68766], [13.31168, 42.71925], [13.30419, 42.72589], [13.28248, 42.73951], [13.27441, 42.74307], [13.26791, 42.74462], [13.26481, 42.74422], [13.26187, 42.74323], [13.25158, 42.73757], [13.24723, 42.73633], [13.24227, 42.73558], [13.19448, 42.7346], [13.19448, 42.74909], [13.19448, 42.74909], [13.19691, 42.75253], [13.19933, 42.75597], [13.2014, 42.75791], [13.20346, 42.75985], [13.20894, 42.76054], [13.21623, 42.75874], [13.21917, 42.75827], [13.22614, 42.75853], [13.23534, 42.7608], [13.2384, 42.76155], [13.24003, 42.76236], [13.2449, 42.7648], [13.24895, 42.76778], [13.24964, 42.7693], [13.25033, 42.77082], [13.2532, 42.78157], [13.25607, 42.79232], [13.25622, 42.79505], [13.25637, 42.79777], [13.25637, 42.79777], [13.25633, 42.80012], [13.25565, 42.8062], [13.25018, 42.81982], [13.24708, 42.82648], [13.23948, 42.83854], [13.23824, 42.83993], [13.23405, 42.8438], [13.23196, 42.84501], [13.23126, 42.84542], [13.22976, 42.84591], [13.22429, 42.84767], [13.16673, 42.82451], [13.15655, 42.82395], [13.15044, 42.82361], [13.14936, 42.82518], [13.14827, 42.82674], [13.14754, 42.82846], [13.14682, 42.83017], [13.1459, 42.83396], [13.14372, 42.84095], [13.13955, 42.84678], [13.13722, 42.84945], [13.10511, 42.87638], [13.10032, 42.88152], [13.0965, 42.88433], [13.09081, 42.8885], [13.0785, 42.89545], [13.06956, 42.90051], [13.06444, 42.90511], [13.05625, 42.91247], [13.04593, 42.9186], [13.04306, 42.91935], [13.04137, 42.91911], [13.03252, 42.91717], [13.02379, 42.91609], [12.99177, 42.91643], [12.98859, 42.91568], [12.98778, 42.91466], [12.98642, 42.91297], [12.98611, 42.90963], [12.98719, 42.90632], [12.992, 42.89655], [12.99046, 42.89284], [12.98642, 42.88961], [12.97682, 42.88728], [12.97447, 42.88799], [12.97211, 42.8887], [12.97072, 42.89025], [12.96932, 42.89181], [12.96886, 42.89548], [12.96916, 42.91201], [12.96917, 42.91247], [12.96917, 42.91247], [12.96807, 42.92027], [12.96503, 42.9263], [12.96467, 42.92681], [12.96431, 42.92713], [12.93599, 42.9428], [12.92979, 42.94735], [12.91314, 42.96343], [12.90918, 42.96873], [12.9071, 42.97153], [12.90593, 42.97513], [12.90477, 42.97872], [12.90415, 42.99118], [12.89826, 43.00068], [12.89655, 43.00399], [12.89607, 43.00599], [12.89578, 43.0072], [12.89594, 43.01112], [12.89732, 43.01761], [12.89765, 43.01918], [12.89796, 43.02306], [12.89222, 43.0407], [12.89097, 43.05267], [12.89153, 43.06037], [12.89455, 43.07861], [12.89503, 43.08413], [12.89532, 43.08745], [12.89532, 43.08745], [12.89284, 43.09391], [12.89035, 43.0978], [12.86772, 43.12176], [12.84743, 43.12675], [12.84487, 43.12703], [12.8441, 43.12743], [12.84023, 43.12941], [12.83783, 43.13206], [12.83744, 43.13248], [12.83744, 43.13248], [12.83388, 43.14295], [12.83388, 43.14641], [12.83465, 43.14791], [12.83542, 43.14941], [12.83666, 43.15061], [12.8441, 43.15639], [12.84984, 43.16171], [12.85217, 43.16486], [12.85217, 43.16486], [12.85236, 43.16519], [12.85419, 43.16822], [12.85573, 43.17184], [12.85641, 43.17418], [12.85682, 43.17558], [12.85744, 43.17982], [12.8574, 43.18088], [12.85729, 43.18403], [12.85635, 43.18977], [12.85603, 43.19168], [12.85511, 43.19475], [12.85172, 43.20609], [12.85094, 43.20873], [12.80174, 43.26924], [12.79871, 43.27386], [12.79567, 43.27847], [12.79506, 43.28227], [12.79444, 43.28606], [12.79444, 43.28606], [12.79515, 43.29264], [12.79585, 43.29922], [12.79585, 43.29922], [12.79461, 43.30674], [12.78886, 43.32407], [12.77147, 43.3446], [12.75408, 43.36513], [12.74781, 43.37579], [12.7465, 43.37883], [12.7465, 43.37883], [12.74651, 43.37904], [12.74665, 43.38309], [12.75362, 43.41113], [12.75408, 43.41544], [12.75408, 43.41544], [12.75393, 43.4175], [12.75377, 43.41957], [12.75377, 43.41957], [12.75389, 43.4226], [12.75408, 43.42766], [12.75562, 43.43403], [12.75724, 43.44076], [12.75787, 43.44268], [12.75847, 43.44453], [12.75847, 43.44453], [12.75817, 43.46123], [12.74511, 43.46107], [12.73206, 43.46091], [12.72237, 43.45742], [12.71268, 43.45393], [12.70689, 43.4503], [12.7051, 43.44882], [12.6962, 43.43895], [12.69305, 43.43608], [12.69108, 43.4343], [12.68599, 43.43342], [12.68164, 43.43409], [12.6504, 43.44317], [12.64474, 43.44386], [12.63864, 43.4436], [12.63767, 43.44345], [12.63477, 43.44298], [12.6333, 43.44213], [12.63182, 43.44128], [12.62741, 43.43779], [12.62299, 43.4343], [12.61398, 43.42918], [12.61143, 43.42903], [12.60469, 43.43034], [12.5682, 43.46217], [12.51049, 43.51249], [12.45722, 43.53189], [12.44253, 43.53657], [12.43167, 43.53843], [12.42975, 43.53814], [12.42656, 43.53765], [12.42074, 43.53523], [12.41895, 43.53424], [12.41614, 43.53161], [12.41333, 43.52897], [12.40997, 43.52696], [12.40326, 43.52406]], [[12.40894, 43.60106], [12.41206, 43.5968], [12.41393, 43.59425], [12.41756, 43.59198], [12.42119, 43.58971], [12.43073, 43.58971], [12.43527, 43.59198], [12.43981, 43.59425], [12.44168, 43.5968], [12.4448, 43.60106], [12.44485, 43.60214], [12.44525, 43.61104], [12.44348, 43.61777], [12.44298, 43.61967], [12.44077, 43.62239], [12.42982, 43.63147], [12.41325, 43.62443], [12.4103, 43.62103], [12.40758, 43.61014], [12.40809, 43.60673], [12.40894, 43.60106]]]}}, {"type": "Feature", "properties": {"name": "Liguria", "label": {"no": "Liguria", "en": "Liguria"}, "short": "Liguria", "neighbours": ["Emilia-Romagna", "Piemonte", "Toscana"]}, "geometry": {"type": "Polygon", "coordinates": [[[9.67364, 44.3697], [9.68977, 44.35766], [9.71629, 44.32988], [9.75185, 44.30556], [9.83782, 44.26262], [9.8465, 44.25725], [9.85208, 44.25259], [9.85349, 44.24927], [9.85426, 44.24546], [9.85411, 44.24128], [9.85349, 44.23699], [9.85334, 44.23277], [9.85364, 44.22867], [9.85938, 44.20989], [9.86, 44.20609], [9.85984, 44.202], [9.8583, 44.19348], [9.85892, 44.18831], [9.86171, 44.18593], [9.86573, 44.18562], [9.86898, 44.18759], [9.87177, 44.19015], [9.88045, 44.20257], [9.8848, 44.20439], [9.89069, 44.20443], [9.90223, 44.19988], [9.90656, 44.19573], [9.90827, 44.19131], [9.90686, 44.18769], [9.89974, 44.17788], [9.89803, 44.17413], [9.89695, 44.16888], [9.89864, 44.1664], [9.90082, 44.16496], [9.91044, 44.16366], [9.9202, 44.16345], [9.9385, 44.1654], [9.94562, 44.16536], [9.95406, 44.16433], [9.96817, 44.15997], [9.97529, 44.15668], [9.97979, 44.15324], [9.98148, 44.15007], [9.98164, 44.14611], [9.98102, 44.14216], [9.98087, 44.13709], [9.98164, 44.13115], [9.98568, 44.12182], [9.98985, 44.11762], [9.99451, 44.11524], [10.00132, 44.11565], [10.00945, 44.11746], [10.01703, 44.11685], [10.02681, 44.11425], [10.04542, 44.10496], [10.05316, 44.09953], [10.05689, 44.09445], [10.05643, 44.09069], [10.05456, 44.08744], [10.05223, 44.08444], [10.0434, 44.07591], [10.03626, 44.06641], [10.03316, 44.06104], [10.03052, 44.05555], [10.02883, 44.05072], [10.02853, 44.04946], [10.02846, 44.04926], [9.98854, 44.05976], [9.96274, 44.04466], [9.84474, 44.10863], [9.82643, 44.10725], [9.83326, 44.09984], [9.81959, 44.093], [9.8475, 44.0725], [9.83326, 44.05207], [9.84636, 44.04629], [9.83229, 44.0423], [9.81983, 44.06338], [9.77182, 44.07941], [9.68263, 44.13654], [9.6211, 44.14826], [9.57301, 44.1916], [9.49903, 44.22183], [9.48439, 44.24384], [9.43678, 44.23949], [9.42237, 44.25678], [9.37452, 44.2718], [9.36769, 44.29442], [9.23064, 44.35371], [9.2107, 44.30532], [9.14666, 44.32856], [9.13006, 44.36335], [9.10206, 44.37397], [8.76238, 44.43211], [8.56479, 44.35716], [8.46608, 44.30427], [8.44451, 44.28388], [8.44972, 44.26435], [8.43539, 44.24042], [8.41188, 44.22704], [8.40821, 44.19351], [8.25652, 44.12836], [8.23316, 44.10358], [8.21632, 44.04523], [8.15268, 43.98322], [8.16798, 43.95649], [8.0892, 43.91987], [8.06772, 43.89667], [7.95973, 43.85285], [7.78582, 43.82197], [7.73658, 43.79824], [7.54412, 43.78449], [7.50229, 43.79222], [7.47787, 43.86551], [7.55693, 43.94409], [7.63093, 43.99354], [7.65336, 44.03969], [7.68995, 44.06734], [7.68794, 44.0908], [7.70933, 44.09152], [7.73801, 44.09938], [7.73816, 44.10129], [7.7377, 44.10341], [7.73399, 44.10527], [7.73135, 44.10785], [7.72964, 44.11127], [7.72902, 44.11483], [7.72964, 44.11834], [7.73087, 44.1217], [7.73258, 44.12459], [7.74003, 44.13367], [7.74297, 44.13614], [7.74963, 44.14057], [7.75337, 44.14237], [7.75754, 44.14382], [7.76473, 44.14392], [7.77402, 44.14252], [7.7903, 44.13736], [7.8041, 44.13126], [7.80735, 44.12899], [7.83438, 44.12542], [7.89955, 44.12335], [7.91847, 44.1192], [7.98755, 44.11291], [7.99469, 44.11406], [8.00027, 44.11612], [8.00212, 44.11844], [8.00322, 44.12165], [8.00243, 44.12713], [8.00043, 44.13002], [7.9981, 44.13172], [7.99019, 44.13426], [7.98617, 44.13596], [7.98331, 44.1386], [7.98177, 44.14185], [7.983, 44.14692], [7.98647, 44.1524], [7.99577, 44.16035], [8.00058, 44.16322], [8.00662, 44.16454], [8.01671, 44.16324], [8.03051, 44.15942], [8.04026, 44.15787], [8.04527, 44.15802], [8.04853, 44.1588], [8.05116, 44.15989], [8.05753, 44.16371], [8.06791, 44.17436], [8.07753, 44.18583], [8.07968, 44.19032], [8.08124, 44.19565], [8.08124, 44.2051], [8.07907, 44.21001], [8.07582, 44.21347], [8.0721, 44.21552], [8.07008, 44.21955], [8.06947, 44.22572], [8.07226, 44.23699], [8.07226, 44.24365], [8.07149, 44.24892], [8.07023, 44.25259], [8.06993, 44.25647], [8.07116, 44.26324], [8.07814, 44.28753], [8.07768, 44.29466], [8.07535, 44.29955], [8.07179, 44.30164], [8.06916, 44.3042], [8.06916, 44.30779], [8.07164, 44.31146], [8.07891, 44.31528], [8.08992, 44.31895], [8.09676, 44.32298], [8.10284, 44.32825], [8.10983, 44.33549], [8.11649, 44.34061], [8.13541, 44.35021], [8.13896, 44.35316], [8.14145, 44.35735], [8.14408, 44.36788], [8.1478, 44.37744], [8.15903, 44.39342], [8.16412, 44.3994], [8.16909, 44.40359], [8.17313, 44.40483], [8.18816, 44.40809], [8.19172, 44.40967], [8.19515, 44.41181], [8.19855, 44.41444], [8.20583, 44.42243], [8.20945, 44.42855], [8.21147, 44.43489], [8.21101, 44.44571], [8.20877, 44.45106], [8.20583, 44.45506], [8.19963, 44.45976], [8.19699, 44.4624], [8.19515, 44.46566], [8.19436, 44.46953], [8.19561, 44.47455], [8.19886, 44.48116], [8.20693, 44.49093], [8.21147, 44.50198], [8.21829, 44.51444], [8.22092, 44.51806], [8.23613, 44.53232], [8.24975, 44.53459], [8.2603, 44.5271], [8.26547, 44.52174], [8.26718, 44.51997], [8.27462, 44.51584], [8.29058, 44.50945], [8.30035, 44.50297], [8.30796, 44.49886], [8.3129, 44.49697], [8.33156, 44.49245], [8.34008, 44.4895], [8.34335, 44.48731], [8.34614, 44.48493], [8.34878, 44.48222], [8.35326, 44.48065], [8.35961, 44.48096], [8.37141, 44.48641], [8.37669, 44.49061], [8.38029, 44.49483], [8.38154, 44.49791], [8.38308, 44.5009], [8.38464, 44.50258], [8.38697, 44.50468], [8.38991, 44.50684], [8.40433, 44.51465], [8.40881, 44.51594], [8.41408, 44.51615], [8.42276, 44.51299], [8.43006, 44.51175], [8.43801, 44.5119], [8.44825, 44.51527], [8.47631, 44.51811], [8.56416, 44.51624], [8.58215, 44.52478], [8.58958, 44.53105], [8.59718, 44.53945], [8.59936, 44.54256], [8.60105, 44.54586], [8.60136, 44.54927], [8.60013, 44.55258], [8.59841, 44.5555], [8.59687, 44.55867], [8.59718, 44.56204], [8.59857, 44.5655], [8.60219, 44.57216], [8.6036, 44.57568], [8.60716, 44.58258], [8.60949, 44.58534], [8.61305, 44.58751], [8.62111, 44.58855], [8.63212, 44.5887], [8.71091, 44.58255], [8.71904, 44.58079], [8.72462, 44.57862], [8.72741, 44.57599], [8.72957, 44.57307], [8.73346, 44.56658], [8.73809, 44.56046], [8.74646, 44.55284], [8.7522, 44.54348], [8.75701, 44.53746], [8.76477, 44.52966], [8.76664, 44.52648], [8.76725, 44.52276], [8.76446, 44.51165], [8.76446, 44.50785], [8.76584, 44.50457], [8.76817, 44.50209], [8.77088, 44.50085], [8.77334, 44.50126], [8.77613, 44.50313], [8.78544, 44.51259], [8.79072, 44.51924], [8.79351, 44.5217], [8.80838, 44.52953], [8.81164, 44.5318], [8.81443, 44.53444], [8.8166, 44.53744], [8.81832, 44.5409], [8.82357, 44.55584], [8.82574, 44.55883], [8.83323, 44.561], [8.8447, 44.56198], [8.86982, 44.56162], [8.89019, 44.55938], [8.89608, 44.56038], [8.90399, 44.56519], [8.90755, 44.56953], [8.90926, 44.57402], [8.90957, 44.57819], [8.90941, 44.58235], [8.90847, 44.59063], [8.90832, 44.60405], [8.90785, 44.60823], [8.90662, 44.61185], [8.9046, 44.61508], [8.90212, 44.61775], [8.89173, 44.624], [8.8796, 44.62926], [8.8765, 44.63144], [8.87509, 44.63428], [8.87586, 44.63728], [8.87804, 44.63999], [8.89515, 44.65076], [8.90616, 44.6594], [8.90755, 44.6611], [8.90911, 44.66381], [8.91359, 44.6767], [8.91499, 44.67893], [8.91748, 44.68109], [8.92306, 44.68281], [8.94466, 44.68476], [8.95303, 44.68432], [8.95923, 44.6826], [8.96821, 44.67221], [8.97395, 44.66905], [8.98201, 44.66549], [8.99897, 44.65986], [9.01277, 44.65334], [9.02703, 44.64048], [9.04099, 44.63216], [9.08908, 44.61926], [9.09948, 44.61462], [9.10552, 44.60981], [9.10635, 44.6012], [9.10712, 44.59733], [9.10884, 44.59423], [9.11178, 44.59175], [9.1158, 44.58937], [9.12092, 44.58736], [9.13457, 44.58348], [9.14852, 44.58111], [9.15441, 44.58126], [9.16981, 44.58374], [9.17926, 44.58692], [9.19183, 44.59268], [9.19926, 44.59929], [9.20314, 44.61376], [9.21492, 44.6179], [9.22505, 44.62027], [9.23109, 44.61997], [9.2376, 44.61805], [9.24535, 44.61276], [9.25357, 44.60596], [9.25823, 44.60449], [9.26381, 44.60415], [9.27218, 44.60617], [9.28231, 44.61009], [9.29038, 44.60934], [9.30185, 44.60601], [9.34236, 44.58738], [9.34562, 44.58518], [9.35181, 44.58312], [9.36049, 44.58193], [9.37816, 44.58178], [9.38675, 44.58333], [9.39248, 44.58552], [9.40024, 44.59376], [9.40334, 44.59594], [9.40797, 44.59619], [9.41419, 44.59407], [9.42551, 44.58178], [9.43201, 44.57708], [9.441, 44.57337], [9.48029, 44.56297], [9.49066, 44.55491], [9.49133, 44.55105], [9.49516, 44.52927], [9.49362, 44.51165], [9.49114, 44.50571], [9.48679, 44.49868], [9.47624, 44.48627], [9.46912, 44.48142], [9.46293, 44.47832], [9.45842, 44.47706], [9.45502, 44.47491], [9.45269, 44.47196], [9.45097, 44.46871], [9.44164, 44.43853], [9.43836, 44.43073], [9.43698, 44.42587], [9.43605, 44.41993], [9.4379, 44.41435], [9.44038, 44.41156], [9.45346, 44.41127], [9.4764, 44.41248], [9.48725, 44.41553], [9.49129, 44.41708], [9.49562, 44.41933], [9.50017, 44.42225], [9.50575, 44.42783], [9.51243, 44.42899], [9.53599, 44.42803], [9.5562, 44.42918], [9.57046, 44.42711], [9.59092, 44.42834], [9.59852, 44.42716], [9.65143, 44.40618], [9.65578, 44.40215], [9.66011, 44.39621], [9.66584, 44.38323], [9.67364, 44.3697]]]}}, {"type": "Feature", "properties": {"name": "Chianti", "label": "Chianti", "kind": "wine-zone", "source": "Approximate outline, drawn for this course. It is the shape of the zone, not the legal DOCG boundary — no official geometry with a usable licence was found, and a teaching map that says 'about here' is honest where a traced-looking border would not be."}, "geometry": {"type": "Polygon", "coordinates": [[[11.0, 43.85], [11.35, 43.9], [11.7, 43.8], [11.95, 43.6], [12.0, 43.4], [11.85, 43.15], [11.55, 43.05], [11.25, 43.05], [11.0, 43.2], [10.9, 43.45], [10.92, 43.7], [11.0, 43.85]]]}}, {"type": "Feature", "properties": {"name": "Chianti Classico", "label": "Chianti Classico", "kind": "wine-zone", "source": "Approximate outline, drawn for this course. It is the shape of the zone, not the legal DOCG boundary — no official geometry with a usable licence was found, and a teaching map that says 'about here' is honest where a traced-looking border would not be."}, "geometry": {"type": "Polygon", "coordinates": [[[11.2, 43.6], [11.28, 43.62], [11.38, 43.58], [11.45, 43.52], [11.5, 43.45], [11.52, 43.38], [11.48, 43.31], [11.42, 43.27], [11.34, 43.26], [11.26, 43.3], [11.2, 43.36], [11.16, 43.44], [11.16, 43.52], [11.2, 43.6]]]}}, {"type": "Feature", "properties": {"name": "Montalcino", "label": "Montalcino", "kind": "wine-zone", "source": "Approximate outline, drawn for this course. It is the shape of the zone, not the legal DOCG boundary — no official geometry with a usable licence was found, and a teaching map that says 'about here' is honest where a traced-looking border would not be."}, "geometry": {"type": "Polygon", "coordinates": [[[11.36, 43.1], [11.42, 43.14], [11.5, 43.15], [11.58, 43.12], [11.61, 43.06], [11.58, 42.99], [11.5, 42.95], [11.42, 42.96], [11.36, 43.01], [11.34, 43.06], [11.36, 43.1]]]}}, {"type": "Feature", "properties": {"name": "Montepulciano", "label": "Montepulciano", "kind": "wine-zone", "source": "Approximate outline, drawn for this course. It is the shape of the zone, not the legal DOCG boundary — no official geometry with a usable licence was found, and a teaching map that says 'about here' is honest where a traced-looking border would not be."}, "geometry": {"type": "Polygon", "coordinates": [[[11.7, 43.14], [11.76, 43.17], [11.84, 43.16], [11.89, 43.11], [11.87, 43.05], [11.8, 43.02], [11.73, 43.04], [11.69, 43.09], [11.7, 43.14]]]}}, {"type": "Feature", "properties": {"name": "Maremma", "label": "Maremma", "kind": "wine-zone", "source": "Approximate outline, drawn for this course. It is the shape of the zone, not the legal DOCG boundary — no official geometry with a usable licence was found, and a teaching map that says 'about here' is honest where a traced-looking border would not be."}, "geometry": {"type": "Polygon", "coordinates": [[[11.08, 42.86], [11.2, 42.88], [11.34, 42.85], [11.46, 42.79], [11.52, 42.7], [11.48, 42.6], [11.38, 42.54], [11.24, 42.53], [11.12, 42.58], [11.05, 42.68], [11.05, 42.78], [11.08, 42.86]]]}}]}
