{"type":"FeatureCollection","note":"Everything this pack's narration can name as an area: the thirteen colonies plus the European powers. Built by tools/build-colonies.py.","features":[{"type":"Feature","properties":{"name":"New Hampshire","label":{"no":"New Hampshire","en":"New Hampshire"},"short":{"no":"N.H.","en":"N.H."},"side":"patriot","neighbours":["Massachusetts","New York"],"modern":["New Hampshire"],"labelAt":[43.55,-71.55]},"geometry":{"type":"Polygon","coordinates":[[[-71.32956,42.70144],[-71.36503,42.70231],[-71.40051,42.70318],[-71.43598,42.70406],[-71.68434,42.71014],[-71.74351,42.71156],[-71.75534,42.71184],[-71.76717,42.71213],[-71.82634,42.71358],[-71.95047,42.71665],[-71.96821,42.71709],[-71.98573,42.71753],[-72.03918,42.71885],[-72.11013,42.72054],[-72.21655,42.72314],[-72.46672,42.72923],[-72.49139,42.72995],[-72.46682,42.72928],[-72.46677,42.72945],[-72.47331,42.75852],[-72.49279,42.7792],[-72.53566,42.81202],[-72.54411,42.82303],[-72.55002,42.83289],[-72.55388,42.84427],[-72.55617,42.85982],[-72.55546,42.87796],[-72.55053,42.88968],[-72.54328,42.90013],[-72.53566,42.91443],[-72.52873,42.95787],[-72.52189,42.97552],[-72.50466,42.98269],[-72.48054,42.98916],[-72.47097,43.00574],[-72.46677,43.05159],[-72.44933,43.10791],[-72.44692,43.13072],[-72.4529,43.15664],[-72.45312,43.1689],[-72.44692,43.20987],[-72.44001,43.21538],[-72.43535,43.22041],[-72.43325,43.2263],[-72.4343,43.23218],[-72.43669,43.23516],[-72.43903,43.23711],[-72.44011,43.23997],[-72.43845,43.25286],[-72.43369,43.26314],[-72.42609,43.27217],[-72.41589,43.28123],[-72.40368,43.30025],[-72.40126,43.32293],[-72.40532,43.36072],[-72.39787,43.5314],[-72.39177,43.55769],[-72.38166,43.57203],[-72.34699,43.59656],[-72.33288,43.61351],[-72.32482,43.63326],[-72.31594,43.67476],[-72.31252,43.70967],[-72.30632,43.72007],[-72.27927,43.73614],[-72.2663,43.74925],[-72.21354,43.78462],[-72.203,43.80054],[-72.19455,43.82017],[-72.18889,43.84183],[-72.18683,43.86377],[-72.18076,43.88477],[-72.16599,43.90559],[-72.10058,43.97332],[-72.09846,43.98062],[-72.10495,43.98641],[-72.11359,43.99261],[-72.11794,44.00093],[-72.11188,44.01675],[-72.06953,44.07261],[-72.0548,44.10455],[-72.04924,44.14288],[-72.04968,44.23089],[-72.04225,44.28169],[-72.02009,44.3177],[-71.98337,44.33921],[-71.93239,44.34634],[-71.88344,44.34478],[-71.85944,44.34768],[-71.8405,44.35721],[-71.80727,44.38794],[-71.7915,44.39849],[-71.7041,44.43833],[-71.67802,44.44612],[-71.66909,44.45496],[-71.65182,44.47669],[-71.61767,44.49717],[-71.59828,44.51514],[-71.59738,44.53255],[-71.60056,44.55049],[-71.59348,44.56978],[-71.58347,44.57476],[-71.57111,44.57469],[-71.55893,44.5764],[-71.54938,44.58655],[-71.54997,44.59637],[-71.55659,44.60669],[-71.56926,44.62068],[-71.60012,44.6782],[-71.60402,44.6927],[-71.611,44.7107],[-71.6249,44.72434],[-71.635,44.74031],[-71.63071,44.76534],[-71.60622,44.80144],[-71.55925,44.84942],[-71.51462,44.89505],[-71.50571,44.91958],[-71.51413,44.93531],[-71.52785,44.95059],[-71.53513,44.97383],[-71.53176,45.00005],[-71.52158,45.00962],[-71.50585,45.01373],[-71.50475,45.05296],[-71.45659,45.11099],[-71.40657,45.20494],[-71.44904,45.2269],[-71.39489,45.24153],[-71.33432,45.28871],[-71.2934,45.29233],[-71.16033,45.24577],[-71.08495,45.30429],[-71.08107,45.25113],[-71.07521,45.17091],[-71.07326,45.14417],[-71.0713,45.1174],[-71.06933,45.09063],[-71.06642,45.05047],[-71.06545,45.03709],[-71.06447,45.02372],[-71.06152,44.9836],[-71.05568,44.90336],[-71.05373,44.87659],[-71.05226,44.85651],[-71.04982,44.82305],[-71.04738,44.7896],[-71.04396,44.74278],[-71.04201,44.71602],[-71.04006,44.68926],[-71.0381,44.6625],[-71.03224,44.58223],[-71.03029,44.55547],[-71.02834,44.52873],[-71.02639,44.50198],[-71.02443,44.47521],[-71.02248,44.44844],[-71.02053,44.42168],[-71.01857,44.39493],[-71.01271,44.31469],[-71.00688,44.2344],[-71.00099,44.15411],[-70.99904,44.12735],[-70.99711,44.10061],[-70.99518,44.07388],[-70.98879,43.98686],[-70.98732,43.96678],[-70.98538,43.94003],[-70.98344,43.91329],[-70.9756,43.80625],[-70.97175,43.75279],[-70.96779,43.6993],[-70.96391,43.64576],[-70.96,43.59224],[-70.95783,43.56221],[-70.96237,43.53111],[-70.96218,43.51604],[-70.96467,43.50179],[-70.96708,43.49379],[-70.9676,43.49065],[-70.96767,43.4863],[-70.96774,43.48194],[-70.96479,43.46736],[-70.96359,43.45066],[-70.96657,43.4396],[-70.97688,43.41297],[-70.97778,43.40911],[-70.97794,43.40246],[-70.97795,43.4022],[-70.97795,43.4022],[-70.97685,43.39451],[-70.97263,43.38311],[-70.96743,43.37481],[-70.96071,43.36663],[-70.94523,43.35343],[-70.92975,43.34024],[-70.91765,43.32696],[-70.89748,43.30484],[-70.86667,43.27105],[-70.84733,43.26167],[-70.828,43.2523],[-70.82194,43.24707],[-70.81706,43.2399],[-70.8158,43.2347],[-70.81359,43.22559],[-70.81325,43.21675],[-70.81358,43.21477],[-70.81457,43.20887],[-70.81961,43.19371],[-70.82463,43.17862],[-70.82526,43.17305],[-70.8259,43.16748],[-70.8259,43.16748],[-70.82512,43.16145],[-70.81577,43.14908],[-70.80641,43.1367],[-70.78918,43.12207],[-70.77194,43.10745],[-70.74409,43.08381],[-70.74409,43.08381],[-70.75451,43.05899],[-70.70954,43.06517],[-70.70849,43.04523],[-70.78181,42.94912],[-70.81428,42.8773],[-70.84997,42.87066],[-70.86116,42.87281],[-70.91047,42.8861],[-71.0225,42.85474],[-71.046,42.83866],[-71.05336,42.83199],[-71.06293,42.82525],[-71.0738,42.81939],[-71.07975,42.81794],[-71.08332,42.81707],[-71.09866,42.8177],[-71.12302,42.81939],[-71.14325,42.81477],[-71.14631,42.81319],[-71.14944,42.81115],[-71.16074,42.80142],[-71.16879,42.79157],[-71.17272,42.78626],[-71.17726,42.77688],[-71.18181,42.76751],[-71.18545,42.76143],[-71.18586,42.76075],[-71.18586,42.76075],[-71.19621,42.75215],[-71.20212,42.75013],[-71.20803,42.7481],[-71.21779,42.74593],[-71.22756,42.74375],[-71.24167,42.73857],[-71.24548,42.73667],[-71.25908,42.72391],[-71.27611,42.71182],[-71.2884,42.70489],[-71.29631,42.70205],[-71.30131,42.70146],[-71.30632,42.70086],[-71.31794,42.70115],[-71.32956,42.70144]]]}},{"type":"Feature","properties":{"name":"Massachusetts","label":{"no":"Massachusetts","en":"Massachusetts"},"short":{"no":"Mass.","en":"Mass."},"side":"patriot","neighbours":["Connecticut","New Hampshire","New York","Rhode Island"],"modern":["Massachusetts","Maine"],"note":{"no":"Styrte også Maine","en":"Also governed Maine"},"labelAt":[42.35,-71.95]},"geometry":{"type":"MultiPolygon","coordinates":[[[[-72.75759,42.03304],[-72.7633,42.01021],[-72.80641,42.00699],[-72.80764,42.03304],[-72.83469,42.0349],[-72.86174,42.03677],[-72.89379,42.03774],[-72.92585,42.0387],[-73.06944,42.04275],[-73.11511,42.04405],[-73.23693,42.04756],[-73.35876,42.05103],[-73.41965,42.05279],[-73.48054,42.05455],[-73.50724,42.07898],[-73.50099,42.09712],[-73.48766,42.13394],[-73.46154,42.20613],[-73.43537,42.27835],[-73.40925,42.35059],[-73.38307,42.42278],[-73.3569,42.49497],[-73.33073,42.56722],[-73.30458,42.63946],[-73.27844,42.71165],[-73.26992,42.73521],[-73.26552,42.7456],[-73.24292,42.74551],[-73.20527,42.74535],[-73.14733,42.74418],[-73.09766,42.74418],[-73.02511,42.74175],[-73.00028,42.74126],[-72.95159,42.74126],[-72.90915,42.74158],[-72.83544,42.73954],[-72.81086,42.73885],[-72.76174,42.7375],[-72.71257,42.73614],[-72.68184,42.73525],[-72.6634,42.73472],[-72.63884,42.73404],[-72.56511,42.73201],[-72.49139,42.72995],[-72.46672,42.72923],[-72.21655,42.72314],[-72.11013,42.72054],[-72.03918,42.71885],[-71.98573,42.71753],[-71.96821,42.71709],[-71.95047,42.71665],[-71.82634,42.71358],[-71.76717,42.71213],[-71.75534,42.71184],[-71.74351,42.71156],[-71.68434,42.71014],[-71.43598,42.70406],[-71.40051,42.70318],[-71.36503,42.70231],[-71.32956,42.70144],[-71.31794,42.70115],[-71.30632,42.70086],[-71.30131,42.70146],[-71.29631,42.70205],[-71.2884,42.70489],[-71.27611,42.71182],[-71.25908,42.72391],[-71.24548,42.73667],[-71.24167,42.73857],[-71.22756,42.74375],[-71.21779,42.74593],[-71.20803,42.7481],[-71.20212,42.75013],[-71.19621,42.75215],[-71.18586,42.76075],[-71.18545,42.76143],[-71.18181,42.76751],[-71.17726,42.77688],[-71.17272,42.78626],[-71.16879,42.79157],[-71.16074,42.80142],[-71.14944,42.81115],[-71.14631,42.81319],[-71.14325,42.81477],[-71.12302,42.81939],[-71.09866,42.8177],[-71.08332,42.81707],[-71.07975,42.81794],[-71.0738,42.81939],[-71.06293,42.82525],[-71.05336,42.83199],[-71.046,42.83866],[-71.0225,42.85474],[-70.91047,42.8861],[-70.86116,42.87281],[-70.84997,42.87066],[-70.81428,42.8773],[-70.80915,42.82624],[-70.86376,42.82624],[-70.80578,42.80126],[-70.7751,42.71634],[-70.78262,42.70893],[-70.8236,42.74986],[-70.81961,42.71874],[-70.74161,42.68163],[-70.7751,42.67479],[-70.75711,42.65721],[-70.70132,42.65331],[-70.68228,42.63219],[-70.67955,42.66795],[-70.63174,42.69461],[-70.62991,42.67206],[-70.59805,42.66498],[-70.59704,42.63447],[-70.64733,42.60452],[-70.67475,42.61229],[-70.70889,42.58181],[-70.878,42.53754],[-70.87059,42.53071],[-70.89167,42.50275],[-70.85412,42.52367],[-70.83821,42.49917],[-70.92211,42.46556],[-70.91755,42.44278],[-70.89167,42.42829],[-70.91637,42.42243],[-70.94367,42.44697],[-70.96304,42.4383],[-70.97435,42.41645],[-70.9525,42.35944],[-70.99718,42.38056],[-71.00585,42.37079],[-70.98721,42.35944],[-71.03685,42.37246],[-71.0487,42.35944],[-71.01456,42.33893],[-71.04231,42.33177],[-71.03844,42.30793],[-71.01781,42.3002],[-70.99348,42.31098],[-70.99889,42.28376],[-70.96288,42.28022],[-70.9525,42.26724],[-70.96618,42.24958],[-70.94953,42.24282],[-70.89851,42.26386],[-70.8872,42.25056],[-70.86734,42.26484],[-70.89192,42.29072],[-70.89851,42.31843],[-70.83141,42.26968],[-70.74181,42.23566],[-70.7163,42.21186],[-70.71312,42.17243],[-70.63097,42.09252],[-70.62776,42.05915],[-70.59081,42.01732],[-70.60676,42.00458],[-70.63781,42.01065],[-70.6173,42.01679],[-70.64835,42.06525],[-70.66511,42.01065],[-70.68285,42.01606],[-70.71483,42.00267],[-70.65494,41.9571],[-70.56583,41.95539],[-70.54499,41.94062],[-70.52392,41.86839],[-70.53311,41.81623],[-70.50426,41.79003],[-70.40087,41.74502],[-70.27473,41.73627],[-70.32649,41.73139],[-70.33519,41.71922],[-70.27473,41.71516],[-70.07024,41.77346],[-70.02147,41.79092],[-70.00011,41.81631],[-70.00182,41.8819],[-70.02147,41.90693],[-69.98668,41.92121],[-70.03791,41.94164],[-70.05183,41.93525],[-70.06867,41.8933],[-70.07979,41.99501],[-70.09985,42.03739],[-70.16562,42.06384],[-70.18979,42.04938],[-70.19213,42.03791],[-70.17162,42.03791],[-70.17081,42.02788],[-70.18927,42.01786],[-70.24682,42.06147],[-70.22938,42.08062],[-70.19222,42.08606],[-70.0812,42.05835],[-70.01401,41.99894],[-69.92467,41.83808],[-69.97204,41.83918],[-69.97985,41.79706],[-69.95665,41.80781],[-69.93423,41.79295],[-69.93887,41.67422],[-69.97814,41.68183],[-70.18529,41.66055],[-70.2399,41.64326],[-70.27278,41.61058],[-70.26106,41.64623],[-70.36587,41.6328],[-70.39159,41.61921],[-70.41808,41.64004],[-70.47985,41.57388],[-70.59606,41.55305],[-70.65868,41.52135],[-70.68562,41.53083],[-70.66173,41.55048],[-70.6525,41.57803],[-70.65827,41.68448],[-70.62361,41.72944],[-70.64,41.74095],[-70.65827,41.72199],[-70.71044,41.74803],[-70.71972,41.74616],[-70.7233,41.71377],[-70.71288,41.68781],[-70.73933,41.69013],[-70.77432,41.64623],[-70.79784,41.65888],[-70.805,41.64256],[-70.85009,41.62954],[-70.8452,41.59247],[-70.90538,41.64004],[-70.90734,41.61494],[-70.93163,41.58027],[-70.92516,41.55073],[-70.94762,41.53644],[-70.97094,41.53767],[-71.04015,41.50715],[-71.06981,41.51716],[-71.04385,41.53685],[-71.06237,41.56436],[-71.06212,41.54385],[-71.07372,41.53872],[-71.11075,41.54385],[-71.09716,41.52338],[-71.12197,41.51296],[-71.12197,41.51297],[-71.12292,41.52149],[-71.12565,41.54612],[-71.12839,41.57076],[-71.13112,41.59541],[-71.13386,41.59815],[-71.13659,41.60088],[-71.13932,41.60362],[-71.14206,41.60638],[-71.13932,41.62007],[-71.13659,41.63374],[-71.13386,41.64744],[-71.13112,41.66114],[-71.14758,41.66524],[-71.16398,41.66934],[-71.18044,41.67344],[-71.19396,41.67686],[-71.19396,41.67686],[-71.11075,41.79706],[-71.13809,41.77993],[-71.17626,41.72663],[-71.22106,41.73139],[-71.23686,41.70956],[-71.26784,41.74981],[-71.28625,41.76106],[-71.29601,41.76355],[-71.30744,41.76836],[-71.3238,41.77779],[-71.33522,41.78929],[-71.34069,41.7969],[-71.3425,41.80323],[-71.34279,41.80855],[-71.33801,41.84241],[-71.33952,41.85249],[-71.33967,41.85726],[-71.33718,41.86585],[-71.33608,41.87188],[-71.33557,41.87911],[-71.33757,41.89041],[-71.34113,41.89417],[-71.34914,41.89537],[-71.36804,41.89446],[-71.37595,41.8961],[-71.37902,41.90137],[-71.38054,41.90794],[-71.3841,41.9709],[-71.38591,42.00232],[-71.38708,42.01582],[-71.43893,42.01641],[-71.52941,42.01507],[-71.61989,42.01368],[-71.71035,42.01226],[-71.8008,42.01092],[-71.80158,42.02168],[-72.00814,42.02368],[-72.06354,42.02452],[-72.2851,42.02778],[-72.35895,42.02886],[-72.50676,42.03103],[-72.55739,42.03174],[-72.56652,42.02825],[-72.57565,42.02476],[-72.5842,42.02442],[-72.59062,42.02525],[-72.62033,42.0315],[-72.75759,42.03304]]],[[[-71.03029,44.55547],[-71.03224,44.58223],[-71.0381,44.6625],[-71.04006,44.68926],[-71.04201,44.71602],[-71.04396,44.74278],[-71.04592,44.76954],[-71.04738,44.7896],[-71.04982,44.82305],[-71.05226,44.85651],[-71.05373,44.87659],[-71.05568,44.90336],[-71.06152,44.9836],[-71.06447,45.02372],[-71.06545,45.03709],[-71.06642,45.05047],[-71.06933,45.09063],[-71.0713,45.1174],[-71.07326,45.14417],[-71.07521,45.17091],[-71.08495,45.30429],[-71.05442,45.31036],[-71.01654,45.34312],[-70.96812,45.34452],[-70.95161,45.33201],[-70.89241,45.2346],[-70.87435,45.24566],[-70.87024,45.28313],[-70.83526,45.30979],[-70.83384,45.3931],[-70.81299,45.42343],[-70.77188,45.43004],[-70.69674,45.38865],[-70.65359,45.39547],[-70.64132,45.4085],[-70.65026,45.42746],[-70.72284,45.47092],[-70.73033,45.50797],[-70.68679,45.57272],[-70.58961,45.65179],[-70.41931,45.7169],[-70.40244,45.74966],[-70.41523,45.80439],[-70.28317,45.89048],[-70.26253,45.92304],[-70.25594,45.94888],[-70.3163,45.98298],[-70.30614,46.03533],[-70.29201,46.04866],[-70.31263,46.07957],[-70.26444,46.10659],[-70.244,46.14101],[-70.26333,46.18323],[-70.2848,46.19186],[-70.2809,46.21186],[-70.23617,46.28834],[-70.20189,46.3055],[-70.1884,46.35841],[-70.07432,46.41954],[-70.00776,46.70408],[-69.26763,47.43984],[-69.22197,47.45969],[-69.06966,47.43189],[-69.05402,47.4184],[-69.06619,47.32967],[-69.05749,47.26947],[-69.0402,47.24906],[-68.90623,47.19022],[-68.71779,47.24523],[-68.6442,47.24528],[-68.58524,47.28249],[-68.51801,47.30476],[-68.46675,47.30569],[-68.43533,47.29127],[-68.38561,47.30171],[-68.38205,47.32781],[-68.34784,47.35851],[-68.29973,47.36783],[-68.24645,47.36057],[-67.99318,47.22322],[-67.94342,47.16454],[-67.8087,47.07514],[-67.78457,45.96014],[-67.75785,45.91947],[-67.79924,45.87565],[-67.77284,45.82806],[-67.81113,45.76651],[-67.80705,45.71287],[-67.76178,45.68011],[-67.72798,45.69225],[-67.69077,45.6538],[-67.60752,45.62006],[-67.44996,45.61081],[-67.43131,45.59794],[-67.42619,45.53345],[-67.49321,45.49314],[-67.48231,45.45552],[-67.42883,45.38705],[-67.43456,45.35031],[-67.46867,45.30184],[-67.4713,45.26628],[-67.35627,45.16593],[-67.31922,45.15389],[-67.28465,45.1697],[-67.27721,45.19507],[-67.25499,45.20505],[-67.17601,45.17866],[-67.21032,45.17109],[-67.20389,45.1575],[-67.17239,45.15514],[-67.15209,45.11656],[-67.11347,45.08694],[-67.10029,45.06936],[-67.1112,45.05366],[-67.10452,45.03795],[-67.04007,44.97317],[-67.06273,44.93142],[-67.08349,44.9254],[-67.1173,44.94835],[-67.1282,44.9254],[-67.11307,44.91555],[-67.12169,44.89456],[-67.13842,44.89065],[-67.19648,44.91857],[-67.2034,44.90489],[-67.16295,44.86673],[-67.14867,44.81554],[-67.14184,44.86331],[-67.10029,44.84964],[-67.1077,44.85712],[-67.09411,44.86331],[-67.1077,44.88316],[-67.08849,44.88813],[-67.06615,44.82229],[-67.04365,44.83397],[-67.05932,44.89745],[-67.01216,44.85712],[-66.9914,44.85566],[-66.97732,44.81554],[-67.03258,44.76712],[-67.0736,44.76712],[-67.11323,44.71625],[-67.20389,44.65725],[-67.19648,44.64423],[-67.26199,44.6577],[-67.26903,44.64635],[-67.25853,44.62991],[-67.28055,44.63137],[-67.32685,44.65725],[-67.31098,44.6824],[-67.31408,44.70071],[-67.33202,44.7095],[-67.36095,44.69884],[-67.34736,44.69265],[-67.36079,44.68557],[-67.39574,44.69884],[-67.37133,44.6577],[-67.38207,44.6374],[-67.36722,44.62747],[-67.40941,44.59581],[-67.43468,44.65921],[-67.45714,44.66474],[-67.45047,44.61937],[-67.43672,44.60948],[-67.45434,44.6046],[-67.5056,44.60948],[-67.50573,44.63357],[-67.53291,44.62377],[-67.53905,44.64623],[-67.55439,44.64407],[-67.59374,44.61632],[-67.56587,44.60981],[-67.56904,44.53868],[-67.60346,44.5281],[-67.6387,44.53168],[-67.64375,44.56391],[-67.65921,44.56668],[-67.71414,44.50076],[-67.72802,44.5032],[-67.75198,44.53807],[-67.74458,44.59581],[-67.78612,44.52753],[-67.80053,44.54121],[-67.78266,44.60151],[-67.80663,44.57538],[-67.82836,44.58426],[-67.84594,44.5513],[-67.87487,44.54177],[-67.8476,44.4971],[-67.86356,44.47936],[-67.88915,44.48656],[-67.90221,44.3972],[-67.92125,44.41136],[-67.92345,44.43777],[-67.90221,44.48656],[-67.92801,44.46829],[-67.937,44.40864],[-67.96284,44.42674],[-67.96772,44.50076],[-67.97789,44.49913],[-67.98876,44.4665],[-68.0288,44.46853],[-67.98473,44.44558],[-67.97472,44.39529],[-67.98473,44.38353],[-68.015,44.39374],[-68.06054,44.32831],[-68.07641,44.34935],[-68.06664,44.3767],[-68.08841,44.36925],[-68.09752,44.38573],[-68.11152,44.48009],[-68.1492,44.50076],[-68.16287,44.47911],[-68.15815,44.46105],[-68.18159,44.45909],[-68.20202,44.52509],[-68.22212,44.46629],[-68.25426,44.49352],[-68.25849,44.5207],[-68.30814,44.52904],[-68.31371,44.51048],[-68.26981,44.48607],[-68.28641,44.46609],[-68.27274,44.45185],[-68.31709,44.4512],[-68.35469,44.46609],[-68.38646,44.42434],[-68.3826,44.41083],[-68.40929,44.40465],[-68.42671,44.41722],[-68.43187,44.4866],[-68.47822,44.49339],[-68.45983,44.4621],[-68.46447,44.43427],[-68.4497,44.41873],[-68.46479,44.38984],[-68.47822,44.38723],[-68.48506,44.43191],[-68.52599,44.40563],[-68.57441,44.41083],[-68.54308,44.36616],[-68.55586,44.30618],[-68.52599,44.29479],[-68.52086,44.28002],[-68.53201,44.26663],[-68.5465,44.27428],[-68.51293,44.24636],[-68.54137,44.23733],[-68.63349,44.29625],[-68.68371,44.29446],[-68.73205,44.32831],[-68.75621,44.33446],[-68.82079,44.31464],[-68.80394,44.36925],[-68.78978,44.3767],[-68.76281,44.36306],[-68.75426,44.37788],[-68.76622,44.3972],[-68.74197,44.41425],[-68.69933,44.40969],[-68.71837,44.44558],[-68.76622,44.42451],[-68.79585,44.39256],[-68.81619,44.40209],[-68.74262,44.5373],[-68.74621,44.55488],[-68.80163,44.56029],[-68.82763,44.47911],[-68.80712,44.47293],[-68.84524,44.4538],[-68.85713,44.45608],[-68.84813,44.47293],[-68.86274,44.47537],[-68.91942,44.44139],[-68.9866,44.42117],[-68.93749,44.33198],[-68.94555,44.31717],[-68.99897,44.29479],[-69.08833,44.1365],[-69.0869,44.0867],[-69.05358,44.0893],[-69.06522,44.06761],[-69.0915,44.04381],[-69.11876,44.04088],[-69.14204,43.99872],[-69.17028,44.00743],[-69.17589,43.9914],[-69.1914,43.99311],[-69.20364,43.97032],[-69.1914,43.95218],[-69.26342,43.92992],[-69.25963,43.95527],[-69.21947,44.00849],[-69.23851,44.00743],[-69.31054,43.94164],[-69.30317,43.98123],[-69.3695,43.97264],[-69.34716,44.00776],[-69.36941,44.01586],[-69.34728,44.05077],[-69.36429,44.06053],[-69.37658,44.03673],[-69.40221,44.0266],[-69.39489,44.00243],[-69.44091,43.98139],[-69.47879,43.88032],[-69.51293,43.83491],[-69.54023,43.89757],[-69.54764,43.83491],[-69.56908,43.86839],[-69.55382,43.92084],[-69.56749,43.94164],[-69.52904,44.00438],[-69.53397,44.02102],[-69.5858,43.94847],[-69.59476,43.88325],[-69.57604,43.83898],[-69.5924,43.80773],[-69.59476,43.84911],[-69.62446,43.83841],[-69.67011,43.87356],[-69.6494,43.89757],[-69.6494,43.92426],[-69.62279,43.91743],[-69.65693,43.95527],[-69.6151,44.02591],[-69.62959,44.02729],[-69.75923,43.88642],[-69.73196,43.86957],[-69.74629,43.8144],[-69.7224,43.84422],[-69.7047,43.84203],[-69.73074,43.77591],[-69.75801,43.75951],[-69.75927,43.80443],[-69.77355,43.8144],[-69.80728,43.98314],[-69.80207,44.01439],[-69.76822,44.05345],[-69.78254,44.05736],[-69.8828,43.97663],[-69.87239,43.9584],[-69.83202,43.97403],[-69.8216,43.961],[-69.78038,43.76345],[-69.79064,43.7331],[-69.82816,43.69827],[-69.8393,43.70926],[-69.85839,43.77078],[-69.84126,43.81806],[-69.86299,43.84573],[-69.85713,43.86571],[-69.87926,43.87055],[-69.90392,43.85655],[-69.87536,43.8323],[-69.88301,43.80056],[-69.90563,43.7873],[-69.91015,43.8013],[-69.98485,43.72635],[-69.9263,43.82856],[-69.93065,43.84911],[-69.97277,43.79951],[-69.99344,43.75182],[-70.02746,43.73994],[-69.95112,43.84911],[-70.02001,43.82864],[-69.98583,43.86278],[-70.05004,43.82396],[-70.10884,43.80675],[-70.18261,43.75707],[-70.20869,43.71528],[-70.23913,43.70006],[-70.23229,43.66417],[-70.28685,43.6505],[-70.21089,43.63504],[-70.19811,43.60956],[-70.20495,43.56114],[-70.2602,43.54747],[-70.25272,43.56114],[-70.27151,43.55691],[-70.30797,43.52696],[-70.31054,43.54837],[-70.34374,43.5395],[-70.36738,43.50532],[-70.3684,43.46723],[-70.36258,43.44505],[-70.32164,43.4525],[-70.3664,43.42084],[-70.37625,43.39724],[-70.45446,43.35061],[-70.51952,43.33954],[-70.57055,43.29849],[-70.58312,43.25088],[-70.56892,43.22899],[-70.59679,43.19546],[-70.58259,43.18863],[-70.61172,43.173],[-70.67195,43.0856],[-70.71467,43.12193],[-70.73339,43.12043],[-70.73127,43.11465],[-70.74234,43.08796],[-70.74409,43.08381],[-70.74409,43.08381],[-70.74409,43.08381],[-70.77194,43.10745],[-70.78918,43.12207],[-70.80641,43.1367],[-70.81577,43.14908],[-70.82512,43.16145],[-70.8259,43.16748],[-70.82526,43.17305],[-70.82463,43.17862],[-70.81961,43.19371],[-70.81457,43.20887],[-70.81358,43.21477],[-70.81325,43.21675],[-70.81359,43.22559],[-70.8158,43.2347],[-70.81706,43.2399],[-70.82194,43.24707],[-70.828,43.2523],[-70.84733,43.26167],[-70.86667,43.27105],[-70.89748,43.30484],[-70.91765,43.32696],[-70.92975,43.34024],[-70.94523,43.35343],[-70.96071,43.36663],[-70.96743,43.37481],[-70.97263,43.38311],[-70.97685,43.39451],[-70.97795,43.4022],[-70.97794,43.40246],[-70.97778,43.40911],[-70.97688,43.41297],[-70.96657,43.4396],[-70.96359,43.45066],[-70.96479,43.46736],[-70.96774,43.48194],[-70.96767,43.4863],[-70.9676,43.49065],[-70.96708,43.49379],[-70.96467,43.50179],[-70.96218,43.51604],[-70.96237,43.53111],[-70.95783,43.56221],[-70.96,43.59224],[-70.96391,43.64576],[-70.96779,43.6993],[-70.97175,43.75279],[-70.9756,43.80625],[-70.98344,43.91329],[-70.98538,43.94003],[-70.98732,43.96678],[-70.98879,43.98686],[-70.99518,44.07388],[-70.99711,44.10061],[-70.99904,44.12735],[-71.00099,44.15411],[-71.00688,44.2344],[-71.01271,44.31469],[-71.01857,44.39493],[-71.02053,44.42168],[-71.02248,44.44844],[-71.02443,44.47521],[-71.02639,44.50198],[-71.02834,44.52873],[-71.03029,44.55547]]],[[[-70.80176,41.24808],[-70.82311,41.25076],[-70.83047,41.26037],[-70.81402,41.26317],[-70.80176,41.24808]]],[[[-70.74767,41.331],[-70.77591,41.30439],[-70.84622,41.34667],[-70.78197,41.35423],[-70.6599,41.45653],[-70.59301,41.47167],[-70.60367,41.44823],[-70.57042,41.47394],[-70.5559,41.46874],[-70.54625,41.44428],[-70.57641,41.4278],[-70.5174,41.41352],[-70.50744,41.36262],[-70.69628,41.35151],[-70.74767,41.331]]],[[[-70.5006,41.39362],[-70.45572,41.42963],[-70.44603,41.41352],[-70.45287,41.35887],[-70.49478,41.38231],[-70.5006,41.39362]]],[[[-70.8486,41.43433],[-70.9485,41.41412],[-70.91134,41.42971],[-70.85946,41.44827],[-70.8486,41.43433]]],[[[-70.83986,41.45053],[-70.82813,41.45718],[-70.8134,41.45502],[-70.71064,41.51921],[-70.67919,41.51045],[-70.79082,41.4492],[-70.83295,41.44247],[-70.83986,41.45053]]],[[[-70.07608,41.3111],[-70.0443,41.35098],[-70.03722,41.37287],[-70.05415,41.39269],[-70.03975,41.39436],[-69.95776,41.27575],[-69.96715,41.24945],[-70.00113,41.23926],[-70.13775,41.24715],[-70.27811,41.30791],[-70.08194,41.29255],[-70.0314,41.31753],[-70.01403,41.34463],[-70.07608,41.3111]]],[[[-69.95938,41.63264],[-70.00211,41.55378],[-70.02147,41.55073],[-69.97301,41.65371],[-69.96508,41.65135],[-69.95938,41.63264]]],[[[-69.65233,43.79043],[-69.66405,43.78913],[-69.68879,43.82819],[-69.67317,43.85293],[-69.64712,43.83731],[-69.65233,43.79043]]],[[[-69.72265,43.90762],[-69.70051,43.92715],[-69.67837,43.96752],[-69.66926,43.94278],[-69.71483,43.85944],[-69.73046,43.89069],[-69.72265,43.90762]]],[[[-68.65624,44.01048],[-68.65103,44.06517],[-68.62629,44.09121],[-68.60676,44.08861],[-68.59895,44.04694],[-68.60806,44.0235],[-68.65624,44.01048]]],[[[-68.86925,44.04837],[-68.8601,44.06521],[-68.86803,44.07937],[-68.91019,44.09553],[-68.90156,44.11404],[-68.77298,44.0819],[-68.77465,44.06188],[-68.81546,44.03193],[-68.86925,44.04837]]],[[[-68.86327,44.11986],[-68.90103,44.13418],[-68.93749,44.10554],[-68.92837,44.14199],[-68.85676,44.18106],[-68.81119,44.16934],[-68.81119,44.1485],[-68.86327,44.11986]]],[[[-68.47525,44.16673],[-68.45962,44.18496],[-68.43879,44.17455],[-68.41666,44.18236],[-68.39061,44.16283],[-68.40364,44.13418],[-68.43228,44.12897],[-68.45442,44.15111],[-68.48957,44.14069],[-68.5065,44.16022],[-68.47525,44.16673]]],[[[-68.69046,44.21906],[-68.6953,44.25043],[-68.67894,44.26964],[-68.64208,44.26004],[-68.61649,44.23709],[-68.60851,44.21284],[-68.65636,44.19916],[-68.65062,44.19029],[-68.62279,44.17133],[-68.682,44.15261],[-68.7202,44.17215],[-68.71089,44.19046],[-68.7246,44.21906],[-68.69046,44.21906]]],[[[-68.92056,44.23705],[-68.93358,44.23574],[-68.92707,44.26699],[-68.92447,44.28132],[-68.9427,44.29043],[-68.92447,44.30736],[-68.90103,44.31127],[-68.88541,44.29955],[-68.92056,44.23705]]],[[[-68.41405,44.25861],[-68.42357,44.27428],[-68.40547,44.28526],[-68.4348,44.29999],[-68.40136,44.37177],[-68.36746,44.38642],[-68.37576,44.40408],[-68.31591,44.43696],[-68.27404,44.43928],[-68.24482,44.42451],[-68.24193,44.40497],[-68.18529,44.357],[-68.17654,44.32831],[-68.24083,44.29454],[-68.28331,44.29243],[-68.31371,44.30842],[-68.3201,44.28494],[-68.29634,44.25007],[-68.3413,44.22358],[-68.34785,44.24018],[-68.36836,44.23273],[-68.41405,44.25861]]],[[[-68.51171,44.37897],[-68.49608,44.37637],[-68.47525,44.32429],[-68.48436,44.31387],[-68.52994,44.3308],[-68.51171,44.37897]]],[[[-68.8841,44.39199],[-68.85936,44.35814],[-68.90364,44.31908],[-68.91666,44.34512],[-68.89973,44.37767],[-68.8841,44.39199]]],[[[-67.58202,44.51439],[-67.5664,44.47923],[-67.5664,44.461],[-67.58462,44.44408],[-67.61457,44.51439],[-67.58202,44.51439]]],[[[-67.27082,44.61335],[-67.27603,44.60293],[-67.3216,44.60293],[-67.30337,44.62507],[-67.28384,44.61986],[-67.27082,44.61335]]],[[[-66.91926,44.83731],[-66.95572,44.84642],[-66.98176,44.87246],[-66.95832,44.87767],[-66.93358,44.94147],[-66.90494,44.9558],[-66.89322,44.90632],[-66.93098,44.86986],[-66.91926,44.83731]]],[[[-67.04511,44.94448],[-67.03816,44.9549],[-66.98607,44.90978],[-66.98957,44.89761],[-67.01212,44.89936],[-67.04511,44.92715],[-67.04511,44.94448]]],[[[-67.0052,44.98965],[-66.97395,45.0183],[-66.93879,45.02481],[-66.94791,44.98314],[-66.98567,44.92585],[-67.01431,44.96361],[-67.0052,44.98965]]]]}},{"type":"Feature","properties":{"name":"Rhode Island","label":{"no":"Rhode Island","en":"Rhode Island"},"short":{"no":"R.I.","en":"R.I."},"side":"patriot","neighbours":["Connecticut","Massachusetts"],"modern":["Rhode Island"],"labelAt":[41.35,-69.95]},"geometry":{"type":"MultiPolygon","coordinates":[[[[-71.56615,41.19375],[-71.54447,41.16289],[-71.54909,41.15204],[-71.59955,41.14578],[-71.61375,41.15518],[-71.5792,41.22557],[-71.55354,41.21457],[-71.56615,41.19375]]],[[[-71.82983,41.3917],[-71.82812,41.39556],[-71.82385,41.40523],[-71.81975,41.41035],[-71.81752,41.41314],[-71.80446,41.41573],[-71.80379,41.42364],[-71.79919,41.47747],[-71.79575,41.5189],[-71.7959,41.53394],[-71.79811,41.75109],[-71.79841,41.77996],[-71.7987,41.80882],[-71.79958,41.89541],[-71.79988,41.92431],[-71.80019,41.9532],[-71.80049,41.98206],[-71.8008,42.01092],[-71.71035,42.01226],[-71.61989,42.01368],[-71.52941,42.01507],[-71.43893,42.01641],[-71.38708,42.01582],[-71.38591,42.00232],[-71.3841,41.9709],[-71.38054,41.90794],[-71.37902,41.90137],[-71.37595,41.8961],[-71.36804,41.89446],[-71.34914,41.89537],[-71.34113,41.89417],[-71.33757,41.89041],[-71.33557,41.87911],[-71.33608,41.87188],[-71.33718,41.86585],[-71.33967,41.85726],[-71.33952,41.85249],[-71.33801,41.84241],[-71.34279,41.80855],[-71.3425,41.80323],[-71.34069,41.7969],[-71.33522,41.78929],[-71.3238,41.77779],[-71.30744,41.76836],[-71.29601,41.76355],[-71.28625,41.76106],[-71.26784,41.74981],[-71.23686,41.70956],[-71.26041,41.65111],[-71.30183,41.65961],[-71.30675,41.68472],[-71.28303,41.74885],[-71.29882,41.75609],[-71.30883,41.72199],[-71.33707,41.73379],[-71.35562,41.74628],[-71.39135,41.81879],[-71.39135,41.7425],[-71.364,41.71206],[-71.38443,41.67422],[-71.41861,41.69465],[-71.44677,41.67723],[-71.42333,41.66816],[-71.41027,41.63296],[-71.44278,41.57465],[-71.42463,41.53889],[-71.42341,41.4864],[-71.45479,41.40613],[-71.49771,41.36628],[-71.55583,41.37485],[-71.84717,41.31082],[-71.84496,41.32151],[-71.83869,41.34124],[-71.82983,41.3917]]],[[[-71.3684,41.57624],[-71.35782,41.55817],[-71.36042,41.51455],[-71.37145,41.48237],[-71.39879,41.4619],[-71.39517,41.49091],[-71.38443,41.51716],[-71.39269,41.54267],[-71.37767,41.57795],[-71.3684,41.57624]]],[[[-71.30883,41.49543],[-71.32555,41.51996],[-71.26781,41.63264],[-71.22061,41.66055],[-71.23363,41.4892],[-71.2648,41.49608],[-71.28596,41.482],[-71.30321,41.46638],[-71.35456,41.45832],[-71.35131,41.47785],[-71.30883,41.49543]]],[[[-71.19913,41.49213],[-71.21052,41.60224],[-71.19396,41.67686],[-71.19396,41.67686],[-71.18044,41.67344],[-71.16398,41.66934],[-71.14758,41.66524],[-71.13112,41.66114],[-71.13386,41.64744],[-71.13659,41.63374],[-71.13932,41.62007],[-71.14206,41.60638],[-71.13932,41.60362],[-71.13659,41.60088],[-71.13386,41.59815],[-71.13112,41.59541],[-71.12839,41.57076],[-71.12565,41.54612],[-71.12292,41.52149],[-71.12197,41.51297],[-71.12197,41.51296],[-71.1859,41.46874],[-71.19913,41.49213]]],[[[-71.30337,41.62637],[-71.31509,41.5808],[-71.33072,41.57559],[-71.33723,41.59252],[-71.33593,41.62637],[-71.35936,41.64199],[-71.34374,41.67064],[-71.30337,41.62637]]]]}},{"type":"Feature","properties":{"name":"Connecticut","label":{"no":"Connecticut","en":"Connecticut"},"short":{"no":"Conn.","en":"Conn."},"side":"patriot","neighbours":["Massachusetts","New York","Rhode Island"],"modern":["Connecticut"],"labelAt":[40.6,-72.6]},"geometry":{"type":"Polygon","coordinates":[[[-73.71745,41.09634],[-73.72159,41.10171],[-73.72297,41.1035],[-73.70886,41.11062],[-73.69155,41.11877],[-73.6093,41.15743],[-73.54875,41.18597],[-73.49997,41.20884],[-73.4841,41.21792],[-73.49914,41.23443],[-73.5122,41.25174],[-73.52619,41.27029],[-73.53544,41.28261],[-73.5447,41.29493],[-73.54387,41.30442],[-73.54304,41.31392],[-73.54108,41.33704],[-73.53913,41.36016],[-73.53719,41.38332],[-73.53525,41.40647],[-73.52938,41.47592],[-73.52741,41.49908],[-73.52546,41.5222],[-73.51955,41.59165],[-73.51244,41.67651],[-73.51179,41.68423],[-73.50786,41.73047],[-73.50591,41.75363],[-73.50397,41.77679],[-73.49811,41.84623],[-73.49616,41.86939],[-73.4942,41.89252],[-73.49223,41.91565],[-73.49026,41.93882],[-73.4883,41.96199],[-73.48248,42.03139],[-73.48054,42.05455],[-73.41965,42.05279],[-73.35876,42.05103],[-73.23693,42.04756],[-73.11511,42.04405],[-73.06944,42.04275],[-72.92585,42.0387],[-72.89379,42.03774],[-72.86174,42.03677],[-72.83469,42.0349],[-72.80764,42.03304],[-72.80641,42.00699],[-72.7633,42.01021],[-72.75759,42.03304],[-72.62033,42.0315],[-72.59062,42.02525],[-72.5842,42.02442],[-72.57565,42.02476],[-72.56652,42.02825],[-72.55739,42.03174],[-72.50676,42.03103],[-72.35895,42.02886],[-72.2851,42.02778],[-72.06354,42.02452],[-72.00814,42.02368],[-71.80158,42.02168],[-71.8008,42.01092],[-71.80049,41.98206],[-71.80019,41.9532],[-71.79988,41.92431],[-71.79958,41.89541],[-71.7987,41.80882],[-71.79841,41.77996],[-71.79811,41.75109],[-71.7959,41.53394],[-71.79575,41.5189],[-71.79919,41.47747],[-71.80379,41.42364],[-71.80446,41.41573],[-71.81752,41.41314],[-71.81975,41.41035],[-71.82385,41.40523],[-71.82812,41.39556],[-71.82983,41.3917],[-71.83869,41.34124],[-71.84496,41.32151],[-71.84717,41.31082],[-71.87147,41.30258],[-71.87791,41.31151],[-71.85653,41.3225],[-71.88537,41.34463],[-71.97289,41.3437],[-72.03624,41.31786],[-72.0834,41.35204],[-72.11071,41.3111],[-72.19433,41.3238],[-72.20006,41.29743],[-72.22692,41.3107],[-72.28795,41.28295],[-72.34716,41.30732],[-72.34838,41.34833],[-72.39184,41.36628],[-72.35436,41.32123],[-72.36457,41.29743],[-72.3509,41.28998],[-72.36978,41.2766],[-72.45263,41.28791],[-72.50792,41.25642],[-72.52221,41.27017],[-72.54064,41.26366],[-72.60481,41.28376],[-72.66177,41.27407],[-72.68668,41.25642],[-72.77945,41.27017],[-72.89243,41.24497],[-72.90998,41.30512],[-73.01383,41.20672],[-73.05354,41.21174],[-73.09447,41.19131],[-73.10849,41.14871],[-73.13424,41.14721],[-73.18407,41.17411],[-73.18428,41.16177],[-73.20891,41.15672],[-73.2211,41.16714],[-73.22786,41.1428],[-73.26213,41.12019],[-73.28645,41.13449],[-73.30193,41.11699],[-73.36407,41.10603],[-73.48522,41.05386],[-73.52321,41.02149],[-73.53712,41.03128],[-73.58999,41.01479],[-73.60392,41.02282],[-73.61115,41.01134],[-73.64286,41.00107],[-73.64286,41.00107],[-73.64518,41.00669],[-73.64749,41.01232],[-73.64893,41.01573],[-73.65036,41.01914],[-73.65286,41.02345],[-73.65537,41.02776],[-73.65701,41.02939],[-73.65866,41.03101],[-73.66019,41.03208],[-73.661,41.03265],[-73.66282,41.03361],[-73.66564,41.03511],[-73.66891,41.03802],[-73.69345,41.06746],[-73.71745,41.09634]]]}},{"type":"Feature","properties":{"name":"New York","label":{"no":"New York","en":"New York"},"short":{"no":"N.Y.","en":"N.Y."},"side":"patriot","neighbours":["Connecticut","Massachusetts","New Hampshire","New Jersey","Pennsylvania"],"modern":["New York","Vermont"],"note":{"no":"Kranglet med New Hampshire om Vermont","en":"Disputed Vermont with New Hampshire"},"labelAt":[42.9,-75.4]},"geometry":{"type":"MultiPolygon","coordinates":[[[[-74.98923,41.50392],[-75.04836,41.59595],[-75.061,41.60538],[-75.06393,41.6157],[-75.05771,41.66729],[-75.05761,41.68794],[-75.07126,41.72581],[-75.06813,41.73516],[-75.05451,41.74366],[-75.05141,41.7531],[-75.05588,41.77491],[-75.06188,41.77946],[-75.06789,41.78401],[-75.08537,41.78872],[-75.10602,41.7972],[-75.09455,41.808],[-75.08307,41.8188],[-75.08101,41.82344],[-75.07895,41.82808],[-75.07895,41.82808],[-75.07895,41.82808],[-75.08535,41.83001],[-75.09174,41.83194],[-75.09886,41.83514],[-75.10124,41.83621],[-75.10483,41.8409],[-75.11559,41.85496],[-75.12918,41.8587],[-75.14277,41.86243],[-75.15374,41.8695],[-75.16472,41.87657],[-75.17741,41.87972],[-75.23264,41.8729],[-75.24914,41.8824],[-75.25602,41.91711],[-75.25715,41.92964],[-75.26,41.93851],[-75.26306,41.948],[-75.26306,41.948],[-75.26306,41.948],[-75.26821,41.95071],[-75.2842,41.95909],[-75.30472,41.96637],[-75.3155,41.97019],[-75.33945,41.98399],[-75.33898,41.99739],[-75.35129,41.99739],[-75.37346,41.99747],[-75.44146,41.99748],[-75.50947,41.99749],[-75.84953,41.9977],[-75.91755,41.99776],[-75.98559,41.99778],[-76.39371,41.998],[-76.59772,41.9981],[-76.66573,41.99816],[-76.73378,41.99822],[-76.86984,41.99827],[-77.00583,41.99837],[-77.07385,41.99839],[-77.14186,41.99842],[-77.20991,41.99847],[-77.27795,41.99851],[-77.41393,41.99856],[-77.49899,41.99864],[-77.55002,41.99869],[-77.60102,41.99871],[-77.68603,41.99876],[-77.77104,41.9988],[-77.82204,41.99883],[-77.89006,41.99887],[-78.09413,41.99898],[-78.16213,41.99903],[-78.23012,41.99908],[-78.43421,41.99919],[-78.50224,41.99922],[-78.60425,41.99928],[-78.63825,41.9993],[-78.67226,41.99931],[-78.77429,41.99937],[-78.84232,41.99941],[-78.91035,41.99944],[-78.97835,41.99949],[-79.04636,41.99954],[-79.14838,41.9996],[-79.31843,41.99969],[-79.52245,41.9998],[-79.5905,41.99983],[-79.72656,41.99986],[-79.76291,41.99986],[-79.76293,42.03374],[-79.76293,42.06285],[-79.76293,42.06285],[-79.76293,42.092],[-79.76293,42.092],[-79.76293,42.12115],[-79.76298,42.15027],[-79.76299,42.16484],[-79.76301,42.1794],[-79.76301,42.20852],[-79.76301,42.20852],[-79.76301,42.23763],[-79.76301,42.23763],[-79.76301,42.26678],[-79.76301,42.26678],[-79.76301,42.30074],[-79.76301,42.30074],[-79.76301,42.33465],[-79.76301,42.33465],[-79.76301,42.36861],[-79.76301,42.36861],[-79.76301,42.40252],[-79.76301,42.40252],[-79.76301,42.43648],[-79.76301,42.43648],[-79.76301,42.47044],[-79.76301,42.47044],[-79.76301,42.50437],[-79.76301,42.50437],[-79.76301,42.52937],[-79.01938,42.80269],[-78.96306,42.84013],[-78.91895,42.88924],[-78.91526,42.94761],[-78.98352,42.97614],[-79.03197,43.01342],[-79.02326,43.05807],[-79.06527,43.1059],[-79.04861,43.17062],[-79.05843,43.2778],[-79.17431,43.46453],[-78.68809,43.63181],[-76.84153,43.6255],[-76.79719,43.64527],[-76.45463,44.08424],[-76.35009,44.15172],[-76.32777,44.18149],[-76.18576,44.22567],[-76.16933,44.24237],[-76.17868,44.27864],[-76.14979,44.30453],[-76.06726,44.34799],[-75.87033,44.40861],[-75.83095,44.46432],[-75.69969,44.58167],[-75.27023,44.86377],[-74.88651,45.0094],[-74.59611,44.99849],[-71.50585,45.01373],[-71.52158,45.00962],[-71.53176,45.00005],[-71.53513,44.97383],[-71.52785,44.95059],[-71.51413,44.93531],[-71.50571,44.91958],[-71.51462,44.89505],[-71.55925,44.84942],[-71.60622,44.80144],[-71.63071,44.76534],[-71.635,44.74031],[-71.6249,44.72434],[-71.611,44.7107],[-71.60402,44.6927],[-71.60012,44.6782],[-71.56926,44.62068],[-71.55659,44.60669],[-71.54997,44.59637],[-71.54938,44.58655],[-71.55893,44.5764],[-71.57111,44.57469],[-71.58347,44.57476],[-71.59348,44.56978],[-71.60056,44.55049],[-71.59738,44.53255],[-71.59828,44.51514],[-71.61767,44.49717],[-71.65182,44.47669],[-71.66909,44.45496],[-71.67802,44.44612],[-71.7041,44.43833],[-71.7915,44.39849],[-71.80727,44.38794],[-71.8405,44.35721],[-71.85944,44.34768],[-71.88344,44.34478],[-71.93239,44.34634],[-71.98337,44.33921],[-72.02009,44.3177],[-72.04225,44.28169],[-72.04968,44.23089],[-72.04924,44.14288],[-72.0548,44.10455],[-72.06953,44.07261],[-72.11188,44.01675],[-72.11794,44.00093],[-72.11359,43.99261],[-72.10495,43.98641],[-72.09846,43.98062],[-72.10058,43.97332],[-72.16599,43.90559],[-72.18076,43.88477],[-72.18683,43.86377],[-72.18889,43.84183],[-72.19455,43.82017],[-72.203,43.80054],[-72.21354,43.78462],[-72.2663,43.74925],[-72.27927,43.73614],[-72.30632,43.72007],[-72.31252,43.70967],[-72.31594,43.67476],[-72.32482,43.63326],[-72.33288,43.61351],[-72.34699,43.59656],[-72.38166,43.57203],[-72.39177,43.55769],[-72.39787,43.5314],[-72.40532,43.36072],[-72.40126,43.32293],[-72.40368,43.30025],[-72.41589,43.28123],[-72.42609,43.27217],[-72.43369,43.26314],[-72.43845,43.25286],[-72.44011,43.23997],[-72.43903,43.23711],[-72.43669,43.23516],[-72.4343,43.23218],[-72.43325,43.2263],[-72.43535,43.22041],[-72.44001,43.21538],[-72.44692,43.20987],[-72.45312,43.1689],[-72.4529,43.15664],[-72.44692,43.13072],[-72.44933,43.10791],[-72.46677,43.05159],[-72.47097,43.00574],[-72.48054,42.98916],[-72.50466,42.98269],[-72.52189,42.97552],[-72.52873,42.95787],[-72.53566,42.91443],[-72.54328,42.90013],[-72.55053,42.88968],[-72.55546,42.87796],[-72.55617,42.85982],[-72.55388,42.84427],[-72.55002,42.83289],[-72.54411,42.82303],[-72.53566,42.81202],[-72.49279,42.7792],[-72.47331,42.75852],[-72.46677,42.72945],[-72.46682,42.72928],[-72.49139,42.72995],[-72.56511,42.73201],[-72.63884,42.73404],[-72.6634,42.73472],[-72.68184,42.73525],[-72.71257,42.73614],[-72.76174,42.7375],[-72.81086,42.73885],[-72.83544,42.73954],[-72.90915,42.74158],[-72.95159,42.74126],[-73.00028,42.74126],[-73.02511,42.74175],[-73.09766,42.74418],[-73.14733,42.74418],[-73.20527,42.74535],[-73.24292,42.74551],[-73.26552,42.7456],[-73.26992,42.73521],[-73.27844,42.71165],[-73.30458,42.63946],[-73.33073,42.56722],[-73.3569,42.49497],[-73.38307,42.42278],[-73.40925,42.35059],[-73.43537,42.27835],[-73.46154,42.20613],[-73.48766,42.13394],[-73.50099,42.09712],[-73.50724,42.07898],[-73.48054,42.05455],[-73.48248,42.03139],[-73.4883,41.96199],[-73.49026,41.93882],[-73.49223,41.91565],[-73.4942,41.89252],[-73.49616,41.86939],[-73.49811,41.84623],[-73.50397,41.77679],[-73.50591,41.75363],[-73.50786,41.73047],[-73.51179,41.68423],[-73.51244,41.67651],[-73.51955,41.59165],[-73.52546,41.5222],[-73.52741,41.49908],[-73.52938,41.47592],[-73.53525,41.40647],[-73.53719,41.38332],[-73.53913,41.36016],[-73.54108,41.33704],[-73.54304,41.31392],[-73.54387,41.30442],[-73.5447,41.29493],[-73.5447,41.29493],[-73.53544,41.28261],[-73.52619,41.27029],[-73.5122,41.25174],[-73.49914,41.23443],[-73.4841,41.21792],[-73.49997,41.20884],[-73.54875,41.18597],[-73.6093,41.15743],[-73.69155,41.11877],[-73.70886,41.11062],[-73.72297,41.1035],[-73.72297,41.1035],[-73.72159,41.10171],[-73.71745,41.09634],[-73.69345,41.06746],[-73.66891,41.03802],[-73.66564,41.03511],[-73.66282,41.03361],[-73.661,41.03265],[-73.66019,41.03208],[-73.65866,41.03101],[-73.65701,41.02939],[-73.65537,41.02776],[-73.65286,41.02345],[-73.65036,41.01914],[-73.64893,41.01573],[-73.64749,41.01232],[-73.64518,41.00669],[-73.64286,41.00107],[-73.64286,41.00107],[-73.67699,40.95478],[-73.71076,40.95303],[-73.76439,40.9101],[-73.78283,40.87604],[-73.81168,40.87104],[-73.81991,40.83913],[-73.79769,40.81319],[-73.92683,40.8048],[-73.93228,40.82559],[-73.90884,40.86856],[-73.92186,40.88679],[-73.8754,41.01333],[-73.87157,41.11555],[-73.88589,41.18757],[-73.95702,41.25776],[-73.94734,41.3111],[-73.97594,41.29218],[-73.98497,41.2696],[-73.96307,41.2057],[-73.91788,41.16352],[-73.90713,40.99081],[-74.006,41.03645],[-74.105,41.08213],[-74.20402,41.12784],[-74.303,41.17351],[-74.402,41.21917],[-74.50099,41.26487],[-74.60002,41.31055],[-74.69899,41.35625],[-74.70446,41.37613],[-74.74162,41.4314],[-74.74914,41.43467],[-74.78088,41.42893],[-74.78735,41.43335],[-74.79382,41.43777],[-74.8035,41.44233],[-74.81318,41.44688],[-74.87419,41.44642],[-74.8863,41.44834],[-74.90041,41.45801],[-74.90532,41.46363],[-74.91022,41.46924],[-74.92263,41.47862],[-74.97579,41.49261],[-74.98434,41.4983],[-74.98923,41.50392]],[[-73.33868,44.93409],[-73.33686,44.94068],[-73.33683,44.94124],[-73.33686,44.94068],[-73.33868,44.93409]],[[-73.35687,44.90281],[-73.34855,44.91267],[-73.34711,44.91486],[-73.34855,44.91267],[-73.35687,44.90281]],[[-73.35242,44.81766],[-73.36179,44.82513],[-73.36353,44.82688],[-73.36179,44.82513],[-73.35242,44.81766]],[[-73.33918,44.80397],[-73.34001,44.80567],[-73.34153,44.80793],[-73.34001,44.80567],[-73.33918,44.80397]],[[-73.33672,44.79577],[-73.33674,44.79617],[-73.33713,44.79804],[-73.33674,44.79617],[-73.33672,44.79577]],[[-73.34848,44.74722],[-73.34384,44.75743],[-73.34224,44.76202],[-73.34384,44.75743],[-73.34848,44.74722]],[[-73.35828,44.70024],[-73.35793,44.7024],[-73.3572,44.71365],[-73.35793,44.7024],[-73.35828,44.70024]],[[-73.37873,44.64068],[-73.37802,44.62968],[-73.37873,44.64068],[-73.37873,44.64068]],[[-73.29861,44.47959],[-73.30046,44.48431],[-73.3029,44.48827],[-73.30046,44.48431],[-73.29861,44.47959]],[[-73.29313,44.45435],[-73.29313,44.45435],[-73.29326,44.4567],[-73.29313,44.45435]],[[-73.30038,44.41785],[-73.29665,44.4303],[-73.29609,44.43308],[-73.29665,44.4303],[-73.30038,44.41785]],[[-73.31502,44.39188],[-73.33022,44.3698],[-73.33327,44.35672],[-73.33022,44.3698],[-73.31502,44.39188]],[[-73.31729,44.28145],[-73.31706,44.29371],[-73.31706,44.29371],[-73.31729,44.28145]],[[-73.38586,44.1743],[-73.38288,44.19549],[-73.38163,44.19901],[-73.38288,44.19549],[-73.38586,44.1743],[-73.38781,44.16757],[-73.38586,44.1743]],[[-73.43765,44.06196],[-73.43615,44.06578],[-73.4288,44.0749],[-73.43615,44.06578],[-73.43765,44.06196]],[[-73.43854,44.05276],[-73.43635,44.04834],[-73.43854,44.05276],[-73.43854,44.05276]],[[-73.40998,44.00621],[-73.40998,44.00621],[-73.41064,44.01055],[-73.40998,44.00621]],[[-73.41113,43.97893],[-73.41113,43.97893],[-73.41055,43.99257],[-73.41113,43.97893]],[[-73.38083,43.88468],[-73.38159,43.88648],[-73.38309,43.88858],[-73.38159,43.88648],[-73.38083,43.88468]],[[-73.38687,43.83708],[-73.38659,43.83882],[-73.38366,43.84663],[-73.38659,43.83882],[-73.38687,43.83708]],[[-73.3652,43.7966],[-73.36545,43.7979],[-73.36677,43.80022],[-73.36545,43.7979],[-73.3652,43.7966]],[[-73.36437,43.76901],[-73.3634,43.7795],[-73.3634,43.7795],[-73.36437,43.76901]],[[-73.38435,43.71724],[-73.36826,43.74766],[-73.3668,43.75309],[-73.36826,43.74766],[-73.38435,43.71724]],[[-73.38796,43.57679],[-73.39172,43.57476],[-73.39449,43.57384],[-73.39172,43.57476],[-73.38796,43.57679]],[[-73.37393,43.58687],[-73.37604,43.58462],[-73.37931,43.5819],[-73.37604,43.58462],[-73.37393,43.58687]],[[-73.28432,43.5959],[-73.29142,43.6139],[-73.29362,43.61668],[-73.29142,43.6139],[-73.28432,43.5959]],[[-73.25346,43.32268],[-73.25515,43.26348],[-73.25685,43.20232],[-73.25698,43.19805],[-73.25685,43.20232],[-73.25515,43.26348],[-73.25346,43.32268],[-73.25182,43.38147],[-73.25346,43.32268]]],[[[-74.17093,40.64341],[-74.12609,40.63349],[-74.07672,40.64874],[-74.05357,40.6027],[-74.13392,40.53267],[-74.25083,40.5014],[-74.2416,40.53917],[-74.20149,40.56986],[-74.1918,40.62826],[-74.17093,40.64341]]],[[[-73.33938,40.64459],[-73.2484,40.64772],[-73.57412,40.57509],[-73.56639,40.59032],[-73.44385,40.61894],[-73.33938,40.64459]]],[[[-73.97222,40.74068],[-73.97581,40.71401],[-74.01692,40.69929],[-73.98697,40.77871],[-73.92805,40.87751],[-73.91796,40.87507],[-73.93879,40.82819],[-73.93338,40.79719],[-73.97222,40.74068]]],[[[-73.24578,40.62381],[-73.30505,40.62992],[-73.25529,40.62967],[-73.04034,40.682],[-72.75708,40.7688],[-72.75724,40.76009],[-73.14753,40.64431],[-73.24578,40.62381]]],[[[-72.43773,40.9842],[-72.45495,41.00373],[-72.47254,40.99039],[-72.52066,40.98517],[-72.58004,40.93288],[-72.61594,40.92772],[-72.62462,40.90782],[-72.5843,40.90042],[-72.56359,40.91238],[-72.48085,40.89794],[-72.45714,40.91026],[-72.44103,40.94298],[-72.40818,40.95065],[-72.36718,40.9946],[-72.32654,40.99922],[-72.33209,41.0307],[-72.32152,41.03583],[-72.30668,41.03552],[-72.29846,41.006],[-72.2701,41.00243],[-72.23371,41.04407],[-72.21379,41.0398],[-72.18675,41.00916],[-72.18004,41.04706],[-72.15538,41.055],[-72.109,41.00141],[-71.99275,41.04963],[-71.95875,41.04628],[-71.95807,41.06972],[-71.91893,41.05866],[-71.9309,41.07879],[-71.9033,41.08467],[-71.85741,41.07172],[-71.88497,41.0454],[-72.08715,40.98343],[-72.40666,40.86207],[-72.46076,40.85261],[-72.44742,40.8791],[-72.49657,40.8841],[-72.49079,40.84687],[-72.50231,40.83906],[-72.72395,40.77042],[-72.7379,40.77379],[-72.65052,40.79746],[-72.72696,40.80779],[-72.76517,40.78315],[-72.82801,40.78971],[-72.81363,40.7816],[-72.81794,40.76842],[-72.85279,40.74942],[-72.87907,40.74569],[-72.88926,40.76564],[-72.94682,40.74189],[-73.0122,40.74958],[-73.03342,40.73143],[-73.0991,40.72039],[-73.12938,40.73014],[-73.15803,40.69974],[-73.23332,40.7145],[-73.275,40.68693],[-73.37222,40.66237],[-73.56112,40.63805],[-73.65286,40.60135],[-73.66437,40.60376],[-73.65542,40.61804],[-73.66795,40.62601],[-73.71093,40.61021],[-73.71045,40.59511],[-73.57548,40.59321],[-73.5818,40.58449],[-73.76805,40.58964],[-73.93947,40.54196],[-73.93948,40.55548],[-73.78979,40.60029],[-73.76881,40.61855],[-73.82956,40.64882],[-73.86885,40.6401],[-73.89294,40.61429],[-73.87776,40.5821],[-73.98813,40.56937],[-74.00382,40.57055],[-74.01167,40.57929],[-73.99809,40.58963],[-74.03999,40.61979],[-74.01548,40.6778],[-73.96934,40.70875],[-73.9568,40.74317],[-73.9086,40.78868],[-73.86086,40.77635],[-73.82305,40.79738],[-73.77899,40.79218],[-73.75752,40.77111],[-73.75552,40.83279],[-73.73982,40.83434],[-73.71459,40.8048],[-73.69689,40.82189],[-73.70043,40.8336],[-73.73306,40.8437],[-73.7202,40.86624],[-73.67435,40.85676],[-73.65331,40.82392],[-73.65336,40.86779],[-73.63265,40.89959],[-73.52046,40.9176],[-73.51529,40.90042],[-73.5491,40.89099],[-73.51135,40.87735],[-73.50757,40.89364],[-73.49339,40.89199],[-73.47983,40.87724],[-73.46813,40.89362],[-73.4941,40.92705],[-73.48569,40.94563],[-73.4313,40.93329],[-73.44083,40.91466],[-73.42032,40.90042],[-73.35827,40.90042],[-73.36064,40.92509],[-73.39957,40.92542],[-73.41002,40.93989],[-73.40193,40.9544],[-73.37406,40.93607],[-73.23534,40.90782],[-73.1787,40.91901],[-73.1481,40.94562],[-73.15282,40.96247],[-73.11315,40.97346],[-73.09874,40.96951],[-73.1044,40.9488],[-73.0913,40.94835],[-73.07622,40.97194],[-73.04844,40.96302],[-72.78112,40.96508],[-72.62833,40.98359],[-72.47165,41.05595],[-72.44518,41.08585],[-72.41292,41.08981],[-72.34341,41.14065],[-72.27554,41.16262],[-72.24169,41.1468],[-72.28946,41.11335],[-72.30443,41.13194],[-72.41234,41.06489],[-72.4153,41.05445],[-72.38508,41.04446],[-72.39054,41.03147],[-72.43741,41.0257],[-72.43773,40.9842]]],[[[-72.27553,41.03183],[-72.31775,41.04875],[-72.3588,41.04583],[-72.37239,41.06862],[-72.32784,41.10506],[-72.28048,41.07889],[-72.27553,41.03183]]],[[[-72.08145,41.07488],[-72.10082,41.05425],[-72.10814,41.09051],[-72.14152,41.09685],[-72.13102,41.12047],[-72.07843,41.09996],[-72.08145,41.07488]]],[[[-71.92073,41.2914],[-71.99873,41.25167],[-72.02281,41.25349],[-72.0388,41.24945],[-72.02213,41.27686],[-72.00336,41.26701],[-71.994,41.28308],[-71.92073,41.2914]]]]}},{"type":"Feature","properties":{"name":"New Jersey","label":{"no":"New Jersey","en":"New Jersey"},"short":{"no":"N.J.","en":"N.J."},"side":"patriot","neighbours":["New York","Pennsylvania"],"modern":["New Jersey"],"labelAt":[40.05,-74.05]},"geometry":{"type":"MultiPolygon","coordinates":[[[[-75.1822,40.57039],[-75.18596,40.58428],[-75.18972,40.59817],[-75.19387,40.6087],[-75.19481,40.61392],[-75.19575,40.61914],[-75.19399,40.62286],[-75.19106,40.62906],[-75.19106,40.62906],[-75.19479,40.66067],[-75.19408,40.66913],[-75.19396,40.67049],[-75.19086,40.67793],[-75.19479,40.68802],[-75.19816,40.70054],[-75.19416,40.71399],[-75.18732,40.72831],[-75.18049,40.74263],[-75.18049,40.74263],[-75.18354,40.74317],[-75.18745,40.7503],[-75.18874,40.75855],[-75.18632,40.76051],[-75.16066,40.79043],[-75.11368,40.79065],[-75.10544,40.79563],[-75.10202,40.80481],[-75.09343,40.83809],[-75.08589,40.84412],[-75.06769,40.85513],[-75.06265,40.86374],[-75.05761,40.87234],[-75.06122,40.89151],[-75.07565,40.90867],[-75.08347,40.91547],[-75.09128,40.92227],[-75.09494,40.92647],[-75.10024,40.93663],[-75.1038,40.93925],[-75.11025,40.94102],[-75.11326,40.94113],[-75.11628,40.94124],[-75.11999,40.94278],[-75.11989,40.94644],[-75.11882,40.95093],[-75.1197,40.95491],[-75.12702,40.96269],[-75.13132,40.96724],[-75.13431,40.97122],[-75.1373,40.9752],[-75.13954,40.98221],[-75.12883,40.99805],[-75.10644,41.01375],[-75.08268,41.02581],[-75.0741,41.02859],[-75.06784,41.03062],[-75.05886,41.03248],[-75.027,41.04681],[-74.98205,41.0897],[-74.98205,41.0897],[-74.98249,41.10201],[-74.98249,41.10201],[-74.9799,41.105],[-74.97834,41.10679],[-74.97353,41.10966],[-74.96872,41.11253],[-74.95817,41.11739],[-74.95114,41.11939],[-74.9458,41.12278],[-74.9382,41.12762],[-74.90564,41.16101],[-74.8863,41.18084],[-74.86257,41.22481],[-74.85214,41.25965],[-74.8447,41.27298],[-74.81094,41.29686],[-74.79069,41.31119],[-74.78964,41.3126],[-74.78322,41.32383],[-74.78015,41.32793],[-74.77507,41.33074],[-74.76972,41.33121],[-74.76437,41.33167],[-74.74577,41.34223],[-74.74064,41.34368],[-74.72952,41.34419],[-74.7184,41.34471],[-74.70848,41.34961],[-74.69855,41.35452],[-74.69855,41.35452],[-74.69899,41.35625],[-74.60002,41.31055],[-74.50099,41.26487],[-74.402,41.21917],[-74.303,41.17351],[-74.20402,41.12784],[-74.105,41.08213],[-74.006,41.03645],[-73.90713,40.99081],[-73.91808,40.93146],[-74.01431,40.76584],[-74.03193,40.71418],[-74.09601,40.65476],[-74.14209,40.64632],[-74.10557,40.70519],[-74.11244,40.71789],[-74.15002,40.66418],[-74.20965,40.63423],[-74.22167,40.57209],[-74.26049,40.55182],[-74.26393,40.51329],[-74.28269,40.49732],[-74.25634,40.46003],[-74.20592,40.44294],[-74.11994,40.44526],[-73.99299,40.40241],[-74.01822,40.48054],[-73.98957,40.46821],[-73.97916,40.44929],[-73.97093,40.39475],[-73.97989,40.28016],[-74.09301,39.77634],[-74.08074,39.92288],[-74.05133,40.03539],[-74.0607,40.06216],[-74.08048,40.05127],[-74.0635,40.03075],[-74.12206,39.9973],[-74.12609,39.98159],[-74.10582,39.98554],[-74.10228,39.97093],[-74.13288,39.93378],[-74.10999,39.92174],[-74.1368,39.89097],[-74.12727,39.84846],[-74.18652,39.77211],[-74.1902,39.74416],[-74.16332,39.73517],[-74.16755,39.69937],[-74.21091,39.65097],[-74.24362,39.64349],[-74.25642,39.61164],[-74.29091,39.60519],[-74.32849,39.57618],[-74.32971,39.56218],[-74.29019,39.52314],[-74.29735,39.50861],[-74.3109,39.50666],[-74.32128,39.52973],[-74.35879,39.5502],[-74.38679,39.54442],[-74.40722,39.55703],[-74.40648,39.52009],[-74.38012,39.48749],[-74.3837,39.4711],[-74.39635,39.44717],[-74.43297,39.4562],[-74.44815,39.44717],[-74.46866,39.39936],[-74.45031,39.40644],[-74.4344,39.39501],[-74.41344,39.35712],[-74.53014,39.31061],[-74.48176,39.36465],[-74.50963,39.37885],[-74.55525,39.32929],[-74.55065,39.31061],[-74.64208,39.30671],[-74.66047,39.2895],[-74.60521,39.27521],[-74.55065,39.28266],[-74.64306,39.21381],[-74.70149,39.12442],[-74.72281,39.13182],[-74.74242,39.11815],[-74.71638,39.11494],[-74.70832,39.09772],[-74.74572,39.05451],[-74.78808,39.03905],[-74.78336,39.01512],[-74.80329,38.98762],[-74.87511,38.94453],[-74.94424,38.92438],[-74.96933,38.946],[-74.95257,39.00755],[-74.89444,39.10761],[-74.88728,39.1468],[-74.90632,39.17963],[-74.93859,39.19253],[-75.02221,39.18928],[-75.02668,39.21068],[-75.04027,39.21454],[-75.14647,39.18708],[-75.16698,39.20759],[-75.16698,39.23428],[-75.2342,39.27338],[-75.2421,39.29263],[-75.30362,39.30329],[-75.33141,39.34414],[-75.36718,39.3426],[-75.53161,39.47797],[-75.54133,39.50886],[-75.52383,39.49494],[-75.51041,39.55964],[-75.55822,39.61347],[-75.51024,39.65266],[-75.50113,39.6883],[-75.4652,39.71467],[-75.46182,39.74824],[-75.40612,39.80292],[-75.3109,39.84321],[-75.14415,39.8749],[-75.0987,39.90644],[-75.11368,39.92206],[-75.11596,39.95258],[-75.07877,39.9536],[-75.02359,40.0163],[-74.97507,40.03628],[-74.93576,40.07027],[-74.92809,40.07406],[-74.92043,40.07786],[-74.89994,40.08293],[-74.87263,40.09087],[-74.85318,40.10428],[-74.83776,40.11492],[-74.81523,40.12027],[-74.76994,40.12984],[-74.73327,40.15591],[-74.72863,40.16324],[-74.72863,40.16324],[-74.72863,40.16324],[-74.734,40.17405],[-74.73937,40.18487],[-74.76472,40.20628],[-74.81804,40.24173],[-74.84924,40.27129],[-74.88307,40.30811],[-74.8863,40.31402],[-74.8955,40.32344],[-74.9293,40.34647],[-74.94775,40.35904],[-74.96149,40.39759],[-74.97453,40.41458],[-74.99411,40.40895],[-75.01369,40.40332],[-75.02102,40.40724],[-75.05432,40.43538],[-75.06804,40.49294],[-75.07165,40.53186],[-75.08879,40.55833],[-75.11417,40.56452],[-75.13954,40.57071],[-75.17745,40.56884],[-75.1822,40.57039]]],[[[-74.39977,39.39936],[-74.35879,39.44717],[-74.36754,39.46503],[-74.30211,39.46475],[-74.35924,39.40156],[-74.39338,39.38915],[-74.42553,39.39374],[-74.44815,39.41987],[-74.4309,39.42536],[-74.39977,39.39936]]],[[[-74.24007,39.57539],[-74.09813,39.75568],[-74.1479,39.6659],[-74.25577,39.52973],[-74.24007,39.57539]]]]}},{"type":"Feature","properties":{"name":"Pennsylvania","label":{"no":"Pennsylvania","en":"Pennsylvania"},"short":{"no":"Penn.","en":"Penn."},"side":"patriot","neighbours":["Delaware","Maryland","New Jersey","New York","Virginia"],"modern":["Pennsylvania"],"labelAt":[41.0,-77.6]},"geometry":{"type":"Polygon","coordinates":[[[-78.43884,39.72161],[-78.61197,39.72165],[-78.6697,39.72166],[-79.13127,39.72166],[-79.36205,39.72176],[-79.47744,39.72176],[-79.60766,39.72171],[-79.73796,39.72166],[-79.86818,39.72163],[-79.99841,39.72161],[-80.12868,39.72156],[-80.25891,39.72151],[-80.38913,39.72151],[-80.5194,39.72149],[-80.51948,39.79112],[-80.51955,39.86077],[-80.51962,39.93045],[-80.5197,40.0001],[-80.5197,40.08035],[-80.51979,40.16058],[-80.51987,40.24085],[-80.51994,40.3211],[-80.52001,40.40137],[-80.52009,40.48162],[-80.52018,40.56187],[-80.52023,40.64217],[-80.52023,40.64273],[-80.52023,40.64331],[-80.52023,40.6439],[-80.52023,40.64449],[-80.52023,40.64507],[-80.52023,40.64563],[-80.52023,40.6462],[-80.52023,40.64678],[-80.52023,42.32378],[-80.2466,42.36548],[-79.76301,42.5377],[-79.76301,42.52937],[-79.76301,42.50437],[-79.76301,42.50437],[-79.76301,42.47044],[-79.76301,42.47044],[-79.76301,42.43648],[-79.76301,42.43648],[-79.76301,42.40252],[-79.76301,42.40252],[-79.76301,42.36861],[-79.76301,42.36861],[-79.76301,42.33465],[-79.76301,42.33465],[-79.76301,42.30074],[-79.76301,42.30074],[-79.76301,42.26678],[-79.76301,42.26678],[-79.76301,42.23763],[-79.76301,42.23763],[-79.76301,42.20852],[-79.76301,42.20852],[-79.76301,42.1794],[-79.76299,42.16484],[-79.76298,42.15027],[-79.76293,42.12115],[-79.76293,42.092],[-79.76293,42.092],[-79.76293,42.06285],[-79.76293,42.06285],[-79.76293,42.03374],[-79.76291,41.99986],[-79.72656,41.99986],[-79.5905,41.99983],[-79.52245,41.9998],[-79.31843,41.99969],[-79.14838,41.9996],[-79.04636,41.99954],[-78.97835,41.99949],[-78.91035,41.99944],[-78.84232,41.99941],[-78.77429,41.99937],[-78.67226,41.99931],[-78.63825,41.9993],[-78.60425,41.99928],[-78.50224,41.99922],[-78.43421,41.99919],[-78.23012,41.99908],[-78.16213,41.99903],[-78.09413,41.99898],[-77.89006,41.99887],[-77.82204,41.99883],[-77.77104,41.9988],[-77.68603,41.99876],[-77.60102,41.99871],[-77.55002,41.99869],[-77.49899,41.99864],[-77.41393,41.99856],[-77.27795,41.99851],[-77.20991,41.99847],[-77.14186,41.99842],[-77.07385,41.99839],[-77.00583,41.99837],[-76.86984,41.99827],[-76.73378,41.99822],[-76.66573,41.99816],[-76.59772,41.9981],[-76.39371,41.998],[-75.98559,41.99778],[-75.91755,41.99776],[-75.84953,41.9977],[-75.50947,41.99749],[-75.44146,41.99748],[-75.37346,41.99747],[-75.35129,41.99739],[-75.33898,41.99739],[-75.33945,41.98399],[-75.3155,41.97019],[-75.30472,41.96637],[-75.2842,41.95909],[-75.26821,41.95071],[-75.26306,41.948],[-75.26306,41.948],[-75.26,41.93851],[-75.25715,41.92964],[-75.25602,41.91711],[-75.24914,41.8824],[-75.23264,41.8729],[-75.17741,41.87972],[-75.16472,41.87657],[-75.15374,41.8695],[-75.14277,41.86243],[-75.12918,41.8587],[-75.11559,41.85496],[-75.10483,41.8409],[-75.10124,41.83621],[-75.09886,41.83514],[-75.09174,41.83194],[-75.08535,41.83001],[-75.07895,41.82808],[-75.07895,41.82808],[-75.08101,41.82344],[-75.08307,41.8188],[-75.09455,41.808],[-75.10602,41.7972],[-75.10602,41.7972],[-75.08537,41.78872],[-75.06789,41.78401],[-75.06188,41.77946],[-75.05588,41.77491],[-75.05141,41.7531],[-75.05451,41.74366],[-75.06813,41.73516],[-75.07126,41.72581],[-75.07126,41.72581],[-75.05761,41.68794],[-75.05771,41.66729],[-75.06393,41.6157],[-75.061,41.60538],[-75.04836,41.59595],[-74.98923,41.50392],[-74.98434,41.4983],[-74.97579,41.49261],[-74.92263,41.47862],[-74.91022,41.46924],[-74.90532,41.46363],[-74.90041,41.45801],[-74.8863,41.44834],[-74.87419,41.44642],[-74.81318,41.44688],[-74.8035,41.44233],[-74.79382,41.43777],[-74.78735,41.43335],[-74.78088,41.42893],[-74.74914,41.43467],[-74.74162,41.4314],[-74.70446,41.37613],[-74.69899,41.35625],[-74.69855,41.35452],[-74.69855,41.35452],[-74.70848,41.34961],[-74.7184,41.34471],[-74.72952,41.34419],[-74.74064,41.34368],[-74.74577,41.34223],[-74.76437,41.33167],[-74.76972,41.33121],[-74.77507,41.33074],[-74.78015,41.32793],[-74.78322,41.32383],[-74.78964,41.3126],[-74.79069,41.31119],[-74.81094,41.29686],[-74.8447,41.27298],[-74.85214,41.25965],[-74.86257,41.22481],[-74.8863,41.18084],[-74.90564,41.16101],[-74.9382,41.12762],[-74.9458,41.12278],[-74.95114,41.11939],[-74.95817,41.11739],[-74.96872,41.11253],[-74.97353,41.10966],[-74.97834,41.10679],[-74.9799,41.105],[-74.98249,41.10201],[-74.98249,41.10201],[-74.98205,41.0897],[-75.027,41.04681],[-75.05886,41.03248],[-75.06784,41.03062],[-75.0741,41.02859],[-75.08268,41.02581],[-75.10644,41.01375],[-75.12883,40.99805],[-75.13954,40.98221],[-75.1373,40.9752],[-75.13431,40.97122],[-75.13132,40.96724],[-75.12702,40.96269],[-75.1197,40.95491],[-75.11882,40.95093],[-75.11989,40.94644],[-75.11999,40.94278],[-75.11628,40.94124],[-75.11326,40.94113],[-75.11025,40.94102],[-75.1038,40.93925],[-75.10024,40.93663],[-75.09494,40.92647],[-75.09128,40.92227],[-75.08347,40.91547],[-75.07565,40.90867],[-75.06122,40.89151],[-75.05761,40.87234],[-75.06265,40.86374],[-75.06769,40.85513],[-75.08589,40.84412],[-75.09343,40.83809],[-75.10202,40.80481],[-75.10544,40.79563],[-75.11368,40.79065],[-75.16066,40.79043],[-75.18632,40.76051],[-75.18874,40.75855],[-75.18874,40.75855],[-75.18745,40.7503],[-75.18354,40.74317],[-75.18049,40.74263],[-75.18732,40.72831],[-75.19416,40.71399],[-75.19816,40.70054],[-75.19479,40.68802],[-75.19086,40.67793],[-75.19396,40.67049],[-75.19408,40.66913],[-75.19479,40.66067],[-75.19106,40.62906],[-75.19399,40.62286],[-75.19575,40.61914],[-75.19575,40.61914],[-75.19481,40.61392],[-75.19387,40.6087],[-75.18972,40.59817],[-75.18596,40.58428],[-75.1822,40.57039],[-75.17745,40.56884],[-75.13954,40.57071],[-75.11417,40.56452],[-75.08879,40.55833],[-75.07165,40.53186],[-75.06804,40.49294],[-75.05432,40.43538],[-75.02102,40.40724],[-75.01369,40.40332],[-74.99411,40.40895],[-74.97453,40.41458],[-74.96149,40.39759],[-74.94775,40.35904],[-74.9293,40.34647],[-74.8955,40.32344],[-74.8863,40.31402],[-74.88307,40.30811],[-74.84924,40.27129],[-74.81804,40.24173],[-74.76472,40.20628],[-74.73937,40.18487],[-74.734,40.17405],[-74.72863,40.16324],[-74.72863,40.16324],[-74.73327,40.15591],[-74.76994,40.12984],[-74.81523,40.12027],[-74.83776,40.11492],[-74.85318,40.10428],[-74.87263,40.09087],[-74.89994,40.08293],[-74.92043,40.07786],[-74.92809,40.07406],[-74.93576,40.07027],[-74.97507,40.03628],[-75.02359,40.0163],[-75.1197,39.97419],[-75.13874,39.93358],[-75.13341,39.91267],[-75.14778,39.90257],[-75.24869,39.86725],[-75.29735,39.87173],[-75.37645,39.84504],[-75.42446,39.80661],[-75.42521,39.80708],[-75.43146,39.81099],[-75.44641,39.81673],[-75.46987,39.82535],[-75.49489,39.83316],[-75.52932,39.83785],[-75.57311,39.83863],[-75.60126,39.83785],[-75.63022,39.83081],[-75.65212,39.82535],[-75.67795,39.81517],[-75.70222,39.80179],[-75.73112,39.7823],[-75.75851,39.75181],[-75.77529,39.72259],[-75.777,39.72105],[-75.78469,39.72132],[-75.78864,39.72132],[-75.90012,39.72134],[-76.36166,39.72134],[-76.4963,39.7214],[-77.05405,39.72144],[-77.28488,39.72151],[-77.74645,39.72151],[-77.97726,39.72161],[-78.43884,39.72161]]]}},{"type":"Feature","properties":{"name":"Delaware","label":{"no":"Delaware","en":"Delaware"},"short":{"no":"Del.","en":"Del."},"side":"patriot","neighbours":["Maryland","Pennsylvania"],"modern":["Delaware"],"labelAt":[38.6,-74.05]},"geometry":{"type":"Polygon","coordinates":[[[-75.47465,38.45372],[-75.52513,38.45491],[-75.63029,38.45732],[-75.65407,38.45846],[-75.6937,38.46035],[-75.69823,38.50158],[-75.70937,38.65961],[-75.71215,38.6979],[-75.71509,38.73442],[-75.71803,38.77094],[-75.72391,38.84148],[-75.72758,38.88679],[-75.72978,38.91397],[-75.73162,38.94226],[-75.73468,38.98941],[-75.74416,39.09852],[-75.74717,39.1354],[-75.74957,39.16419],[-75.75957,39.2816],[-75.76396,39.35489],[-75.76819,39.39808],[-75.77072,39.42399],[-75.77155,39.43371],[-75.7772,39.50009],[-75.78152,39.57402],[-75.78502,39.61072],[-75.78864,39.72132],[-75.78469,39.72132],[-75.777,39.72105],[-75.77529,39.72259],[-75.75851,39.75181],[-75.73112,39.7823],[-75.70222,39.80179],[-75.67795,39.81517],[-75.65212,39.82535],[-75.63022,39.83081],[-75.60126,39.83785],[-75.57311,39.83863],[-75.52932,39.83785],[-75.49489,39.83316],[-75.46987,39.82535],[-75.44641,39.81673],[-75.43146,39.81099],[-75.42521,39.80708],[-75.42446,39.80661],[-75.47671,39.77212],[-75.48766,39.73168],[-75.54577,39.67023],[-75.59215,39.64924],[-75.60269,39.6079],[-75.5655,39.57685],[-75.5546,39.54116],[-75.58794,39.46277],[-75.48851,39.34732],[-75.43441,39.31487],[-75.4077,39.27025],[-75.39415,39.2246],[-75.40612,39.152],[-75.4014,39.07829],[-75.39379,39.05555],[-75.34258,39.02021],[-75.31485,38.98408],[-75.31033,38.92782],[-75.16633,38.79438],[-75.13041,38.78277],[-75.09993,38.78805],[-75.09247,38.80759],[-75.08434,38.79597],[-75.06481,38.63261],[-75.08641,38.69334],[-75.13919,38.68805],[-75.11978,38.65888],[-75.15331,38.65888],[-75.0987,38.63841],[-75.12141,38.62132],[-75.19005,38.60668],[-75.20792,38.59003],[-75.18741,38.59003],[-75.20792,38.56953],[-75.12605,38.59003],[-75.09557,38.56639],[-75.06009,38.61254],[-75.04398,38.4538],[-75.05773,38.45344],[-75.0758,38.461],[-75.08389,38.4536],[-75.09634,38.45356],[-75.10878,38.45352],[-75.13588,38.4534],[-75.16298,38.45328],[-75.24091,38.45337],[-75.47465,38.45372]]]}},{"type":"Feature","properties":{"name":"Maryland","label":{"no":"Maryland","en":"Maryland"},"short":{"no":"Md.","en":"Md."},"side":"patriot","neighbours":["Delaware","Pennsylvania","Virginia"],"modern":["Maryland"],"labelAt":[39.15,-77.25]},"geometry":{"type":"MultiPolygon","coordinates":[[[[-79.48578,39.20691],[-79.48793,39.20987],[-79.48268,39.46581],[-79.47744,39.72176],[-79.36205,39.72176],[-79.13127,39.72166],[-78.6697,39.72166],[-78.61197,39.72165],[-78.43884,39.72161],[-77.97726,39.72161],[-77.74645,39.72151],[-77.28488,39.72151],[-77.05405,39.72144],[-76.4963,39.7214],[-76.36166,39.72134],[-75.90012,39.72134],[-75.78864,39.72132],[-75.78502,39.61072],[-75.78152,39.57402],[-75.7772,39.50009],[-75.77155,39.43371],[-75.77072,39.42399],[-75.76819,39.39808],[-75.76396,39.35489],[-75.75957,39.2816],[-75.74957,39.16419],[-75.74717,39.1354],[-75.74416,39.09852],[-75.73468,38.98941],[-75.73162,38.94226],[-75.72978,38.91397],[-75.72758,38.88679],[-75.72391,38.84148],[-75.71803,38.77094],[-75.71509,38.73442],[-75.71215,38.6979],[-75.70937,38.65961],[-75.69823,38.50158],[-75.6937,38.46035],[-75.65407,38.45846],[-75.63029,38.45732],[-75.52513,38.45491],[-75.47465,38.45372],[-75.24091,38.45337],[-75.16298,38.45328],[-75.13588,38.4534],[-75.10878,38.45352],[-75.09634,38.45356],[-75.08389,38.4536],[-75.08292,38.44746],[-75.08988,38.4322],[-75.1182,38.43748],[-75.09798,38.40791],[-75.10405,38.39524],[-75.16537,38.41688],[-75.17951,38.40842],[-75.13234,38.39418],[-75.12605,38.37153],[-75.13964,38.36408],[-75.10074,38.36213],[-75.09244,38.35102],[-75.15429,38.24091],[-75.1975,38.23257],[-75.18741,38.26166],[-75.23306,38.23896],[-75.29044,38.11083],[-75.32527,38.11701],[-75.35603,38.09032],[-75.37738,38.0152],[-75.61635,37.99578],[-75.64786,37.96572],[-75.78628,37.9759],[-75.85802,37.93114],[-75.87336,37.96003],[-75.84537,37.99409],[-75.87336,37.98045],[-75.88634,37.98794],[-75.84642,38.03962],[-75.81188,38.04597],[-75.74299,38.11083],[-75.7945,38.09032],[-75.85285,38.09032],[-75.82388,38.11555],[-75.82486,38.13129],[-75.77648,38.14496],[-75.79402,38.15888],[-75.89346,38.15607],[-75.9143,38.1518],[-75.92276,38.12788],[-75.9405,38.1354],[-75.92846,38.19355],[-75.81867,38.23371],[-75.87873,38.24287],[-75.90665,38.27098],[-75.84325,38.40436],[-75.86315,38.40176],[-75.87336,38.37153],[-75.9313,38.31688],[-75.96272,38.24799],[-75.96825,38.28213],[-75.99621,38.31318],[-75.96239,38.33584],[-75.95531,38.35102],[-75.96483,38.37348],[-75.99047,38.36205],[-76.03718,38.30948],[-76.01928,38.29442],[-76.01732,38.26781],[-76.03791,38.23249],[-76.08121,38.28408],[-76.1175,38.29829],[-76.20971,38.39204],[-76.22086,38.38361],[-76.20653,38.33857],[-76.21593,38.31688],[-76.2211,38.3439],[-76.31896,38.47394],[-76.31981,38.49502],[-76.28637,38.50015],[-76.26374,38.46552],[-76.24234,38.52119],[-76.18179,38.54279],[-76.18725,38.55329],[-76.17199,38.56623],[-76.19884,38.58381],[-76.23021,38.55952],[-76.28604,38.56281],[-76.25626,38.5974],[-76.27741,38.62474],[-76.21593,38.61791],[-76.16128,38.63101],[-76.18179,38.61791],[-76.16128,38.60423],[-76.14265,38.60749],[-76.11497,38.58798],[-76.09235,38.59363],[-76.05359,38.56804],[-76.01167,38.56566],[-75.9702,38.60659],[-75.95531,38.65266],[-75.96825,38.65888],[-75.99993,38.6026],[-76.02424,38.59285],[-76.10503,38.62491],[-76.0924,38.65888],[-76.135,38.64594],[-76.15445,38.65266],[-76.10607,38.68622],[-76.16613,38.68146],[-76.17496,38.69367],[-76.16812,38.72773],[-76.19865,38.67506],[-76.23647,38.71515],[-76.22782,38.73573],[-76.20184,38.73231],[-76.23385,38.75745],[-76.2544,38.74924],[-76.27366,38.71453],[-76.29194,38.72131],[-76.28804,38.77553],[-76.30983,38.76124],[-76.31059,38.73533],[-76.32652,38.71824],[-76.32582,38.67753],[-76.34129,38.67317],[-76.34032,38.72842],[-76.30468,38.82274],[-76.25317,38.855],[-76.25956,38.83922],[-76.21243,38.80764],[-76.2121,38.78824],[-76.17311,38.75661],[-76.13146,38.77289],[-76.10904,38.80073],[-76.1129,38.81656],[-76.14684,38.79035],[-76.17697,38.78555],[-76.19438,38.81392],[-76.18817,38.84669],[-76.10607,38.878],[-76.15445,38.89533],[-76.14835,38.92495],[-76.16128,38.92642],[-76.17178,38.89692],[-76.19788,38.87846],[-76.19691,38.93565],[-76.24718,38.95116],[-76.27375,38.92788],[-76.32885,38.91649],[-76.32836,38.86516],[-76.37475,38.84157],[-76.35629,38.94864],[-76.3153,39.02936],[-76.29503,39.02766],[-76.28514,38.98943],[-76.24439,38.9789],[-76.21621,38.97432],[-76.16788,38.99632],[-76.14704,39.02949],[-76.16812,39.05671],[-76.13341,39.06293],[-76.14086,39.06977],[-76.06509,39.14614],[-76.13052,39.11782],[-76.15445,39.12442],[-76.14086,39.13866],[-76.17512,39.12409],[-76.21246,39.05179],[-76.20421,39.01453],[-76.24262,39.03326],[-76.23111,39.05828],[-76.23572,39.09821],[-76.27263,39.16799],[-76.21281,39.26197],[-76.18057,39.28807],[-76.17496,39.31623],[-76.13341,39.33047],[-76.11661,39.36465],[-75.86009,39.36178],[-75.83918,39.37149],[-76.0066,39.38055],[-76.03426,39.39288],[-75.93472,39.47451],[-75.83918,39.46076],[-75.89379,39.50861],[-75.85131,39.5384],[-75.8317,39.58438],[-75.85603,39.57738],[-75.90493,39.52153],[-76.00071,39.45279],[-75.99966,39.4855],[-75.95466,39.54808],[-75.93472,39.60419],[-76.00835,39.54869],[-76.083,39.55781],[-76.12035,39.49494],[-76.06509,39.47077],[-76.06753,39.45783],[-76.12243,39.41104],[-76.20971,39.36465],[-76.2296,39.39753],[-76.21581,39.4676],[-76.23249,39.47451],[-76.25316,39.45401],[-76.26684,39.37885],[-76.24665,39.34414],[-76.28417,39.31061],[-76.31151,39.40278],[-76.40148,39.39252],[-76.33666,39.36921],[-76.33263,39.35098],[-76.37361,39.33047],[-76.36913,39.31318],[-76.43082,39.3181],[-76.39049,39.27155],[-76.40148,39.25601],[-76.44249,39.29694],[-76.48347,39.31061],[-76.44774,39.25674],[-76.42154,39.23835],[-76.39687,39.23798],[-76.44918,39.19496],[-76.44524,39.2179],[-76.49732,39.20856],[-76.49247,39.22746],[-76.57082,39.27364],[-76.6232,39.25971],[-76.57028,39.24469],[-76.56359,39.21582],[-76.53652,39.21144],[-76.51756,39.17666],[-76.49379,39.16147],[-76.48,39.16702],[-76.43328,39.13122],[-76.41951,39.08962],[-76.43299,39.06722],[-76.45592,39.09073],[-76.49743,39.07857],[-76.51928,39.08571],[-76.51648,39.07564],[-76.3942,39.02456],[-76.39855,39.01439],[-76.44595,39.00519],[-76.45557,38.98873],[-76.51194,39.02196],[-76.55167,39.07722],[-76.56916,39.06639],[-76.57119,39.03864],[-76.54329,39.03158],[-76.48616,38.98653],[-76.45243,38.94386],[-76.46519,38.93294],[-76.45961,38.91214],[-76.50144,38.92712],[-76.52529,38.95106],[-76.56861,38.95254],[-76.4931,38.89895],[-76.4962,38.88006],[-76.53746,38.89167],[-76.52368,38.8703],[-76.53899,38.85664],[-76.53172,38.83923],[-76.49292,38.84442],[-76.49429,38.82555],[-76.55167,38.77558],[-76.55028,38.75511],[-76.52153,38.72489],[-76.52953,38.67576],[-76.50915,38.62814],[-76.51198,38.52773],[-76.4955,38.49602],[-76.3819,38.38457],[-76.39276,38.35357],[-76.41936,38.32171],[-76.45356,38.32405],[-76.4713,38.3355],[-76.46915,38.36408],[-76.48347,38.39204],[-76.54284,38.40961],[-76.63647,38.47416],[-76.68147,38.67939],[-76.67364,38.48606],[-76.65705,38.45049],[-76.61974,38.42333],[-76.51073,38.36782],[-76.4938,38.32982],[-76.45063,38.29314],[-76.40636,38.30829],[-76.37338,38.29889],[-76.39646,38.26708],[-76.3933,38.246],[-76.32051,38.13878],[-76.3403,38.12073],[-76.3239,38.04384],[-76.41526,38.1083],[-76.43409,38.13214],[-76.43358,38.19033],[-76.45613,38.20702],[-76.44872,38.17597],[-76.46886,38.13911],[-76.5039,38.166],[-76.51716,38.13178],[-76.56297,38.19861],[-76.61674,38.22331],[-76.69736,38.238],[-76.75472,38.2276],[-76.80421,38.25362],[-76.82763,38.36286],[-76.88069,38.39887],[-76.8461,38.33088],[-76.83922,38.25722],[-76.92217,38.29159],[-76.92364,38.31488],[-76.97338,38.34426],[-77.03156,38.48139],[-77.06013,38.42853],[-77.09464,38.40872],[-77.10522,38.41128],[-77.09976,38.46088],[-77.10725,38.46772],[-77.13394,38.45344],[-77.11343,38.43293],[-77.13394,38.39887],[-77.20365,38.3643],[-77.25526,38.39352],[-77.26704,38.49408],[-77.22753,38.55687],[-77.18637,38.55682],[-77.16808,38.57697],[-77.20593,38.56606],[-77.18444,38.60497],[-77.12645,38.61791],[-77.08869,38.6892],[-77.01247,38.69736],[-77.03468,38.70826],[-77.02473,38.74079],[-77.01116,38.74382],[-77.02806,38.76531],[-77.02293,38.80277],[-76.90931,38.89298],[-77.04195,38.99614],[-77.11978,38.93406],[-77.13241,38.9506],[-77.14654,38.96473],[-77.17204,38.96958],[-77.20544,38.97896],[-77.2197,38.98111],[-77.23347,38.98663],[-77.2402,38.99978],[-77.24431,39.01575],[-77.25041,39.0295],[-77.27226,39.04776],[-77.30156,39.06031],[-77.33351,39.06753],[-77.42158,39.07425],[-77.44511,39.0846],[-77.48083,39.11307],[-77.49577,39.12393],[-77.509,39.13721],[-77.51481,39.15259],[-77.50739,39.16949],[-77.47441,39.19244],[-77.45954,39.20769],[-77.45588,39.22815],[-77.46674,39.24375],[-77.48666,39.25057],[-77.50925,39.25559],[-77.52819,39.26573],[-77.54743,39.29109],[-77.55837,39.299],[-77.60361,39.30762],[-77.64592,39.32095],[-77.66442,39.32376],[-77.71528,39.32391],[-77.73469,39.33106],[-77.73469,39.33106],[-77.73469,39.33106],[-77.73537,39.3313],[-77.73605,39.33155],[-77.74934,39.34851],[-77.75131,39.35103],[-77.75148,39.36902],[-77.74382,39.38772],[-77.73893,39.40613],[-77.7476,39.42305],[-77.77054,39.43074],[-77.79348,39.43843],[-77.79986,39.44329],[-77.80624,39.44815],[-77.78483,39.46089],[-77.78483,39.46089],[-77.78483,39.46089],[-77.78784,39.46708],[-77.79084,39.47327],[-77.79089,39.47873],[-77.79094,39.48418],[-77.78442,39.49197],[-77.77057,39.49505],[-77.77057,39.50188],[-77.78911,39.50088],[-77.80593,39.49678],[-77.82065,39.49693],[-77.83325,39.5087],[-77.83325,39.5087],[-77.83274,39.51272],[-77.83244,39.51514],[-77.83022,39.51731],[-77.82651,39.52093],[-77.82297,39.52837],[-77.82297,39.52837],[-77.82953,39.5397],[-77.83857,39.54268],[-77.84139,39.54018],[-77.84609,39.53601],[-77.84937,39.52919],[-77.85134,39.5251],[-77.85253,39.52032],[-77.85993,39.51553],[-77.87441,39.55298],[-77.88044,39.56394],[-77.86498,39.5671],[-77.85571,39.569],[-77.83745,39.58111],[-77.83486,39.5888],[-77.83227,39.59649],[-77.83227,39.59649],[-77.83227,39.59649],[-77.83958,39.60412],[-77.84689,39.61175],[-77.85061,39.613],[-77.85681,39.61509],[-77.87053,39.61717],[-77.87658,39.61637],[-77.88264,39.61558],[-77.88526,39.6118],[-77.88788,39.60801],[-77.89069,39.60629],[-77.8935,39.60457],[-77.92136,39.6107],[-77.92681,39.60935],[-77.93227,39.60801],[-77.9477,39.60083],[-77.99179,39.60796],[-78.08693,39.67825],[-78.13298,39.70135],[-78.18444,39.70425],[-78.19599,39.70142],[-78.20067,39.69967],[-78.20534,39.69793],[-78.20941,39.69561],[-78.21347,39.69329],[-78.22833,39.67936],[-78.24318,39.66543],[-78.2593,39.65367],[-78.28002,39.63536],[-78.34028,39.64183],[-78.36017,39.63819],[-78.39075,39.62774],[-78.39536,39.6273],[-78.40513,39.62862],[-78.41491,39.62994],[-78.42368,39.6293],[-78.43381,39.6242],[-78.43381,39.6242],[-78.41214,39.60057],[-78.40622,39.59412],[-78.40622,39.59412],[-78.41896,39.59019],[-78.42627,39.59012],[-78.43845,39.58999],[-78.44861,39.58769],[-78.45471,39.58631],[-78.45592,39.58101],[-78.45795,39.57217],[-78.45795,39.57217],[-78.43803,39.5669],[-78.43315,39.56172],[-78.43784,39.55159],[-78.4534,39.54259],[-78.46896,39.5336],[-78.54074,39.54136],[-78.55934,39.53677],[-78.57487,39.53294],[-78.57487,39.53294],[-78.57495,39.53281],[-78.65876,39.53992],[-78.70057,39.55706],[-78.70881,39.5615],[-78.727,39.56846],[-78.75075,39.57876],[-78.75768,39.59046],[-78.75755,39.59247],[-78.75742,39.59449],[-78.75667,39.59635],[-78.75593,39.59822],[-78.75436,39.60083],[-78.75202,39.6031],[-78.73774,39.61065],[-78.73967,39.61421],[-78.75725,39.6256],[-78.76999,39.63706],[-78.77473,39.63785],[-78.77617,39.63745],[-78.77858,39.6368],[-78.78034,39.63477],[-78.78139,39.63355],[-78.7827,39.63171],[-78.784,39.62986],[-78.7881,39.62183],[-78.7935,39.61348],[-78.80815,39.59622],[-78.81122,39.59163],[-78.81367,39.58638],[-78.81432,39.58121],[-78.81325,39.57696],[-78.80905,39.57122],[-78.80854,39.56983],[-78.80803,39.56844],[-78.81115,39.56587],[-78.81433,39.56487],[-78.81696,39.56404],[-78.83444,39.56109],[-78.83753,39.5602],[-78.83962,39.5596],[-78.84246,39.55829],[-78.84443,39.55738],[-78.84819,39.55484],[-78.84948,39.55378],[-78.85554,39.54815],[-78.86462,39.53606],[-78.93752,39.47408],[-78.94925,39.46013],[-78.95207,39.45769],[-78.95541,39.45562],[-78.95778,39.45415],[-78.9634,39.45221],[-78.96901,39.45027],[-78.97751,39.44988],[-78.98111,39.45044],[-78.99572,39.45586],[-79.01457,39.46995],[-79.0308,39.47749],[-79.04787,39.48262],[-79.0571,39.48333],[-79.06467,39.48233],[-79.1027,39.46726],[-79.10734,39.46416],[-79.11132,39.45989],[-79.1144,39.45557],[-79.12073,39.44294],[-79.12707,39.4303],[-79.12949,39.42684],[-79.1309,39.42511],[-79.13989,39.41692],[-79.14942,39.41111],[-79.15895,39.4053],[-79.17014,39.39295],[-79.17228,39.39114],[-79.22614,39.3668],[-79.2403,39.3584],[-79.25446,39.35],[-79.26097,39.34468],[-79.26747,39.33936],[-79.27463,39.33074],[-79.28051,39.32013],[-79.2864,39.30953],[-79.2884,39.30752],[-79.2904,39.30552],[-79.29428,39.30414],[-79.29816,39.30276],[-79.31368,39.30072],[-79.33954,39.29732],[-79.34453,39.29607],[-79.34753,39.29532],[-79.40341,39.25623],[-79.4593,39.21714],[-79.47943,39.20769],[-79.4819,39.20674],[-79.48287,39.20679],[-79.48578,39.20691]]],[[[-76.00304,38.00096],[-76.03946,38.02114],[-76.01735,38.03869],[-75.98721,38.0188],[-75.98129,37.99284],[-75.99565,37.94515],[-76.02136,37.96114],[-76.02637,37.91352],[-76.02745,37.95079],[-76.04361,37.94919],[-76.05142,37.99409],[-76.00304,38.00096]]],[[[-75.26303,38.02264],[-75.25447,38.03091],[-75.19982,38.10383],[-75.17931,38.1682],[-75.09244,38.30264],[-75.18969,38.08978],[-75.24334,38.02469],[-75.26303,38.02264]]],[[[-76.02594,38.15342],[-76.06276,38.15891],[-76.08361,38.16067],[-76.07901,38.18284],[-76.04861,38.20041],[-76.02382,38.17846],[-76.02594,38.15342]]],[[[-75.05773,38.45344],[-75.04398,38.4538],[-75.05114,38.38776],[-75.07877,38.33674],[-75.05923,38.4228],[-75.05773,38.45344]]]]}},{"type":"Feature","properties":{"name":"Virginia","label":{"no":"Virginia","en":"Virginia"},"short":{"no":"Virg.","en":"Virg."},"side":"patriot","neighbours":["Maryland","North Carolina","Pennsylvania"],"modern":["Virginia","West Virginia","Kentucky"],"note":{"no":"Strakte seg vest til Kentucky","en":"Reached west to Kentucky"},"labelAt":[37.8,-78.2]},"geometry":{"type":"MultiPolygon","coordinates":[[[[-89.55988,36.50015],[-89.57795,36.52134],[-89.5697,36.55638],[-89.53693,36.56788],[-89.50268,36.5544],[-89.48981,36.51448],[-89.49438,36.50142],[-89.55988,36.50015]]],[[[-83.77868,36.58716],[-83.79754,36.58768],[-83.80886,36.58799],[-83.85146,36.58919],[-83.89406,36.59038],[-83.9609,36.59228],[-84.02648,36.59414],[-84.11077,36.5965],[-84.19826,36.59895],[-84.40148,36.60464],[-84.51492,36.60782],[-84.62836,36.61099],[-84.74965,36.61441],[-84.87094,36.61783],[-85.12136,36.62486],[-85.42651,36.61866],[-86.14191,36.63842],[-86.21701,36.64236],[-86.28024,36.64731],[-86.46403,36.66258],[-86.49122,36.66336],[-86.51611,36.66324],[-86.53514,36.65989],[-86.55217,36.65689],[-86.60546,36.65633],[-86.60881,36.6563],[-86.61832,36.65621],[-86.64684,36.65594],[-86.67636,36.65563],[-86.70588,36.65533],[-86.74418,36.65497],[-86.78249,36.65462],[-86.82776,36.65418],[-86.87304,36.65374],[-86.9236,36.65321],[-86.97416,36.65269],[-87.15211,36.65094],[-87.19396,36.65054],[-87.30563,36.64942],[-87.35971,36.64888],[-87.41379,36.64834],[-87.51491,36.64732],[-87.60549,36.64646],[-87.78583,36.64468],[-87.79255,36.64463],[-87.81291,36.64443],[-87.83911,36.64292],[-87.84177,36.64495],[-87.84443,36.64698],[-87.84648,36.64982],[-87.84853,36.65267],[-87.85218,36.65953],[-87.85583,36.66639],[-87.85827,36.66911],[-87.86071,36.67183],[-87.86867,36.67403],[-88.01313,36.68545],[-88.06711,36.6897],[-88.07206,36.68938],[-88.07288,36.68863],[-88.05351,36.62579],[-88.04028,36.5741],[-88.03869,36.55823],[-88.04274,36.49864],[-88.21545,36.49871],[-88.3882,36.49876],[-88.56091,36.49876],[-88.73359,36.49881],[-88.90629,36.49886],[-89.07902,36.49891],[-89.25173,36.49893],[-89.42446,36.49895],[-89.37014,36.63306],[-89.35883,36.63802],[-89.28454,36.57762],[-89.25331,36.56912],[-89.22631,36.58052],[-89.14062,36.73455],[-89.13454,36.78333],[-89.15339,36.83943],[-89.12543,36.87698],[-89.11889,36.96192],[-89.17626,37.03594],[-89.1787,37.06228],[-89.07829,37.18545],[-89.0019,37.2233],[-88.90698,37.22022],[-88.56108,37.07691],[-88.4843,37.07247],[-88.45446,37.09607],[-88.43342,37.13655],[-88.434,37.16853],[-88.50341,37.267],[-88.51245,37.30335],[-88.48862,37.3847],[-88.44826,37.41578],[-88.38254,37.41773],[-88.3071,37.44815],[-88.12307,37.47461],[-88.09099,37.49131],[-88.08298,37.51971],[-88.15656,37.62085],[-88.15666,37.6639],[-88.13234,37.69942],[-88.06032,37.75122],[-88.04528,37.80674],[-88.02248,37.80928],[-87.9508,37.78194],[-87.89958,37.82974],[-87.93371,37.90235],[-87.92653,37.92332],[-87.88766,37.92862],[-87.83801,37.88955],[-87.79716,37.87815],[-87.68674,37.90686],[-87.6718,37.88492],[-87.67985,37.83716],[-87.65705,37.8252],[-87.60139,37.85696],[-87.59111,37.88435],[-87.61843,37.95635],[-87.5986,37.97644],[-87.58569,37.96622],[-87.58366,37.9396],[-87.5489,37.91338],[-87.42663,37.94642],[-87.40519,37.94207],[-87.32302,37.89949],[-87.16489,37.8471],[-87.1529,37.81609],[-87.11813,37.78875],[-87.08671,37.80545],[-87.0195,37.91914],[-86.92961,37.9377],[-86.81882,37.99522],[-86.77285,37.92378],[-86.74221,37.90386],[-86.64387,37.90137],[-86.66296,37.86385],[-86.62443,37.85376],[-86.60358,37.86451],[-86.58967,37.91939],[-86.52324,37.93829],[-86.5186,38.04048],[-86.44374,38.06897],[-86.43974,38.09043],[-86.46323,38.11731],[-86.46179,38.13731],[-86.41613,38.11524],[-86.35036,38.1314],[-86.33278,38.14712],[-86.38171,38.16924],[-86.39391,38.18785],[-86.38286,38.19463],[-86.34352,38.18601],[-86.29172,38.15362],[-86.28444,38.08438],[-86.25939,38.05901],[-86.18373,38.02293],[-86.11076,38.01531],[-86.05134,37.96963],[-86.03198,37.994],[-85.95993,38.00787],[-85.93095,38.02896],[-85.91457,38.06363],[-85.9006,38.17994],[-85.82944,38.2772],[-85.80573,38.28902],[-85.75829,38.26976],[-85.66511,38.30953],[-85.64335,38.34356],[-85.6197,38.43191],[-85.58998,38.46097],[-85.52658,38.46866],[-85.41479,38.55342],[-85.41022,38.57207],[-85.43122,38.61111],[-85.45466,38.72642],[-85.25729,38.7409],[-85.18598,38.69373],[-85.14538,38.70071],[-84.93586,38.79241],[-84.8194,38.78931],[-84.8062,38.795],[-84.81979,38.82815],[-84.78395,38.89292],[-84.84921,38.9012],[-84.87746,38.91966],[-84.82282,38.9743],[-84.87062,39.0295],[-84.87309,39.06165],[-84.73005,39.14622],[-84.63723,39.0773],[-84.59474,39.07405],[-84.46594,39.11145],[-84.4082,39.05684],[-84.3069,39.0169],[-84.28332,38.94998],[-84.23788,38.9032],[-84.21757,38.82347],[-84.08398,38.77776],[-83.97248,38.78931],[-83.86586,38.76224],[-83.82167,38.7136],[-83.71428,38.63853],[-83.6507,38.63604],[-83.6162,38.68287],[-83.5343,38.7074],[-83.49147,38.69908],[-83.44682,38.67205],[-83.3687,38.65977],[-83.30507,38.60144],[-83.24182,38.62327],[-83.15153,38.61895],[-83.10974,38.66643],[-83.03098,38.71587],[-82.89821,38.75162],[-82.88632,38.74483],[-82.85588,38.62483],[-82.82663,38.58648],[-82.69821,38.53545],[-82.62621,38.47774],[-82.58898,38.41875],[-82.55266,38.40552],[-82.509,38.40913],[-82.33168,38.44361],[-82.30952,38.47869],[-82.27712,38.58829],[-82.2631,38.59754],[-82.19274,38.59532],[-82.17746,38.6118],[-82.19247,38.66548],[-82.18754,38.71531],[-82.21159,38.76265],[-82.20871,38.78599],[-82.17277,38.80828],[-82.1207,38.92998],[-82.05837,39.00323],[-82.00297,39.02171],[-81.93745,38.99058],[-81.90309,38.92962],[-81.92763,38.89275],[-81.90168,38.87425],[-81.86057,38.89927],[-81.82429,38.95442],[-81.78364,38.93272],[-81.76398,38.93724],[-81.78019,38.98111],[-81.77709,39.03497],[-81.81052,39.05694],[-81.81848,39.07976],[-81.75456,39.10528],[-81.7537,39.17767],[-81.69807,39.23709],[-81.68244,39.271],[-81.61574,39.28277],[-81.58098,39.27532],[-81.55427,39.34422],[-81.46315,39.40655],[-81.42053,39.40628],[-81.3687,39.35103],[-81.22695,39.39847],[-81.16559,39.44229],[-81.12578,39.45369],[-81.05534,39.53003],[-80.87524,39.62879],[-80.86159,39.68682],[-80.83566,39.72037],[-80.87101,39.77122],[-80.84111,39.79048],[-80.82175,39.84239],[-80.79675,39.86868],[-80.80204,39.925],[-80.778,39.91829],[-80.75869,39.9294],[-80.76537,39.95374],[-80.7413,39.99678],[-80.73535,40.08001],[-80.65676,40.25538],[-80.61457,40.28643],[-80.60056,40.32334],[-80.60837,40.37952],[-80.62888,40.38638],[-80.60512,40.48594],[-80.67685,40.5888],[-80.64828,40.61939],[-80.58044,40.61912],[-80.52023,40.64678],[-80.52023,40.6462],[-80.52023,40.64563],[-80.52023,40.64507],[-80.52023,40.64449],[-80.52023,40.6439],[-80.52023,40.64331],[-80.52023,40.64273],[-80.52023,40.64217],[-80.52018,40.56187],[-80.52009,40.48162],[-80.52001,40.40137],[-80.51994,40.3211],[-80.51987,40.24085],[-80.51979,40.16058],[-80.5197,40.08035],[-80.5197,40.0001],[-80.51962,39.93045],[-80.51955,39.86077],[-80.51948,39.79112],[-80.5194,39.72149],[-80.38913,39.72151],[-80.25891,39.72151],[-80.12868,39.72156],[-79.99841,39.72161],[-79.86818,39.72163],[-79.73796,39.72166],[-79.60766,39.72171],[-79.47744,39.72176],[-79.48268,39.46581],[-79.48793,39.20987],[-79.48578,39.20691],[-79.48287,39.20679],[-79.4819,39.20674],[-79.47943,39.20769],[-79.4593,39.21714],[-79.40341,39.25623],[-79.34753,39.29532],[-79.34453,39.29607],[-79.33954,39.29732],[-79.31368,39.30072],[-79.29816,39.30276],[-79.29428,39.30414],[-79.2904,39.30552],[-79.2884,39.30752],[-79.2864,39.30953],[-79.28051,39.32013],[-79.27463,39.33074],[-79.26747,39.33936],[-79.26097,39.34468],[-79.25446,39.35],[-79.2403,39.3584],[-79.22614,39.3668],[-79.17228,39.39114],[-79.17014,39.39295],[-79.15895,39.4053],[-79.14942,39.41111],[-79.13989,39.41692],[-79.1309,39.42511],[-79.12949,39.42684],[-79.12707,39.4303],[-79.12073,39.44294],[-79.1144,39.45557],[-79.11132,39.45989],[-79.10734,39.46416],[-79.1027,39.46726],[-79.06467,39.48233],[-79.0571,39.48333],[-79.04787,39.48262],[-79.0308,39.47749],[-79.01457,39.46995],[-78.99572,39.45586],[-78.98111,39.45044],[-78.97751,39.44988],[-78.96901,39.45027],[-78.9634,39.45221],[-78.95778,39.45415],[-78.95541,39.45562],[-78.95207,39.45769],[-78.94925,39.46013],[-78.93752,39.47408],[-78.86462,39.53606],[-78.85554,39.54815],[-78.84948,39.55378],[-78.84819,39.55484],[-78.84443,39.55738],[-78.84246,39.55829],[-78.83962,39.5596],[-78.83753,39.5602],[-78.83444,39.56109],[-78.81696,39.56404],[-78.81433,39.56487],[-78.81115,39.56587],[-78.80803,39.56844],[-78.80803,39.56844],[-78.80854,39.56983],[-78.80905,39.57122],[-78.81325,39.57696],[-78.81432,39.58121],[-78.81367,39.58638],[-78.81122,39.59163],[-78.80815,39.59622],[-78.7935,39.61348],[-78.7881,39.62183],[-78.784,39.62986],[-78.7827,39.63171],[-78.78139,39.63355],[-78.78034,39.63477],[-78.77858,39.6368],[-78.77617,39.63745],[-78.77473,39.63785],[-78.76999,39.63706],[-78.75725,39.6256],[-78.73967,39.61421],[-78.73774,39.61065],[-78.75202,39.6031],[-78.75436,39.60083],[-78.75593,39.59822],[-78.75667,39.59635],[-78.75742,39.59449],[-78.75755,39.59247],[-78.75768,39.59046],[-78.75075,39.57876],[-78.727,39.56846],[-78.70881,39.5615],[-78.70057,39.55706],[-78.65876,39.53992],[-78.57495,39.53281],[-78.57487,39.53294],[-78.55934,39.53677],[-78.54074,39.54136],[-78.46896,39.5336],[-78.4534,39.54259],[-78.43784,39.55159],[-78.43315,39.56172],[-78.43803,39.5669],[-78.45795,39.57217],[-78.45592,39.58101],[-78.45471,39.58631],[-78.44861,39.58769],[-78.43845,39.58999],[-78.42627,39.59012],[-78.41896,39.59019],[-78.40622,39.59412],[-78.40622,39.59412],[-78.41214,39.60057],[-78.43381,39.6242],[-78.43381,39.6242],[-78.42368,39.6293],[-78.41491,39.62994],[-78.40513,39.62862],[-78.39536,39.6273],[-78.39075,39.62774],[-78.36017,39.63819],[-78.34028,39.64183],[-78.28002,39.63536],[-78.2593,39.65367],[-78.24318,39.66543],[-78.22833,39.67936],[-78.21347,39.69329],[-78.20941,39.69561],[-78.20534,39.69793],[-78.20067,39.69967],[-78.19599,39.70142],[-78.18444,39.70425],[-78.13298,39.70135],[-78.08693,39.67825],[-77.99179,39.60796],[-77.9477,39.60083],[-77.93227,39.60801],[-77.92681,39.60935],[-77.92136,39.6107],[-77.8935,39.60457],[-77.89069,39.60629],[-77.88788,39.60801],[-77.88526,39.6118],[-77.88264,39.61558],[-77.87658,39.61637],[-77.87053,39.61717],[-77.85681,39.61509],[-77.85061,39.613],[-77.84689,39.61175],[-77.83958,39.60412],[-77.83227,39.59649],[-77.83227,39.59649],[-77.83486,39.5888],[-77.83745,39.58111],[-77.85571,39.569],[-77.86498,39.5671],[-77.88044,39.56394],[-77.87441,39.55298],[-77.85993,39.51553],[-77.85253,39.52032],[-77.85134,39.5251],[-77.84937,39.52919],[-77.84609,39.53601],[-77.84139,39.54018],[-77.83857,39.54268],[-77.82953,39.5397],[-77.82297,39.52837],[-77.82651,39.52093],[-77.83022,39.51731],[-77.83244,39.51514],[-77.83274,39.51272],[-77.83325,39.5087],[-77.83325,39.5087],[-77.82065,39.49693],[-77.80593,39.49678],[-77.78911,39.50088],[-77.77057,39.50188],[-77.77057,39.49505],[-77.78442,39.49197],[-77.79094,39.48418],[-77.79089,39.47873],[-77.79084,39.47327],[-77.78784,39.46708],[-77.78483,39.46089],[-77.78483,39.46089],[-77.80624,39.44815],[-77.80624,39.44815],[-77.79986,39.44329],[-77.79348,39.43843],[-77.77054,39.43074],[-77.7476,39.42305],[-77.73893,39.40613],[-77.74382,39.38772],[-77.75148,39.36902],[-77.75131,39.35103],[-77.75131,39.35103],[-77.75131,39.35103],[-77.74934,39.34851],[-77.73605,39.33155],[-77.73537,39.3313],[-77.73469,39.33106],[-77.73469,39.33106],[-77.73565,39.32919],[-77.73469,39.33106],[-77.71528,39.32391],[-77.66442,39.32376],[-77.64592,39.32095],[-77.60361,39.30762],[-77.55837,39.299],[-77.54743,39.29109],[-77.52819,39.26573],[-77.50925,39.25559],[-77.48666,39.25057],[-77.46674,39.24375],[-77.45588,39.22815],[-77.45954,39.20769],[-77.47441,39.19244],[-77.50739,39.16949],[-77.51481,39.15259],[-77.509,39.13721],[-77.49577,39.12393],[-77.48083,39.11307],[-77.44511,39.0846],[-77.42158,39.07425],[-77.33351,39.06753],[-77.30156,39.06031],[-77.27226,39.04776],[-77.25041,39.0295],[-77.24431,39.01575],[-77.2402,38.99978],[-77.23347,38.98663],[-77.2197,38.98111],[-77.20544,38.97896],[-77.17204,38.96958],[-77.14654,38.96473],[-77.13241,38.9506],[-77.11978,38.93406],[-77.09723,38.90821],[-77.06833,38.90194],[-77.03495,38.86097],[-77.03835,38.79628],[-77.05262,38.78366],[-77.04253,38.72891],[-77.04777,38.71572],[-77.11726,38.70624],[-77.13104,38.67719],[-77.16779,38.68896],[-77.13487,38.63628],[-77.18716,38.6208],[-77.20929,38.63106],[-77.19542,38.65575],[-77.20177,38.66503],[-77.22989,38.65668],[-77.24743,38.60928],[-77.27172,38.58381],[-77.25805,38.56953],[-77.28478,38.55646],[-77.32659,38.45093],[-77.31425,38.40613],[-77.35872,38.42926],[-77.29078,38.35378],[-77.34307,38.34869],[-77.24898,38.32988],[-77.16674,38.34789],[-77.13353,38.36713],[-77.08565,38.36841],[-77.04084,38.39591],[-77.01478,38.37233],[-77.01448,38.33051],[-77.05274,38.31684],[-77.00048,38.27731],[-76.96544,38.26724],[-76.95417,38.21017],[-76.88177,38.17703],[-76.75642,38.16096],[-76.73933,38.1367],[-76.68147,38.15925],[-76.64733,38.14496],[-76.61461,38.15038],[-76.60144,38.13254],[-76.60715,38.11296],[-76.53442,38.07517],[-76.52074,38.0528],[-76.53311,38.04267],[-76.53063,38.02513],[-76.46307,38.01492],[-76.45442,38.00617],[-76.46915,38.00096],[-76.24791,37.90347],[-76.23583,37.85961],[-76.25007,37.82282],[-76.31526,37.85761],[-76.32486,37.8487],[-76.29385,37.78067],[-76.30468,37.74775],[-76.32518,37.74433],[-76.28417,37.69929],[-76.32518,37.69929],[-76.31973,37.68549],[-76.33886,37.66889],[-76.31786,37.63719],[-76.30468,37.63788],[-76.32112,37.62401],[-76.40465,37.64468],[-76.43863,37.66291],[-76.4689,37.70864],[-76.48961,37.65835],[-76.50499,37.65693],[-76.53551,37.71552],[-76.62194,37.81391],[-76.65783,37.819],[-76.66153,37.84333],[-76.67414,37.83299],[-76.70092,37.8369],[-76.76953,37.9145],[-76.83226,37.94297],[-76.8503,37.98196],[-76.88007,37.99096],[-76.93497,38.0937],[-76.96264,38.11083],[-77.0172,38.11701],[-77.06257,38.166],[-77.12588,38.17601],[-77.13394,38.166],[-77.10945,38.14899],[-77.05549,38.14964],[-77.03156,38.10395],[-76.96056,38.08959],[-76.92589,38.05882],[-76.92261,37.98083],[-76.88024,37.96967],[-76.86592,37.94198],[-76.79529,37.89196],[-76.75268,37.82263],[-76.71624,37.7881],[-76.6752,37.78872],[-76.66866,37.7555],[-76.6134,37.73954],[-76.57999,37.69819],[-76.55198,37.62676],[-76.52222,37.61488],[-76.42821,37.62421],[-76.40429,37.59418],[-76.28417,37.56957],[-76.39297,37.54218],[-76.39338,37.53315],[-76.30126,37.49384],[-76.28981,37.5194],[-76.27006,37.51736],[-76.26391,37.4873],[-76.27741,37.4597],[-76.24454,37.44953],[-76.25764,37.33551],[-76.2807,37.32135],[-76.32164,37.3863],[-76.36612,37.38459],[-76.41515,37.44269],[-76.42821,37.41816],[-76.40148,37.39081],[-76.43318,37.39671],[-76.44758,37.37987],[-76.40148,37.33991],[-76.43505,37.32315],[-76.39403,37.32315],[-76.3719,37.28803],[-76.3785,37.27233],[-76.49603,37.24911],[-76.56163,37.32315],[-76.58202,37.33047],[-76.64249,37.409],[-76.6809,37.42748],[-76.72985,37.49445],[-76.78108,37.53547],[-76.79817,37.50438],[-76.76464,37.48701],[-76.72199,37.42723],[-76.69079,37.41108],[-76.60622,37.29579],[-76.46807,37.21397],[-76.38561,37.23249],[-76.37361,37.22016],[-76.37316,37.17597],[-76.35106,37.16421],[-76.34626,37.17548],[-76.29821,37.1446],[-76.29166,37.13011],[-76.33861,37.10171],[-76.27038,37.09764],[-76.27453,37.04804],[-76.29621,37.01358],[-76.42919,36.9763],[-76.45299,37.03018],[-76.52394,37.05767],[-76.54606,37.08941],[-76.56319,37.08576],[-76.61119,37.11944],[-76.61998,37.14444],[-76.61083,37.17255],[-76.63402,37.22069],[-76.65477,37.23383],[-76.72985,37.22016],[-76.74376,37.1975],[-76.76667,37.23013],[-76.85558,37.26244],[-76.86022,37.32315],[-76.87816,37.26899],[-76.93147,37.24527],[-76.98192,37.3124],[-77.00357,37.32315],[-77.05549,37.28718],[-77.09105,37.32783],[-77.14444,37.31635],[-77.22008,37.32852],[-77.2506,37.34984],[-77.27794,37.32933],[-77.27432,37.31635],[-77.17492,37.2884],[-77.08922,37.2884],[-77.06713,37.26651],[-77.0172,37.29523],[-76.99519,37.28807],[-76.97322,37.23998],[-76.89371,37.20649],[-76.80187,37.20649],[-76.76281,37.16426],[-76.71799,37.15001],[-76.68912,37.18863],[-76.66997,37.18501],[-76.65534,37.10512],[-76.67315,37.06714],[-76.65974,37.04331],[-76.5716,37.02774],[-76.58585,37.00788],[-76.5511,36.99665],[-76.49472,36.95399],[-76.47598,36.9079],[-76.5244,36.86323],[-76.43505,36.89802],[-76.38069,36.90062],[-76.33263,36.88373],[-76.32482,36.8605],[-76.29166,36.84955],[-76.31774,36.88353],[-76.30101,36.91161],[-76.32837,36.92929],[-76.33043,36.94979],[-76.31001,36.95961],[-76.2689,36.96142],[-76.07811,36.91161],[-76.03547,36.93485],[-76.00459,36.93236],[-75.8531,36.54903],[-75.86711,36.54913],[-75.88049,36.54925],[-75.88064,36.54925],[-75.88012,36.59634],[-75.92789,36.7062],[-75.95783,36.71943],[-75.9757,36.60627],[-75.96692,36.54981],[-76.01306,36.55015],[-76.01325,36.55015],[-76.04459,36.5895],[-76.03173,36.55027],[-76.05827,36.55044],[-76.09523,36.55069],[-76.13222,36.55096],[-76.16921,36.55122],[-76.20617,36.55147],[-76.24982,36.55181],[-76.29348,36.55215],[-76.33713,36.55249],[-76.38078,36.55281],[-76.44728,36.55245],[-76.51384,36.55205],[-76.58034,36.55166],[-76.64684,36.55127],[-76.71335,36.55088],[-76.77988,36.55049],[-76.84641,36.5501],[-76.91291,36.54974],[-77.03615,36.54878],[-77.15937,36.54786],[-77.28259,36.54693],[-77.40583,36.546],[-77.52907,36.54507],[-77.65229,36.54414],[-77.77551,36.54322],[-77.89875,36.54226],[-78.05373,36.54226],[-78.20871,36.54226],[-78.36369,36.54226],[-78.51867,36.54226],[-78.67365,36.54226],[-78.82863,36.54226],[-78.98361,36.54226],[-79.13857,36.54226],[-79.25744,36.54195],[-79.37634,36.54165],[-79.49521,36.54134],[-79.61408,36.54102],[-79.73295,36.5407],[-79.85182,36.54038],[-79.97072,36.54009],[-80.08959,36.53977],[-80.16306,36.54258],[-80.23649,36.54537],[-80.30993,36.54817],[-80.38337,36.55098],[-80.45681,36.55376],[-80.53024,36.55657],[-80.60368,36.55938],[-80.67712,36.56216],[-80.74589,36.56309],[-80.81467,36.56402],[-80.88344,36.56495],[-80.95222,36.5659],[-81.02099,36.56685],[-81.08976,36.56778],[-81.15854,36.56871],[-81.22731,36.56963],[-81.27631,36.57266],[-81.32531,36.57569],[-81.37431,36.57872],[-81.42331,36.58174],[-81.47231,36.58477],[-81.52131,36.5878],[-81.57033,36.59082],[-81.61933,36.59385],[-81.64157,36.59405],[-81.64831,36.59561],[-81.65204,36.59859],[-81.65886,36.60955],[-81.83681,36.61534],[-81.90529,36.61751],[-81.91418,36.61685],[-81.92289,36.61509],[-81.95246,36.59698],[-82.0008,36.5972],[-82.15712,36.59783],[-82.20915,36.59805],[-82.26122,36.59827],[-82.3133,36.59849],[-82.48263,36.59917],[-82.52162,36.59932],[-82.57363,36.59954],[-82.62578,36.59976],[-82.72995,36.6002],[-82.79504,36.60046],[-82.8341,36.60061],[-82.99034,36.60127],[-83.04243,36.60149],[-83.09453,36.6017],[-83.25078,36.6023],[-83.28976,36.60246],[-83.35493,36.60274],[-83.45915,36.60318],[-83.51122,36.60337],[-83.5633,36.60357],[-83.60237,36.60373],[-83.66747,36.60401],[-83.71699,36.58872],[-83.73034,36.58577],[-83.74847,36.58629],[-83.77868,36.58716]],[[-82.59376,38.37107],[-82.59394,38.37244],[-82.59394,38.37244],[-82.59376,38.37107]],[[-82.56774,38.30923],[-82.56815,38.31284],[-82.56774,38.30923],[-82.56774,38.30923]],[[-82.56901,38.30299],[-82.57028,38.29676],[-82.57263,38.27422],[-82.57028,38.29676],[-82.56901,38.30299]],[[-82.57138,38.25264],[-82.57139,38.2529],[-82.57138,38.25264],[-82.57138,38.25264]],[[-82.60001,38.2324],[-82.60041,38.23125],[-82.60102,38.22581],[-82.60041,38.23125],[-82.60001,38.2324]],[[-82.63189,38.17851],[-82.63386,38.17696],[-82.63499,38.17549],[-82.63386,38.17696],[-82.63189,38.17851]],[[-82.46537,37.96797],[-82.46537,37.96797],[-82.46566,37.96612],[-82.46537,37.96797]],[[-82.48102,37.94429],[-82.47925,37.94651],[-82.48102,37.94429],[-82.48102,37.94429]],[[-82.48283,37.94136],[-82.48116,37.94407],[-82.48283,37.94136],[-82.48283,37.94136]],[[-82.4793,37.93383],[-82.47668,37.93111],[-82.4615,37.92245],[-82.47668,37.93111],[-82.4793,37.93383]],[[-82.40974,37.85788],[-82.40734,37.84178],[-82.40573,37.83672],[-82.40734,37.84178],[-82.40974,37.85788]],[[-82.40187,37.82703],[-82.39924,37.823],[-82.36777,37.7974],[-82.39924,37.823],[-82.40187,37.82703]],[[-82.33004,37.76471],[-82.32377,37.75762],[-82.32116,37.75364],[-82.32377,37.75762],[-82.33004,37.76471]],[[-82.29407,37.68566],[-82.29169,37.68294],[-82.28738,37.68061],[-82.29169,37.68294],[-82.29407,37.68566]],[[-82.22414,37.65527],[-82.21935,37.65144],[-82.21015,37.64074],[-82.21935,37.65144],[-82.22414,37.65527]],[[-82.13539,37.58638],[-82.13539,37.58638],[-82.13547,37.5829],[-82.13539,37.58638]],[[-82.1351,37.57451],[-82.13625,37.57549],[-82.13625,37.57549],[-82.1351,37.57451]],[[-82.0665,37.55083],[-82.03683,37.54329],[-82.03092,37.5428],[-82.03683,37.54329],[-82.0665,37.55083]],[[-77.79735,39.21539],[-77.80663,39.19827],[-77.81468,39.18354],[-77.80663,39.19827],[-77.79735,39.21539]],[[-77.75416,39.29491],[-77.76511,39.27471],[-77.7714,39.26317],[-77.76511,39.27471],[-77.75416,39.29491]],[[-81.95029,37.52055],[-81.95099,37.5231],[-81.95239,37.52554],[-81.95099,37.5231],[-81.95029,37.52055]],[[-81.92912,37.42061],[-81.92912,37.42061],[-81.92941,37.42315],[-81.92912,37.42061]],[[-81.93224,37.37856],[-81.93273,37.37969],[-81.93309,37.38233],[-81.93273,37.37969],[-81.93224,37.37856]],[[-81.85611,37.31883],[-81.85947,37.32588],[-81.86092,37.32796],[-81.85947,37.32588],[-81.85611,37.31883]],[[-81.83066,37.2898],[-81.83527,37.29207],[-81.83816,37.29434],[-81.83527,37.29207],[-81.83066,37.2898]],[[-81.80043,37.28466],[-81.80739,37.28457],[-81.8137,37.28514],[-81.80739,37.28457],[-81.80043,37.28466]],[[-81.75038,37.27398],[-81.75182,37.2751],[-81.75377,37.27627],[-81.75182,37.2751],[-81.75038,37.27398]],[[-81.73708,37.25982],[-81.74372,37.26802],[-81.74555,37.26984],[-81.74372,37.26802],[-81.73708,37.25982]],[[-81.69938,37.23395],[-81.71721,37.24129],[-81.71964,37.24285],[-81.71721,37.24129],[-81.69938,37.23395]],[[-81.61426,37.20706],[-81.6446,37.20935],[-81.65064,37.21076],[-81.6446,37.20935],[-81.61426,37.20706]],[[-81.39015,37.29968],[-81.39084,37.29849],[-81.39232,37.29657],[-81.39084,37.29849],[-81.39015,37.29968]],[[-81.30455,37.29772],[-81.30685,37.29927],[-81.30901,37.30121],[-81.30685,37.29927],[-81.30455,37.29772]],[[-81.24658,37.2674],[-81.24985,37.26961],[-81.27604,37.28289],[-81.24985,37.26961],[-81.24658,37.2674]],[[-80.87347,37.33388],[-80.87704,37.3302],[-80.88028,37.32755],[-80.87704,37.3302],[-80.87347,37.33388]],[[-80.86446,37.34899],[-80.86494,37.34639],[-80.86815,37.34123],[-80.86494,37.34639],[-80.86446,37.34899]],[[-80.84343,37.42505],[-80.84589,37.42481],[-80.84932,37.42378],[-80.84589,37.42481],[-80.84343,37.42505]],[[-80.75976,37.3948],[-80.76174,37.39617],[-80.76351,37.39678],[-80.76174,37.39617],[-80.75976,37.3948]],[[-80.75001,37.38326],[-80.75051,37.3835],[-80.7512,37.38417],[-80.75051,37.3835],[-80.75001,37.38326]],[[-80.73989,37.38246],[-80.74374,37.38184],[-80.74515,37.38192],[-80.74374,37.38184],[-80.73989,37.38246]],[[-80.70871,37.39567],[-80.73122,37.38477],[-80.73362,37.38393],[-80.73122,37.38477],[-80.70871,37.39567]],[[-80.51879,37.46905],[-80.52783,37.46827],[-80.53943,37.46519],[-80.52783,37.46827],[-80.51879,37.46905]],[[-80.48511,37.4659],[-80.48688,37.46778],[-80.49184,37.46882],[-80.48688,37.46778],[-80.48511,37.4659]],[[-80.48134,37.44768],[-80.48102,37.45655],[-80.48102,37.45655],[-80.48134,37.44768],[-80.48134,37.44768]],[[-80.48052,37.44153],[-80.48093,37.4427],[-80.481,37.44353],[-80.48093,37.4427],[-80.48052,37.44153]],[[-80.44931,37.43121],[-80.45246,37.4295],[-80.45448,37.42903],[-80.45246,37.4295],[-80.44931,37.43121]],[[-80.28591,37.53011],[-80.2894,37.53393],[-80.28591,37.53011],[-80.28591,37.53011]],[[-80.30622,37.56372],[-80.30622,37.56372],[-80.30725,37.56109],[-80.30622,37.56372]],[[-80.28804,37.58126],[-80.29138,37.5792],[-80.29649,37.57486],[-80.29138,37.5792],[-80.28804,37.58126]],[[-80.253,37.59738],[-80.26076,37.59344],[-80.26696,37.59107],[-80.26076,37.59344],[-80.253,37.59738]],[[-80.22014,37.78152],[-80.21928,37.7832],[-80.22014,37.78152],[-80.22014,37.78152]],[[-79.92231,38.16133],[-79.92231,38.16133],[-79.9197,38.15122],[-79.9197,38.15122],[-79.92231,38.16133]],[[-79.92158,38.1706],[-79.92216,38.16917],[-79.9223,38.16155],[-79.92216,38.16917],[-79.92158,38.1706]],[[-79.90496,38.18757],[-79.9166,38.17906],[-79.91717,38.17828],[-79.9166,38.17906],[-79.90496,38.18757]],[[-79.77527,38.34399],[-79.77678,38.34056],[-79.77953,38.33639],[-79.77678,38.34056],[-79.77527,38.34399]],[[-79.69199,38.46308],[-79.6926,38.44214],[-79.69371,38.43934],[-79.6926,38.44214],[-79.69199,38.46308]],[[-79.6882,38.49959],[-79.68864,38.49837],[-79.69001,38.49119],[-79.68864,38.49837],[-79.6882,38.49959]],[[-79.66435,38.53037],[-79.66491,38.52893],[-79.66562,38.52772],[-79.66491,38.52893],[-79.66435,38.53037]],[[-79.66306,38.54541],[-79.66306,38.54541],[-79.66257,38.54024],[-79.66257,38.54024],[-79.66306,38.54541]],[[-79.66142,38.5583],[-79.66242,38.55347],[-79.66266,38.55045],[-79.66242,38.55347],[-79.66142,38.5583]],[[-79.54836,38.56528],[-79.5499,38.56643],[-79.55113,38.56703],[-79.5499,38.56643],[-79.54836,38.56528]],[[-79.50202,38.49698],[-79.50197,38.49893],[-79.50197,38.49893],[-79.50202,38.49698]],[[-79.50609,38.47946],[-79.50715,38.47989],[-79.50779,38.48033],[-79.50715,38.47989],[-79.50609,38.47946]],[[-79.17364,38.57397],[-79.17468,38.57129],[-79.17524,38.56943],[-79.17468,38.57129],[-79.17364,38.57397]],[[-79.16717,38.59435],[-79.17136,38.57955],[-79.17155,38.57918],[-79.17136,38.57955],[-79.16717,38.59435]],[[-79.15031,38.63164],[-79.15473,38.62603],[-79.15755,38.62124],[-79.15473,38.62603],[-79.15031,38.63164]],[[-79.11005,38.65899],[-79.12514,38.65176],[-79.1304,38.6486],[-79.12514,38.65176],[-79.11005,38.65899],[-79.10725,38.66085],[-79.11005,38.65899]],[[-78.731,38.9315],[-78.73264,38.93272],[-78.73452,38.93276],[-78.73264,38.93272],[-78.731,38.9315]],[[-78.68553,38.9215],[-78.69697,38.91741],[-78.70098,38.91667],[-78.69697,38.91741],[-78.68553,38.9215]],[[-78.55425,39.01768],[-78.55561,39.01565],[-78.56201,39.00913],[-78.55561,39.01565],[-78.55425,39.01768]],[[-78.41304,39.22088],[-78.41633,39.21294],[-78.41725,39.20995],[-78.41633,39.21294],[-78.41304,39.22088]],[[-78.40887,39.27001],[-78.40944,39.26885],[-78.41076,39.26399],[-78.40944,39.26885],[-78.40887,39.27001]],[[-78.3508,39.35926],[-78.35103,39.3644],[-78.3508,39.35926],[-78.3508,39.35926]],[[-78.31621,39.44713],[-78.32216,39.45083],[-78.32908,39.4479],[-78.32216,39.45083],[-78.31621,39.44713]],[[-78.05234,39.28106],[-78.08056,39.29883],[-78.10878,39.31658],[-78.08056,39.29883],[-78.05234,39.28106]],[[-77.85048,39.15397],[-77.85483,39.15669],[-77.88304,39.17447],[-77.85483,39.15669],[-77.85048,39.15397]]],[[[-75.9143,36.57587],[-75.90896,36.54941],[-75.9267,36.54952],[-75.94298,36.54963],[-75.94905,36.56159],[-75.9143,36.57587]]],[[[-75.87397,37.29038],[-75.85175,37.27077],[-75.87667,37.24067],[-75.87714,37.20559],[-75.83955,37.19279],[-75.8173,37.20699],[-75.81624,37.18608],[-75.88652,37.12311],[-75.9286,37.11222],[-75.89282,37.14067],[-75.90542,37.23443],[-75.88948,37.2804],[-75.87397,37.29038]]],[[[-75.71921,37.3683],[-75.70795,37.39862],[-75.67033,37.46284],[-75.65613,37.46151],[-75.71921,37.3683]]],[[[-75.61339,37.578],[-75.59981,37.57513],[-75.67062,37.47706],[-75.6622,37.50446],[-75.63423,37.55835],[-75.61339,37.578]]],[[[-75.3745,37.89776],[-75.36797,37.90909],[-75.33047,37.92243],[-75.26303,38.02264],[-75.24334,38.02469],[-75.32604,37.89228],[-75.37854,37.85577],[-75.40013,37.87411],[-75.35828,37.87421],[-75.34996,37.88932],[-75.3745,37.89776]]]]}},{"type":"Feature","properties":{"name":"North Carolina","label":{"no":"Nord-Carolina","en":"North Carolina"},"short":{"no":"N.-Car.","en":"N. Car."},"side":"patriot","neighbours":["Georgia","South Carolina","Virginia"],"modern":["North Carolina","Tennessee"],"note":{"no":"Strakte seg vest til Tennessee","en":"Reached west to Tennessee"},"labelAt":[35.6,-79.2]},"geometry":{"type":"MultiPolygon","coordinates":[[[[-85.49797,34.98365],[-85.60568,34.98521],[-88.17426,35.00975],[-88.18552,35.00975],[-88.17907,34.99783],[-90.30422,35.00008],[-90.31266,35.01248],[-90.30163,35.01988],[-90.20746,35.0608],[-90.17778,35.12994],[-90.10615,35.12354],[-90.08535,35.14834],[-90.08459,35.18897],[-90.11833,35.30074],[-90.11525,35.36958],[-90.02231,35.45271],[-90.01232,35.51163],[-89.91791,35.548],[-89.95134,35.60254],[-89.91008,35.63907],[-89.90983,35.65215],[-89.9529,35.70511],[-89.9519,35.72295],[-89.785,35.79082],[-89.72211,35.83345],[-89.73105,35.85179],[-89.784,35.87764],[-89.75954,35.90892],[-89.71884,35.91863],[-89.67404,35.89629],[-89.6673,35.91524],[-89.68068,35.9458],[-89.72556,35.99331],[-89.71574,36.0347],[-89.67409,36.1022],[-89.62292,36.12344],[-89.61386,36.1417],[-89.69462,36.24698],[-89.56118,36.26372],[-89.55734,36.27474],[-89.61125,36.30259],[-89.62839,36.34148],[-89.55974,36.35174],[-89.53076,36.38352],[-89.55595,36.44747],[-89.54748,36.48155],[-89.55988,36.50015],[-89.49438,36.50142],[-89.50507,36.45818],[-89.47892,36.45242],[-89.42446,36.49895],[-88.04274,36.49864],[-88.03869,36.55823],[-88.04028,36.5741],[-88.05351,36.62579],[-88.07288,36.68863],[-88.07206,36.68938],[-88.06711,36.6897],[-88.01313,36.68545],[-87.86867,36.67403],[-87.86071,36.67183],[-87.85827,36.66911],[-87.85583,36.66639],[-87.85218,36.65953],[-87.84853,36.65267],[-87.84648,36.64982],[-87.84443,36.64698],[-87.84177,36.64495],[-87.83911,36.64292],[-87.81291,36.64443],[-87.79255,36.64463],[-87.78583,36.64468],[-87.60549,36.64646],[-87.51491,36.64732],[-87.41379,36.64834],[-87.35971,36.64888],[-87.30563,36.64942],[-87.19396,36.65054],[-87.15211,36.65094],[-86.97416,36.65269],[-86.9236,36.65321],[-86.87304,36.65374],[-86.82776,36.65418],[-86.78249,36.65462],[-86.74418,36.65497],[-86.70588,36.65533],[-86.67636,36.65563],[-86.64684,36.65594],[-86.61832,36.65621],[-86.60881,36.6563],[-86.60546,36.65633],[-86.55217,36.65689],[-86.53514,36.65989],[-86.51611,36.66324],[-86.49122,36.66336],[-86.46403,36.66258],[-86.28024,36.64731],[-86.21701,36.64236],[-86.14191,36.63842],[-85.42651,36.61866],[-85.12136,36.62486],[-84.87094,36.61783],[-84.74965,36.61441],[-84.62836,36.61099],[-84.51492,36.60782],[-84.40148,36.60464],[-84.19826,36.59895],[-84.11077,36.5965],[-84.02648,36.59414],[-83.9609,36.59228],[-83.89406,36.59038],[-83.85146,36.58919],[-83.80886,36.58799],[-83.79754,36.58768],[-83.77868,36.58716],[-83.74847,36.58629],[-83.73034,36.58577],[-83.71699,36.58872],[-83.66747,36.60401],[-83.60237,36.60373],[-83.5633,36.60357],[-83.51122,36.60337],[-83.45915,36.60318],[-83.35493,36.60274],[-83.28976,36.60246],[-83.25078,36.6023],[-83.09453,36.6017],[-83.04243,36.60149],[-82.99034,36.60127],[-82.8341,36.60061],[-82.79504,36.60046],[-82.72995,36.6002],[-82.62578,36.59976],[-82.57363,36.59954],[-82.52162,36.59932],[-82.48263,36.59917],[-82.3133,36.59849],[-82.26122,36.59827],[-82.20915,36.59805],[-82.15712,36.59783],[-82.0008,36.5972],[-81.95246,36.59698],[-81.92289,36.61509],[-81.91418,36.61685],[-81.90529,36.61751],[-81.83681,36.61534],[-81.65886,36.60955],[-81.65204,36.59859],[-81.64831,36.59561],[-81.64157,36.59405],[-81.61933,36.59385],[-81.57033,36.59082],[-81.52131,36.5878],[-81.47231,36.58477],[-81.42331,36.58174],[-81.37431,36.57872],[-81.32531,36.57569],[-81.27631,36.57266],[-81.22731,36.56963],[-81.15854,36.56871],[-81.08976,36.56778],[-81.02099,36.56685],[-80.95222,36.5659],[-80.88344,36.56495],[-80.81467,36.56402],[-80.74589,36.56309],[-80.67712,36.56216],[-80.60368,36.55938],[-80.53024,36.55657],[-80.45681,36.55376],[-80.38337,36.55098],[-80.30993,36.54817],[-80.23649,36.54537],[-80.16306,36.54258],[-80.08959,36.53977],[-79.97072,36.54009],[-79.85182,36.54038],[-79.73295,36.5407],[-79.61408,36.54102],[-79.49521,36.54134],[-79.37634,36.54165],[-79.25744,36.54195],[-79.13857,36.54226],[-78.98361,36.54226],[-78.82863,36.54226],[-78.67365,36.54226],[-78.51867,36.54226],[-78.36369,36.54226],[-78.20871,36.54226],[-78.05373,36.54226],[-77.89875,36.54226],[-77.77551,36.54322],[-77.65229,36.54414],[-77.52907,36.54507],[-77.40583,36.546],[-77.28259,36.54693],[-77.15937,36.54786],[-77.03615,36.54878],[-76.91291,36.54974],[-76.84641,36.5501],[-76.77988,36.55049],[-76.71335,36.55088],[-76.64684,36.55127],[-76.58034,36.55166],[-76.51384,36.55205],[-76.44728,36.55245],[-76.38078,36.55281],[-76.33713,36.55249],[-76.29348,36.55215],[-76.24982,36.55181],[-76.20617,36.55147],[-76.16921,36.55122],[-76.13222,36.55096],[-76.09523,36.55069],[-76.05827,36.55044],[-76.03173,36.55027],[-76.02904,36.48029],[-75.96825,36.43252],[-75.98583,36.42528],[-75.9737,36.40107],[-75.92789,36.36359],[-75.94905,36.39769],[-75.9313,36.4287],[-75.91857,36.42935],[-75.92174,36.35676],[-75.88044,36.30069],[-75.78551,36.08161],[-75.82116,36.08267],[-75.86339,36.1271],[-75.86807,36.18301],[-75.90807,36.21963],[-75.9143,36.24689],[-75.94298,36.26044],[-75.93472,36.28783],[-75.96174,36.30695],[-75.99621,36.31517],[-75.96666,36.28437],[-75.9497,36.21206],[-75.96272,36.20596],[-75.90807,36.16498],[-76.02042,36.19147],[-76.06168,36.23631],[-76.13341,36.28168],[-76.20226,36.3015],[-76.18615,36.31293],[-76.19884,36.32266],[-76.21935,36.28783],[-76.15486,36.25918],[-76.11441,36.21113],[-76.09016,36.20059],[-76.08023,36.17715],[-76.05736,36.16877],[-76.06347,36.16201],[-76.13341,36.14448],[-76.12658,36.1308],[-76.16812,36.1308],[-76.29198,36.21271],[-76.27912,36.18146],[-76.19542,36.10977],[-76.22012,36.09951],[-76.34944,36.14199],[-76.39403,36.17796],[-76.41039,36.1743],[-76.463,36.20596],[-76.43505,36.16498],[-76.31151,36.0961],[-76.41173,36.08295],[-76.42821,36.07559],[-76.41454,36.0681],[-76.43594,36.04816],[-76.46764,36.03091],[-76.57726,36.0124],[-76.62682,36.06196],[-76.64367,36.0384],[-76.66666,36.0384],[-76.687,36.0561],[-76.72985,36.18171],[-76.67955,36.28754],[-76.68834,36.30516],[-76.72985,36.32266],[-76.70198,36.28474],[-76.75231,36.21402],[-76.75719,36.1271],[-76.73355,36.06509],[-76.70934,36.04084],[-76.70397,36.00886],[-76.68887,36.00666],[-76.72985,35.94526],[-76.55793,35.93842],[-76.42024,35.98127],[-76.38728,35.97313],[-76.3802,35.93203],[-76.35314,35.94526],[-76.26374,35.92475],[-76.30679,35.95783],[-76.19542,35.99364],[-76.09984,35.9999],[-76.04833,35.98371],[-76.02937,35.9687],[-76.03091,35.9527],[-76.05309,35.96263],[-76.07193,35.91852],[-76.02355,35.93159],[-76.04589,35.88862],[-76.08556,35.8701],[-76.05114,35.81924],[-76.0563,35.7934],[-76.12418,35.79458],[-76.10497,35.77717],[-76.05826,35.76777],[-76.04247,35.7377],[-76.05826,35.72647],[-76.03718,35.6988],[-76.05427,35.68391],[-76.14086,35.6988],[-76.12361,35.67353],[-76.04459,35.67154],[-76.03091,35.65103],[-75.99486,35.73029],[-75.98998,35.88691],[-75.93493,35.92487],[-75.90062,35.89004],[-75.86144,35.88068],[-75.90807,35.93842],[-75.84496,35.92324],[-75.82486,35.93159],[-75.8671,35.94526],[-75.85285,35.97997],[-75.79052,35.93252],[-75.72183,35.82917],[-75.74299,35.76777],[-75.72086,35.70502],[-75.77343,35.69693],[-75.73961,35.63264],[-75.75829,35.60725],[-75.78234,35.59919],[-75.78392,35.57591],[-75.83918,35.56851],[-75.81867,35.5821],[-75.82262,35.59268],[-75.86644,35.59565],[-75.88634,35.63736],[-75.89721,35.57905],[-75.95446,35.53034],[-75.97789,35.52521],[-75.97322,35.49714],[-76.01057,35.47907],[-76.00333,35.46503],[-76.02823,35.41934],[-76.05614,35.44147],[-76.076,35.40485],[-76.06509,35.38418],[-76.11828,35.37279],[-76.15038,35.34715],[-76.23575,35.35322],[-76.25349,35.37372],[-76.26871,35.34837],[-76.28018,35.35073],[-76.35534,35.41348],[-76.36376,35.39142],[-76.35241,35.36359],[-76.37361,35.34317],[-76.42077,35.3767],[-76.37975,35.3767],[-76.39403,35.44123],[-76.41832,35.4645],[-76.44249,35.404],[-76.46557,35.41128],[-76.48347,35.39777],[-76.463,35.3767],[-76.49836,35.39134],[-76.5244,35.41767],[-76.5039,35.43134],[-76.56013,35.45588],[-76.54491,35.47224],[-76.57518,35.49746],[-76.54491,35.51325],[-76.4947,35.50678],[-76.463,35.54116],[-76.58495,35.54971],[-76.64733,35.5207],[-76.60631,35.49274],[-76.61998,35.46605],[-76.59268,35.44432],[-76.60631,35.42451],[-76.57901,35.404],[-76.59976,35.39509],[-76.65001,35.41535],[-76.64733,35.43818],[-76.6752,35.42451],[-76.75841,35.41885],[-76.82185,35.45303],[-76.99405,35.49706],[-77.05199,35.53437],[-77.0255,35.49152],[-76.9945,35.48159],[-76.97631,35.43818],[-76.94514,35.45246],[-76.90392,35.44392],[-76.81705,35.39631],[-76.75719,35.38418],[-76.69408,35.35366],[-76.49706,35.31151],[-76.47037,35.27058],[-76.49283,35.23017],[-76.56534,35.23949],[-76.52961,35.21768],[-76.53026,35.19994],[-76.58829,35.20913],[-76.6752,35.1706],[-76.58731,35.14973],[-76.5716,35.15697],[-76.58585,35.16446],[-76.5716,35.17805],[-76.55484,35.14973],[-76.56054,35.12442],[-76.61315,35.09614],[-76.60798,35.07982],[-76.70934,35.0235],[-76.72594,35.00056],[-76.76448,34.9892],[-76.8391,34.9925],[-76.87365,35.00869],[-76.94628,35.06859],[-76.99625,35.08763],[-77.04337,35.14362],[-77.07934,35.15697],[-76.94026,34.9798],[-76.80557,34.94473],[-76.75719,34.9099],[-76.63183,34.98705],[-76.53987,34.93207],[-76.56859,34.99323],[-76.5183,34.9973],[-76.48961,34.9726],[-76.48347,35.02725],[-76.45377,35.07339],[-76.43505,35.05117],[-76.44249,35.01667],[-76.41885,34.98652],[-76.46434,34.96845],[-76.46182,34.94058],[-76.38728,34.94807],[-76.37755,34.96581],[-76.32518,34.97573],[-76.35314,35.02725],[-76.32217,35.01992],[-76.26989,34.9726],[-76.30468,34.93789],[-76.3404,34.93968],[-76.33568,34.89948],[-76.34626,34.88325],[-76.39403,34.86274],[-76.40779,34.88325],[-76.42064,34.83954],[-76.49718,34.7746],[-76.51277,34.73436],[-76.54491,34.73241],[-76.58357,34.75129],[-76.58825,34.76659],[-76.5716,34.78083],[-76.61596,34.81607],[-76.63296,34.70917],[-76.65819,34.72187],[-76.67121,34.79084],[-76.68521,34.80073],[-76.73461,34.78587],[-76.77082,34.75349],[-76.72985,34.76655],[-76.70198,34.72557],[-76.89611,34.7392],[-77.09325,34.67699],[-77.10269,34.69432],[-77.08552,34.70515],[-77.11343,34.75971],[-77.1317,34.7624],[-77.12027,34.72557],[-77.13687,34.68236],[-77.17492,34.69147],[-77.16698,34.66714],[-77.20153,34.6507],[-77.25357,34.59439],[-77.33654,34.5611],[-77.40148,34.58906],[-77.33316,34.64985],[-77.3946,34.7119],[-77.37804,34.71865],[-77.38191,34.73233],[-77.42467,34.74014],[-77.43562,34.75349],[-77.42199,34.68456],[-77.3968,34.68378],[-77.38097,34.65668],[-77.38244,34.63203],[-77.41389,34.61693],[-77.43545,34.6225],[-77.44982,34.60887],[-77.4265,34.57917],[-77.38321,34.56224],[-77.3789,34.52717],[-77.53588,34.46857],[-77.66832,34.37617],[-77.73046,34.31586],[-77.83267,34.20702],[-77.87442,34.12226],[-77.91112,33.95816],[-77.94205,33.93049],[-77.92125,34.00104],[-77.92955,34.07982],[-77.92162,34.10859],[-77.96255,34.19115],[-77.94205,34.06761],[-77.94945,34.00275],[-78.01781,33.89631],[-78.25251,33.92512],[-78.33349,33.9101],[-78.36726,33.91682],[-78.36172,33.93236],[-78.37466,33.95091],[-78.38492,33.92259],[-78.40827,33.91055],[-78.55899,33.86905],[-78.5454,33.88955],[-78.57315,33.88261],[-78.57316,33.88262],[-78.63871,33.93804],[-78.70424,33.99344],[-78.76974,34.04881],[-78.83532,34.1042],[-78.90085,34.1596],[-78.96638,34.21499],[-79.0319,34.27039],[-79.09743,34.32579],[-79.16296,34.38118],[-79.22851,34.43658],[-79.29404,34.49197],[-79.35956,34.54737],[-79.42512,34.60276],[-79.49064,34.65816],[-79.55617,34.71358],[-79.62172,34.76895],[-79.65351,34.79573],[-79.67348,34.80127],[-79.7038,34.80581],[-79.74118,34.8065],[-79.75234,34.80677],[-79.78395,34.80728],[-79.83307,34.80821],[-79.89675,34.8094],[-79.97209,34.8108],[-80.05622,34.81236],[-80.14614,34.81399],[-80.23901,34.81575],[-80.33185,34.81748],[-80.4218,34.81917],[-80.5059,34.82071],[-80.58122,34.82212],[-80.64492,34.82327],[-80.69401,34.82417],[-80.72563,34.82476],[-80.73679,34.82496],[-80.77624,34.82574],[-80.78403,34.82759],[-80.79018,34.83272],[-80.79228,34.83899],[-80.79265,34.84593],[-80.78864,34.9493],[-80.78942,34.95574],[-80.79291,34.96175],[-80.83659,35.00933],[-80.8905,35.06809],[-80.92712,35.10813],[-80.93039,35.11109],[-80.93364,35.11265],[-80.93803,35.11299],[-80.94487,35.10997],[-81.0277,35.06128],[-81.03332,35.05982],[-81.03849,35.05997],[-81.04521,35.06458],[-81.04897,35.06907],[-81.05231,35.07388],[-81.05373,35.07862],[-81.05471,35.08313],[-81.05432,35.08721],[-81.05349,35.09082],[-81.052,35.09497],[-81.04069,35.11407],[-81.0384,35.11919],[-81.03786,35.12452],[-81.03823,35.12981],[-81.03962,35.13477],[-81.04186,35.13882],[-81.04474,35.14278],[-81.04846,35.14634],[-81.05261,35.14959],[-81.061,35.15223],[-81.07353,35.1542],[-81.13532,35.15677],[-81.18664,35.15894],[-81.25002,35.16167],[-81.32336,35.1648],[-81.40446,35.16824],[-81.49128,35.17198],[-81.58166,35.17579],[-81.67353,35.17972],[-81.76472,35.1836],[-81.85312,35.18736],[-81.93659,35.19092],[-82.01306,35.19419],[-82.08037,35.19703],[-82.13637,35.19947],[-82.17902,35.20127],[-82.2062,35.20245],[-82.21574,35.20281],[-82.2872,35.20589],[-82.36281,35.20008],[-82.36713,35.20127],[-82.37082,35.20342],[-82.37328,35.20591],[-82.37773,35.21192],[-82.3808,35.21507],[-82.38444,35.21785],[-82.39123,35.21831],[-82.39826,35.21617],[-82.41308,35.20813],[-82.4197,35.20308],[-82.42451,35.19747],[-82.43,35.18267],[-82.43513,35.17857],[-82.44284,35.1763],[-82.47888,35.1761],[-82.48535,35.17388],[-82.49299,35.16853],[-82.49772,35.16431],[-82.503,35.16209],[-82.51057,35.1607],[-82.54653,35.16018],[-82.55402,35.15913],[-82.60519,35.14534],[-82.6382,35.13118],[-82.64767,35.12803],[-82.65554,35.12713],[-82.66725,35.12798],[-82.6756,35.12747],[-82.68232,35.12308],[-82.68557,35.11753],[-82.68976,35.10616],[-82.69689,35.10017],[-82.70771,35.09373],[-82.73146,35.08323],[-82.74213,35.07705],[-82.75112,35.07325],[-82.75637,35.07237],[-82.76369,35.07442],[-82.76757,35.07813],[-82.77187,35.0866],[-82.80388,35.08081],[-83.0965,35.00064],[-83.11476,35.00044],[-83.1904,34.99961],[-83.26603,34.99878],[-83.34162,34.9979],[-83.41725,34.99707],[-83.49287,34.9962],[-83.56845,34.99539],[-83.64411,34.99458],[-83.71972,34.99373],[-83.79533,34.99285],[-83.87097,34.99207],[-83.94658,34.99126],[-84.02219,34.99038],[-84.09777,34.98955],[-84.17338,34.98872],[-84.24904,34.98789],[-84.32463,34.98706],[-84.31696,35.05779],[-84.32463,34.98706],[-84.41252,34.98833],[-84.87011,34.98833],[-84.93302,34.98794],[-84.99567,34.98755],[-85.05834,34.98716],[-85.12126,34.98677],[-85.18405,34.98599],[-85.37241,34.98365],[-85.49797,34.98365]],[[-84.2847,35.23582],[-84.29059,35.22994],[-84.29367,35.22526],[-84.29059,35.22994],[-84.2847,35.23582]],[[-84.23926,35.26515],[-84.24702,35.26314],[-84.25103,35.26143],[-84.24702,35.26314],[-84.23926,35.26515]],[[-84.21406,35.26273],[-84.21691,35.26519],[-84.21927,35.26589],[-84.21691,35.26519],[-84.21406,35.26273]],[[-84.04097,35.34428],[-84.04313,35.33924],[-84.0438,35.33642],[-84.04313,35.33924],[-84.04097,35.34428]],[[-84.01617,35.41703],[-84.01667,35.41607],[-84.01689,35.4151],[-84.01667,35.41607],[-84.01617,35.41703]],[[-83.91399,35.47788],[-83.91569,35.47601],[-83.91866,35.4734],[-83.91569,35.47601],[-83.91399,35.47788]],[[-83.82693,35.52836],[-83.83166,35.52674],[-83.84365,35.5247],[-83.83166,35.52674],[-83.82693,35.52836]],[[-83.73214,35.56634],[-83.73456,35.56622],[-83.74468,35.56414],[-83.73456,35.56622],[-83.73214,35.56634]],[[-83.67304,35.56793],[-83.67548,35.56753],[-83.68034,35.56609],[-83.67548,35.56753],[-83.67304,35.56793]],[[-83.63544,35.56762],[-83.64106,35.56683],[-83.64445,35.56678],[-83.64106,35.56683],[-83.63544,35.56762]],[[-83.58672,35.56593],[-83.58908,35.56753],[-83.5907,35.56887],[-83.58908,35.56753],[-83.58672,35.56593]],[[-83.4488,35.60805],[-83.45312,35.60486],[-83.45829,35.59981],[-83.45312,35.60486],[-83.4488,35.60805]],[[-83.30554,35.66656],[-83.30934,35.66641],[-83.31277,35.6671],[-83.30934,35.66641],[-83.30554,35.66656]],[[-83.25175,35.71122],[-83.25344,35.70943],[-83.26792,35.69769],[-83.25344,35.70943],[-83.25175,35.71122]],[[-83.20628,35.73012],[-83.2113,35.72759],[-83.22388,35.7238],[-83.2113,35.72759],[-83.20628,35.73012]],[[-83.10164,35.77837],[-83.12785,35.76729],[-83.14176,35.76396],[-83.12785,35.76729],[-83.10164,35.77837]],[[-83.06726,35.79118],[-83.06996,35.79109],[-83.0727,35.79028],[-83.06996,35.79109],[-83.06726,35.79118]],[[-82.94762,35.82399],[-82.95685,35.81265],[-82.96976,35.80032],[-82.95685,35.81265],[-82.94762,35.82399]],[[-82.89714,35.95176],[-82.90178,35.94998],[-82.90463,35.94795],[-82.90178,35.94998],[-82.89714,35.95176]],[[-82.86347,35.9547],[-82.86784,35.95547],[-82.87307,35.95552],[-82.86784,35.95547],[-82.86347,35.9547]],[[-82.82845,35.93847],[-82.83234,35.94124],[-82.83939,35.94523],[-82.83234,35.94124],[-82.82845,35.93847]],[[-82.77487,35.97796],[-82.77487,35.97796],[-82.77575,35.9756],[-82.77487,35.97796]],[[-82.59169,36.0268],[-82.59074,36.02955],[-82.59074,36.02955],[-82.59169,36.0268]],[[-82.56953,35.96254],[-82.57287,35.96324],[-82.57576,35.96451],[-82.57287,35.96324],[-82.56953,35.96254]],[[-82.27165,36.13521],[-82.28234,36.13545],[-82.28647,36.13505],[-82.28234,36.13545],[-82.27165,36.13521]],[[-82.22441,36.15511],[-82.25554,36.13684],[-82.25825,36.1359],[-82.25554,36.13684],[-82.22441,36.15511],[-82.21878,36.15715],[-82.22441,36.15511]],[[-82.09856,36.10096],[-82.10148,36.10127],[-82.1072,36.10258],[-82.10148,36.10127],[-82.09856,36.10096]],[[-81.71927,36.34313],[-81.72101,36.34285],[-81.73652,36.34457],[-81.72101,36.34285],[-81.71927,36.34313]],[[-81.73768,36.3804],[-81.73242,36.37173],[-81.72559,36.36398],[-81.73242,36.37173],[-81.73768,36.3804]],[[-81.74465,36.39339],[-81.74465,36.39339],[-81.74379,36.39123],[-81.74465,36.39339]],[[-81.71059,36.46042],[-81.71447,36.45149],[-81.71633,36.44849],[-81.71447,36.45149],[-81.71059,36.46042]],[[-81.68824,36.57024],[-81.70588,36.54666],[-81.71501,36.52635],[-81.70588,36.54666],[-81.68824,36.57024]]],[[[-77.96239,33.85688],[-77.98131,33.85383],[-78.01228,33.86563],[-78.01008,33.89204],[-77.99523,33.89932],[-77.96996,33.88955],[-77.94205,33.91682],[-77.96239,33.85688]]],[[[-77.84423,34.16665],[-77.8192,34.17748],[-77.84594,34.12377],[-77.87442,34.08812],[-77.84423,34.16665]]],[[[-77.38634,34.5017],[-77.51456,34.45376],[-77.63419,34.36249],[-77.57872,34.42536],[-77.44982,34.49567],[-77.35302,34.52757],[-77.38634,34.5017]]],[[[-76.65477,34.69147],[-76.56534,34.67097],[-76.53771,34.64216],[-76.55167,34.63687],[-76.64322,34.67841],[-76.65477,34.69147]]],[[[-76.8275,34.70295],[-77.09976,34.64985],[-77.05443,34.67487],[-76.89745,34.69823],[-76.73355,34.7176],[-76.68147,34.70515],[-76.8275,34.70295]]],[[[-76.53063,34.58906],[-76.53921,34.60822],[-76.52505,34.63784],[-76.40779,34.79442],[-76.30468,34.88325],[-76.20226,34.94473],[-76.22277,34.91743],[-76.39599,34.78758],[-76.53063,34.58906]]],[[[-76.03718,35.06135],[-76.14704,34.9925],[-76.09984,35.04462],[-76.0725,35.07477],[-76.03718,35.06135]]],[[[-75.98998,35.12344],[-75.93985,35.1269],[-75.77025,35.19794],[-75.81737,35.16291],[-75.90807,35.13646],[-76.01732,35.07502],[-75.98998,35.12344]]],[[[-75.48913,35.5207],[-75.46862,35.56509],[-75.47582,35.63011],[-75.52611,35.7757],[-75.51708,35.78075],[-75.48668,35.7438],[-75.45181,35.58251],[-75.49083,35.33641],[-75.52538,35.24396],[-75.64444,35.21577],[-75.73575,35.18769],[-75.69034,35.23135],[-75.67536,35.22582],[-75.51635,35.291],[-75.48453,35.45669],[-75.48913,35.5207]]],[[[-75.62536,35.83015],[-75.65929,35.836],[-75.67064,35.87132],[-75.67846,35.88691],[-75.72989,35.9394],[-75.70377,35.94571],[-75.66104,35.92475],[-75.61262,35.86327],[-75.62536,35.83015]]],[[[-75.55797,35.80866],[-75.56163,35.83259],[-75.58361,35.84382],[-75.607,35.92381],[-75.67536,35.9999],[-75.69449,35.99356],[-75.71947,36.01],[-75.71569,36.02717],[-75.69896,36.01496],[-75.67536,36.02094],[-75.6798,36.03669],[-75.69693,36.05561],[-75.70885,36.04829],[-75.72354,36.05882],[-75.74299,36.10977],[-75.73864,36.14118],[-75.77367,36.23404],[-75.81847,36.29678],[-75.82811,36.40754],[-75.88064,36.54925],[-75.88049,36.54925],[-75.86711,36.54913],[-75.8531,36.54903],[-75.78637,36.28197],[-75.71426,36.12983],[-75.56395,35.89533],[-75.52383,35.79438],[-75.55797,35.80866]]],[[[-76.01325,36.55015],[-76.01306,36.55015],[-75.96692,36.54981],[-75.94298,36.54963],[-75.9267,36.54952],[-75.90896,36.54941],[-75.90111,36.49604],[-75.95214,36.49331],[-75.97289,36.4997],[-75.97842,36.5279],[-76.01325,36.55015]]]]}},{"type":"Feature","properties":{"name":"South Carolina","label":{"no":"Sør-Carolina","en":"South Carolina"},"short":{"no":"S.-Car.","en":"S. Car."},"side":"patriot","neighbours":["Georgia","North Carolina"],"modern":["South Carolina"],"labelAt":[33.9,-80.75]},"geometry":{"type":"MultiPolygon","coordinates":[[[[-79.36311,33.04304],[-79.33776,33.06615],[-79.36095,33.00568],[-79.3684,33.00568],[-79.36311,33.04304]]],[[[-78.57315,33.88261],[-78.60001,33.87588],[-78.57331,33.84797],[-78.65697,33.83194],[-78.76334,33.77855],[-78.93798,33.64208],[-79.13313,33.41743],[-79.15612,33.37556],[-79.14867,33.3688],[-79.18346,33.21792],[-79.19738,33.23233],[-79.21369,33.30069],[-79.26846,33.30671],[-79.27204,33.31729],[-79.23717,33.38654],[-79.18961,33.437],[-79.23229,33.4121],[-79.27709,33.35912],[-79.29947,33.29678],[-79.27204,33.26146],[-79.21402,33.2425],[-79.20295,33.19294],[-79.18346,33.18378],[-79.23058,33.14224],[-79.24722,33.16682],[-79.26891,33.16608],[-79.2517,33.13597],[-79.27221,33.1223],[-79.29727,33.14912],[-79.34044,33.15583],[-79.28987,33.13003],[-79.29263,33.10871],[-79.37149,33.06403],[-79.38703,33.01732],[-79.49132,32.9914],[-79.52001,33.04121],[-79.58483,33.01382],[-79.6245,32.94383],[-79.60741,32.91625],[-79.57384,32.93675],[-79.58873,32.91413],[-79.69302,32.86009],[-79.74454,32.79963],[-79.82872,32.76276],[-79.85098,32.75861],[-79.90624,32.80044],[-79.87487,32.84121],[-79.89232,32.8548],[-79.90282,32.83438],[-79.94376,32.85147],[-79.93407,32.78343],[-79.97167,32.79963],[-79.96764,32.78522],[-79.87898,32.73139],[-79.86803,32.7381],[-79.87141,32.70832],[-79.94571,32.65327],[-80.02571,32.64875],[-79.99547,32.61905],[-80.00512,32.61156],[-80.17711,32.56704],[-80.23233,32.61298],[-80.26594,32.62141],[-80.20177,32.57152],[-80.20446,32.56061],[-80.33121,32.4864],[-80.36897,32.53335],[-80.36925,32.49877],[-80.39257,32.47809],[-80.44343,32.50536],[-80.48786,32.51236],[-80.53966,32.56061],[-80.54727,32.5489],[-80.53283,32.51903],[-80.66979,32.52114],[-80.67748,32.49795],[-80.65941,32.50601],[-80.57095,32.49169],[-80.52941,32.49795],[-80.47818,32.47809],[-80.58747,32.45694],[-80.49523,32.45075],[-80.46984,32.44212],[-80.45836,32.42316],[-80.46349,32.40412],[-80.53038,32.37352],[-80.54711,32.34711],[-80.47692,32.37153],[-80.4298,32.40982],[-80.45165,32.35004],[-80.47818,32.34711],[-80.45987,32.33731],[-80.47077,32.32274],[-80.55329,32.27879],[-80.63683,32.26679],[-80.6422,32.31924],[-80.62902,32.3819],[-80.66999,32.3736],[-80.65119,32.44554],[-80.6573,32.46271],[-80.68366,32.46442],[-80.66316,32.45075],[-80.67691,32.42569],[-80.67748,32.35765],[-80.66316,32.32355],[-80.67829,32.30272],[-80.75935,32.36079],[-80.79601,32.45327],[-80.78555,32.49673],[-80.81404,32.50536],[-80.83593,32.54011],[-80.85497,32.5395],[-80.82079,32.48485],[-80.82893,32.45527],[-80.78734,32.35765],[-80.79894,32.31973],[-80.77579,32.30573],[-80.74511,32.25898],[-80.72704,32.26594],[-80.70018,32.25446],[-80.67785,32.21475],[-80.73713,32.15209],[-80.82079,32.10814],[-80.77721,32.20726],[-80.77986,32.2447],[-80.79353,32.19693],[-80.82824,32.15908],[-80.84191,32.11595],[-80.89452,32.05882],[-80.89029,32.03266],[-80.89094,32.03247],[-80.911,32.03389],[-80.92924,32.03973],[-80.94455,32.04971],[-80.95097,32.06353],[-80.95795,32.07078],[-80.99816,32.08711],[-81.02004,32.09122],[-81.0779,32.08711],[-81.08654,32.09151],[-81.11545,32.12188],[-81.12092,32.12569],[-81.13146,32.13091],[-81.13596,32.13553],[-81.13876,32.14273],[-81.13806,32.14822],[-81.13627,32.15232],[-81.13596,32.1554],[-81.15378,32.18731],[-81.15641,32.19388],[-81.15429,32.20489],[-81.14489,32.22212],[-81.14277,32.22801],[-81.14448,32.25406],[-81.14277,32.26526],[-81.13952,32.27466],[-81.13181,32.28819],[-81.12975,32.3],[-81.13178,32.3212],[-81.13972,32.33858],[-81.15197,32.35032],[-81.16699,32.35464],[-81.19738,32.43658],[-81.19631,32.46783],[-81.20075,32.48455],[-81.21476,32.4918],[-81.22827,32.496],[-81.23342,32.50577],[-81.23532,32.51714],[-81.23896,32.52596],[-81.24435,32.52972],[-81.26628,32.5396],[-81.27009,32.53887],[-81.27536,32.54263],[-81.2902,32.55733],[-81.29758,32.56363],[-81.3058,32.56907],[-81.31481,32.57293],[-81.34479,32.57781],[-81.36535,32.58638],[-81.38339,32.59732],[-81.39601,32.60789],[-81.40576,32.6243],[-81.40466,32.63882],[-81.39926,32.65423],[-81.39601,32.67334],[-81.39804,32.68011],[-81.4029,32.68799],[-81.40871,32.69454],[-81.4134,32.69727],[-81.41606,32.70196],[-81.41218,32.71231],[-81.40969,32.72456],[-81.40344,32.7314],[-81.40251,32.7449],[-81.40847,32.76065],[-81.4186,32.77469],[-81.42394,32.79004],[-81.42512,32.80481],[-81.42812,32.82037],[-81.43757,32.84808],[-81.48879,32.9232],[-81.50041,32.93169],[-81.50046,32.95103],[-81.49221,32.98526],[-81.49572,33.00225],[-81.50517,33.02259],[-81.51762,33.03955],[-81.5301,33.04671],[-81.55192,33.04976],[-81.56708,33.05774],[-81.59523,33.08086],[-81.6361,33.10059],[-81.72414,33.13113],[-81.75974,33.15594],[-81.76476,33.16993],[-81.77048,33.20977],[-81.77709,33.21802],[-81.79951,33.21922],[-81.81755,33.22469],[-81.83325,33.23716],[-81.84848,33.2596],[-81.83452,33.26751],[-81.83122,33.27791],[-81.83825,33.28938],[-81.85532,33.30054],[-81.84167,33.30679],[-81.84167,33.3136],[-81.84872,33.31678],[-81.86047,33.32061],[-81.87153,33.32183],[-81.87641,33.31731],[-81.88012,33.31238],[-81.88849,33.31856],[-81.93098,33.36123],[-81.93786,33.37618],[-81.9236,33.38252],[-81.93586,33.40696],[-81.93322,33.41446],[-81.9174,33.41661],[-81.92592,33.43199],[-81.93105,33.43714],[-81.92394,33.45857],[-81.93806,33.47608],[-81.97822,33.4992],[-81.99875,33.51543],[-82.04094,33.56001],[-82.06179,33.57469],[-82.08151,33.58287],[-82.12905,33.59478],[-82.15053,33.60296],[-82.17399,33.61646],[-82.19389,33.63465],[-82.20827,33.66368],[-82.21677,33.68601],[-82.23288,33.70586],[-82.24531,33.75054],[-82.27263,33.77788],[-82.32104,33.81512],[-82.36325,33.84366],[-82.4017,33.86475],[-82.434,33.87718],[-82.46501,33.89458],[-82.48859,33.9169],[-82.506,33.93804],[-82.52211,33.95166],[-82.54199,33.95166],[-82.55812,33.95664],[-82.57053,33.9678],[-82.57797,33.9939],[-82.58918,34.01746],[-82.59938,34.04541],[-82.60778,34.05638],[-82.63134,34.0669],[-82.63952,34.08086],[-82.65043,34.10872],[-82.65812,34.11875],[-82.66935,34.13018],[-82.6821,34.13958],[-82.70573,34.14773],[-82.72209,34.16651],[-82.72892,34.17078],[-82.73444,34.18472],[-82.75344,34.27007],[-82.76142,34.29278],[-82.81848,34.36609],[-82.82751,34.37498],[-82.84118,34.40726],[-82.84611,34.43457],[-82.85729,34.46065],[-82.89951,34.48296],[-82.96777,34.48296],[-83.01496,34.48172],[-83.04724,34.49663],[-83.06337,34.51153],[-83.07951,34.53511],[-83.1006,34.54629],[-83.12172,34.56988],[-83.15895,34.58724],[-83.16642,34.59966],[-83.1683,34.61314],[-83.17536,34.6146],[-83.19909,34.60896],[-83.23261,34.62264],[-83.3239,34.67171],[-83.35549,34.70843],[-83.34587,34.75059],[-83.32888,34.76836],[-83.3246,34.77647],[-83.3228,34.7845],[-83.32204,34.79263],[-83.32057,34.8],[-83.31662,34.80572],[-83.30822,34.82005],[-83.29479,34.82964],[-83.27971,34.83787],[-83.26618,34.84786],[-83.25617,34.86192],[-83.23993,34.8775],[-83.22069,34.88679],[-83.20412,34.89872],[-83.18289,34.9153],[-83.15836,34.9352],[-83.13448,34.94249],[-83.1252,34.96239],[-83.1215,34.97544],[-83.11584,34.98721],[-83.11435,34.99922],[-83.11476,35.00044],[-83.0965,35.00064],[-82.80388,35.08081],[-82.77187,35.0866],[-82.76757,35.07813],[-82.76369,35.07442],[-82.75637,35.07237],[-82.75112,35.07325],[-82.74213,35.07705],[-82.73146,35.08323],[-82.70771,35.09373],[-82.69689,35.10017],[-82.68976,35.10616],[-82.68557,35.11753],[-82.68232,35.12308],[-82.6756,35.12747],[-82.66725,35.12798],[-82.65554,35.12713],[-82.64767,35.12803],[-82.6382,35.13118],[-82.60519,35.14534],[-82.55402,35.15913],[-82.54653,35.16018],[-82.51057,35.1607],[-82.503,35.16209],[-82.49772,35.16431],[-82.49299,35.16853],[-82.48535,35.17388],[-82.47888,35.1761],[-82.44284,35.1763],[-82.43513,35.17857],[-82.43,35.18267],[-82.42451,35.19747],[-82.4197,35.20308],[-82.41308,35.20813],[-82.39826,35.21617],[-82.39123,35.21831],[-82.38444,35.21785],[-82.3808,35.21507],[-82.37773,35.21192],[-82.37328,35.20591],[-82.37082,35.20342],[-82.36713,35.20127],[-82.36281,35.20008],[-82.2872,35.20589],[-82.21574,35.20281],[-82.2062,35.20245],[-82.17902,35.20127],[-82.13637,35.19947],[-82.08037,35.19703],[-82.01306,35.19419],[-81.93659,35.19092],[-81.85312,35.18736],[-81.76472,35.1836],[-81.67353,35.17972],[-81.58166,35.17579],[-81.49128,35.17198],[-81.40446,35.16824],[-81.32336,35.1648],[-81.25002,35.16167],[-81.18664,35.15894],[-81.13532,35.15677],[-81.07353,35.1542],[-81.061,35.15223],[-81.05261,35.14959],[-81.04846,35.14634],[-81.04474,35.14278],[-81.04186,35.13882],[-81.03962,35.13477],[-81.03823,35.12981],[-81.03786,35.12452],[-81.0384,35.11919],[-81.04069,35.11407],[-81.052,35.09497],[-81.05349,35.09082],[-81.05432,35.08721],[-81.05471,35.08313],[-81.05373,35.07862],[-81.05231,35.07388],[-81.04897,35.06907],[-81.04521,35.06458],[-81.03849,35.05997],[-81.03332,35.05982],[-81.0277,35.06128],[-80.94487,35.10997],[-80.93803,35.11299],[-80.93364,35.11265],[-80.93039,35.11109],[-80.92712,35.10813],[-80.8905,35.06809],[-80.83659,35.00933],[-80.79291,34.96175],[-80.78942,34.95574],[-80.78864,34.9493],[-80.79265,34.84593],[-80.79228,34.83899],[-80.79018,34.83272],[-80.78403,34.82759],[-80.77624,34.82574],[-80.73679,34.82496],[-80.72563,34.82476],[-80.69401,34.82417],[-80.64492,34.82327],[-80.58122,34.82212],[-80.5059,34.82071],[-80.4218,34.81917],[-80.33185,34.81748],[-80.23901,34.81575],[-80.14614,34.81399],[-80.05622,34.81236],[-79.97209,34.8108],[-79.89675,34.8094],[-79.83307,34.80821],[-79.78395,34.80728],[-79.75234,34.80677],[-79.74118,34.8065],[-79.7038,34.80581],[-79.67348,34.80127],[-79.65351,34.79573],[-79.62172,34.76895],[-79.55617,34.71358],[-79.49064,34.65816],[-79.42512,34.60276],[-79.35956,34.54737],[-79.29404,34.49197],[-79.22851,34.43658],[-79.16296,34.38118],[-79.09743,34.32579],[-79.0319,34.27039],[-78.96638,34.21499],[-78.90085,34.1596],[-78.83532,34.1042],[-78.76974,34.04881],[-78.70424,33.99344],[-78.63871,33.93804],[-78.57316,33.88262],[-78.57315,33.88261]]]]}},{"type":"Feature","properties":{"name":"Georgia","label":{"no":"Georgia","en":"Georgia"},"short":{"no":"Georgia","en":"Georgia"},"side":"patriot","neighbours":["North Carolina","South Carolina"],"modern":["Georgia"],"labelAt":[32.7,-83.2]},"geometry":{"type":"MultiPolygon","coordinates":[[[[-81.49242,30.87421],[-81.48217,30.90436],[-81.43269,30.93879],[-81.41731,30.9704],[-81.43196,30.8631],[-81.45702,30.79975],[-81.45421,30.73485],[-81.46915,30.72932],[-81.47875,30.84007],[-81.49242,30.87421]]],[[[-81.23485,31.5265],[-81.20291,31.53433],[-81.17465,31.52142],[-81.26172,31.38779],[-81.29121,31.39522],[-81.30032,31.41152],[-81.28908,31.43996],[-81.23485,31.5265]]],[[[-81.14926,31.69834],[-81.13643,31.69841],[-81.12817,31.6286],[-81.16096,31.56731],[-81.17507,31.5705],[-81.16764,31.6],[-81.17948,31.63594],[-81.14926,31.69834]]],[[[-83.11435,34.99922],[-83.11584,34.98721],[-83.1215,34.97544],[-83.1252,34.96239],[-83.13448,34.94249],[-83.15836,34.9352],[-83.18289,34.9153],[-83.20412,34.89872],[-83.22069,34.88679],[-83.23993,34.8775],[-83.25617,34.86192],[-83.26618,34.84786],[-83.27971,34.83787],[-83.29479,34.82964],[-83.30822,34.82005],[-83.31662,34.80572],[-83.32057,34.8],[-83.32204,34.79263],[-83.3228,34.7845],[-83.3246,34.77647],[-83.32888,34.76836],[-83.34587,34.75059],[-83.35549,34.70843],[-83.3239,34.67171],[-83.23261,34.62264],[-83.19909,34.60896],[-83.17536,34.6146],[-83.1683,34.61314],[-83.16642,34.59966],[-83.15895,34.58724],[-83.12172,34.56988],[-83.1006,34.54629],[-83.07951,34.53511],[-83.06337,34.51153],[-83.04724,34.49663],[-83.01496,34.48172],[-82.96777,34.48296],[-82.89951,34.48296],[-82.85729,34.46065],[-82.84611,34.43457],[-82.84118,34.40726],[-82.82751,34.37498],[-82.81848,34.36609],[-82.76142,34.29278],[-82.75344,34.27007],[-82.73444,34.18472],[-82.72892,34.17078],[-82.72209,34.16651],[-82.70573,34.14773],[-82.6821,34.13958],[-82.66935,34.13018],[-82.65812,34.11875],[-82.65043,34.10872],[-82.63952,34.08086],[-82.63134,34.0669],[-82.60778,34.05638],[-82.59938,34.04541],[-82.58918,34.01746],[-82.57797,33.9939],[-82.57053,33.9678],[-82.55812,33.95664],[-82.54199,33.95166],[-82.52211,33.95166],[-82.506,33.93804],[-82.48859,33.9169],[-82.46501,33.89458],[-82.434,33.87718],[-82.4017,33.86475],[-82.36325,33.84366],[-82.32104,33.81512],[-82.27263,33.77788],[-82.24531,33.75054],[-82.23288,33.70586],[-82.21677,33.68601],[-82.20827,33.66368],[-82.19389,33.63465],[-82.17399,33.61646],[-82.15053,33.60296],[-82.12905,33.59478],[-82.08151,33.58287],[-82.06179,33.57469],[-82.04094,33.56001],[-81.99875,33.51543],[-81.97822,33.4992],[-81.93806,33.47608],[-81.92394,33.45857],[-81.93105,33.43714],[-81.92592,33.43199],[-81.9174,33.41661],[-81.93322,33.41446],[-81.93586,33.40696],[-81.9236,33.38252],[-81.93786,33.37618],[-81.93098,33.36123],[-81.88849,33.31856],[-81.88012,33.31238],[-81.87641,33.31731],[-81.87153,33.32183],[-81.86047,33.32061],[-81.84872,33.31678],[-81.84167,33.3136],[-81.84167,33.30679],[-81.85532,33.30054],[-81.83825,33.28938],[-81.83122,33.27791],[-81.83452,33.26751],[-81.84848,33.2596],[-81.83325,33.23716],[-81.81755,33.22469],[-81.79951,33.21922],[-81.77709,33.21802],[-81.77048,33.20977],[-81.76476,33.16993],[-81.75974,33.15594],[-81.72414,33.13113],[-81.6361,33.10059],[-81.59523,33.08086],[-81.56708,33.05774],[-81.55192,33.04976],[-81.5301,33.04671],[-81.51762,33.03955],[-81.50517,33.02259],[-81.49572,33.00225],[-81.49221,32.98526],[-81.50046,32.95103],[-81.50041,32.93169],[-81.48879,32.9232],[-81.43757,32.84808],[-81.42812,32.82037],[-81.42512,32.80481],[-81.42394,32.79004],[-81.4186,32.77469],[-81.40847,32.76065],[-81.40251,32.7449],[-81.40344,32.7314],[-81.40969,32.72456],[-81.41218,32.71231],[-81.41606,32.70196],[-81.4134,32.69727],[-81.40871,32.69454],[-81.4029,32.68799],[-81.39804,32.68011],[-81.39601,32.67334],[-81.39926,32.65423],[-81.40466,32.63882],[-81.40576,32.6243],[-81.39601,32.60789],[-81.38339,32.59732],[-81.36535,32.58638],[-81.34479,32.57781],[-81.31481,32.57293],[-81.3058,32.56907],[-81.29758,32.56363],[-81.2902,32.55733],[-81.27536,32.54263],[-81.27009,32.53887],[-81.26628,32.5396],[-81.24435,32.52972],[-81.23896,32.52596],[-81.23532,32.51714],[-81.23342,32.50577],[-81.22827,32.496],[-81.21476,32.4918],[-81.20075,32.48455],[-81.19631,32.46783],[-81.19738,32.43658],[-81.16699,32.35464],[-81.15197,32.35032],[-81.13972,32.33858],[-81.13178,32.3212],[-81.12975,32.3],[-81.13181,32.28819],[-81.13952,32.27466],[-81.14277,32.26526],[-81.14448,32.25406],[-81.14277,32.22801],[-81.14489,32.22212],[-81.15429,32.20489],[-81.15641,32.19388],[-81.15378,32.18731],[-81.13596,32.1554],[-81.13627,32.15232],[-81.13806,32.14822],[-81.13876,32.14273],[-81.13596,32.13553],[-81.13146,32.13091],[-81.12092,32.12569],[-81.11545,32.12188],[-81.08654,32.09151],[-81.0779,32.08711],[-81.02004,32.09122],[-80.99816,32.08711],[-80.95795,32.07078],[-80.95097,32.06353],[-80.94455,32.04971],[-80.92924,32.03973],[-80.911,32.03389],[-80.89094,32.03247],[-80.89029,32.03266],[-80.84813,32.02216],[-80.83568,32.00292],[-80.90339,31.95051],[-80.92382,31.97777],[-80.93737,31.97647],[-80.96475,31.9488],[-80.96312,31.93065],[-80.94953,31.91372],[-80.92382,31.90888],[-80.98046,31.86538],[-81.0747,31.88841],[-81.09533,31.916],[-81.11823,31.90766],[-81.09032,31.87572],[-81.14297,31.85493],[-81.03991,31.82697],[-81.10554,31.74266],[-81.17138,31.73664],[-81.20458,31.74144],[-81.25316,31.77025],[-81.2733,31.76553],[-81.2692,31.7517],[-81.19628,31.7176],[-81.19896,31.69945],[-81.25194,31.64717],[-81.30093,31.57079],[-81.33109,31.55243],[-81.3202,31.52245],[-81.33143,31.46723],[-81.36528,31.43789],[-81.32566,31.34893],[-81.49242,31.36766],[-81.4265,31.33295],[-81.32828,31.31525],[-81.26989,31.27485],[-81.26769,31.25873],[-81.28856,31.22093],[-81.30748,31.23045],[-81.38598,31.14175],[-81.41796,31.14899],[-81.423,31.21963],[-81.45482,31.206],[-81.45173,31.11709],[-81.48729,31.13361],[-81.49584,31.12621],[-81.43029,31.07343],[-81.42492,31.10472],[-81.40368,31.12128],[-81.42414,31.02505],[-81.46345,31.06733],[-81.51354,31.09333],[-81.4508,31.02192],[-81.47248,30.99189],[-81.51968,30.98408],[-81.49926,30.96821],[-81.4508,30.96357],[-81.49926,30.90559],[-81.50601,30.88166],[-81.49242,30.84687],[-81.53336,30.85371],[-81.49242,30.7718],[-81.50003,30.71217],[-81.56716,30.70943],[-81.66042,30.72842],[-81.90905,30.81851],[-81.96198,30.81841],[-81.98102,30.78313],[-82.01362,30.78413],[-82.04133,30.7367],[-82.04731,30.65005],[-82.01371,30.59273],[-82.01135,30.56648],[-82.05768,30.36919],[-82.16618,30.36455],[-82.19186,30.37391],[-82.21479,30.42852],[-82.20734,30.4854],[-82.2467,30.53948],[-82.23984,30.56465],[-84.87578,30.71914],[-84.92048,30.76009],[-84.94406,30.89168],[-84.97988,30.96368],[-85.00781,30.98416],[-84.99413,31.0189],[-85.01818,31.08684],[-85.06965,31.16119],[-85.10102,31.18267],[-85.09719,31.23428],[-85.1102,31.27154],[-85.08972,31.30628],[-85.07665,31.41956],[-85.05561,31.44346],[-85.06545,31.47207],[-85.04255,31.53533],[-85.05803,31.61651],[-85.10949,31.69234],[-85.14391,31.82395],[-85.12209,31.90296],[-85.06044,32.00393],[-85.0613,32.07393],[-85.03137,32.17044],[-84.95939,32.20379],[-84.97175,32.22078],[-84.93019,32.22232],[-84.92526,32.2522],[-84.89794,32.269],[-84.99189,32.33687],[-84.99536,32.35518],[-84.97365,32.37513],[-84.96774,32.43355],[-84.99413,32.47815],[-85.00309,32.52308],[-85.10339,32.65254],[-85.11767,32.73824],[-85.13896,32.76966],[-85.13068,32.7792],[-85.16747,32.81773],[-85.16872,32.86316],[-85.20134,32.93523],[-85.60568,34.98521],[-85.49797,34.98365],[-85.37241,34.98365],[-85.18405,34.98599],[-85.12126,34.98677],[-85.05834,34.98716],[-84.99567,34.98755],[-84.93302,34.98794],[-84.87011,34.98833],[-84.41252,34.98833],[-84.32463,34.98706],[-84.31696,35.05779],[-84.32463,34.98706],[-84.24904,34.98789],[-84.17338,34.98872],[-84.09777,34.98955],[-84.02219,34.99038],[-83.94658,34.99126],[-83.87097,34.99207],[-83.79533,34.99285],[-83.71972,34.99373],[-83.64411,34.99458],[-83.56845,34.99539],[-83.49287,34.9962],[-83.41725,34.99707],[-83.34162,34.9979],[-83.26603,34.99878],[-83.1904,34.99961],[-83.11476,35.00044],[-83.11435,34.99922]]]]}},{"type":"Feature","properties":{"name":"France","label":{"no":"Frankrike","en":"France"},"short":{"no":"Frankrike","en":"France"},"side":"french","level":0},"geometry":{"type":"MultiPolygon","coordinates":[[[[9.4542,42.65859],[9.52617,42.55264],[9.55068,42.12974],[9.40088,41.92622],[9.37422,41.67881],[9.18613,41.38491],[8.89502,41.51616],[8.80752,41.58838],[8.88682,41.70068],[8.71797,41.76143],[8.75869,41.87041],[8.74043,41.92515],[8.62187,41.93071],[8.61514,41.95913],[8.70254,42.04312],[8.70098,42.09561],[8.58779,42.16084],[8.56621,42.2188],[8.67549,42.28403],[8.62588,42.34341],[8.56563,42.35771],[8.71309,42.54976],[8.81484,42.60791],[9.04365,42.66167],[9.13789,42.73291],[9.2877,42.69463],[9.31338,42.71318],[9.36318,43.01738],[9.41523,43.02148],[9.46328,42.98101],[9.48037,42.80542],[9.4542,42.65859]]],[[[1.70605,42.50332],[1.73945,42.57593],[1.70986,42.60444],[1.50137,42.64272],[1.42832,42.5959],[1.34941,42.69067],[0.76445,42.83804],[0.66982,42.83574],[0.63164,42.6896],[0.51768,42.68628],[0.25547,42.69292],[0.20137,42.71934],[-0.04116,42.68911],[-0.29932,42.82534],[-0.58643,42.79897],[-0.76265,42.93979],[-0.93384,42.94951],[-1.17544,43.02114],[-1.28545,43.05962],[-1.30005,43.10098],[-1.37051,43.0376],[-1.42876,43.03677],[-1.48047,43.07114],[-1.42261,43.14912],[-1.41069,43.24009],[-1.75327,43.32471],[-1.79404,43.40732],[-1.63145,43.43804],[-1.48486,43.56377],[-1.346,44.02021],[-1.24551,44.55986],[-1.1708,44.66182],[-1.07695,44.68984],[-1.15288,44.76401],[-1.24521,44.6667],[-1.18906,45.16147],[-1.08101,45.53242],[-0.82632,45.38066],[-0.76665,45.31436],[-0.69111,45.09346],[-0.54849,45.00059],[-0.64111,45.09019],[-0.73311,45.38462],[-0.79077,45.46802],[-1.196,45.71445],[-1.20996,45.7709],[-1.03174,45.74106],[-1.10439,45.92534],[-1.14629,46.31138],[-1.39248,46.3501],[-1.78652,46.51484],[-2.05938,46.8103],[-2.09028,46.92051],[-2.0189,47.03765],[-2.08193,47.11162],[-2.19707,47.16294],[-2.1083,47.26294],[-2.02759,47.27358],[-1.74253,47.21597],[-1.97539,47.31069],[-2.35303,47.27876],[-2.50312,47.31206],[-2.53003,47.38159],[-2.42769,47.4709],[-2.55405,47.52705],[-2.77031,47.51387],[-2.79678,47.53726],[-2.73311,47.60181],[-2.78721,47.62554],[-2.96406,47.60107],[-3.06421,47.62134],[-3.15884,47.69468],[-3.44395,47.71104],[-3.50781,47.75312],[-3.90093,47.83755],[-4.31211,47.8229],[-4.42798,47.96895],[-4.67881,48.0395],[-4.6292,48.08579],[-4.37783,48.12881],[-4.32944,48.16997],[-4.51221,48.22974],[-4.57715,48.29004],[-4.24141,48.30366],[-4.39316,48.36763],[-4.71938,48.36313],[-4.7625,48.45024],[-4.72075,48.53989],[-4.5312,48.61997],[-4.05889,48.70752],[-3.71479,48.7105],[-3.47148,48.81294],[-3.23145,48.84082],[-3.00322,48.79067],[-2.69233,48.53682],[-2.44619,48.64829],[-2.07944,48.64502],[-2.00371,48.58208],[-1.90571,48.69712],[-1.82471,48.63052],[-1.37646,48.65259],[-1.48047,48.69761],[-1.56548,48.80552],[-1.58311,49.20239],[-1.81343,49.49014],[-1.87007,49.59512],[-1.85645,49.68379],[-1.58823,49.66768],[-1.36572,49.70728],[-1.25864,49.68018],[-1.23228,49.49487],[-1.13853,49.38789],[-0.5209,49.35454],[-0.16348,49.29678],[0.13613,49.40151],[0.41689,49.44839],[0.43926,49.47319],[0.27764,49.46328],[0.12939,49.50845],[0.10938,49.55752],[0.18672,49.70303],[0.61621,49.86294],[1.24551,49.99824],[1.40723,50.08853],[1.59277,50.2522],[1.55156,50.29395],[1.57949,50.73926],[1.67227,50.88501],[1.9125,50.99063],[2.5249,51.09712],[2.60146,50.95527],[2.59678,50.87593],[2.75937,50.75063],[2.83975,50.71177],[3.10684,50.77944],[3.23496,50.66294],[3.27334,50.53154],[3.59541,50.47734],[3.68936,50.30605],[3.74805,50.34351],[3.94971,50.33594],[4.04414,50.32134],[4.17461,50.24648],[4.13525,50.1438],[4.19219,50.09414],[4.13682,50.0],[4.17607,49.96025],[4.54502,49.96025],[4.65615,50.00244],[4.70664,50.09707],[4.81865,50.15317],[4.86055,50.13589],[4.79004,49.95957],[4.8415,49.9145],[4.86758,49.78813],[5.00693,49.77837],[5.27881,49.67793],[5.50732,49.51089],[5.78975,49.53828],[6.01143,49.44546],[6.24219,49.49434],[6.45811,49.44287],[6.53428,49.39468],[6.73545,49.1606],[6.89121,49.20752],[7.00146,49.17988],[7.03672,49.1127],[7.45059,49.1522],[7.52549,49.08638],[7.61094,49.06177],[8.13486,48.97358],[8.14033,48.88643],[7.83799,48.63604],[7.70566,48.28003],[7.6166,48.15679],[7.58418,48.06431],[7.6085,48.00259],[7.59326,47.90566],[7.52939,47.67388],[7.56543,47.60654],[7.61562,47.59272],[7.49492,47.54736],[7.42002,47.45518],[7.34316,47.43311],[7.20312,47.43271],[7.13604,47.48984],[6.96836,47.45322],[6.90039,47.39424],[7.00059,47.32251],[6.66689,47.02651],[6.45625,46.94834],[6.41016,46.75542],[6.16074,46.61104],[6.06797,46.45854],[6.06025,46.42817],[6.12324,46.37861],[6.0959,46.27939],[5.97002,46.2147],[5.97148,46.15122],[6.00664,46.14233],[6.19941,46.19307],[6.27295,46.25225],[6.23467,46.33262],[6.42891,46.43052],[6.77607,46.40664],[6.8168,46.2752],[6.77207,46.16514],[7.02109,45.92578],[6.80449,45.81455],[6.79092,45.74087],[7.01367,45.50049],[7.15342,45.40093],[7.07832,45.23994],[6.84229,45.13564],[6.69229,45.14429],[6.62773,45.11797],[6.63477,45.06816],[6.69141,45.02261],[6.73818,44.92139],[6.99268,44.82729],[7.03066,44.7167],[6.96035,44.67715],[6.84297,44.51069],[6.89385,44.42817],[6.8748,44.39204],[6.9002,44.33574],[6.96729,44.28003],[7.31855,44.13799],[7.63721,44.16484],[7.67715,44.08315],[7.48203,43.86489],[7.49316,43.76714],[7.39502,43.76533],[7.37773,43.73174],[7.18145,43.65913],[6.86475,43.43833],[6.7166,43.37358],[6.65723,43.26167],[6.57021,43.19907],[6.11592,43.07236],[6.03057,43.10098],[5.80947,43.0979],[5.67158,43.17783],[5.40654,43.22852],[5.32021,43.34492],[5.07314,43.3666],[5.05977,43.44453],[4.71211,43.37329],[4.22422,43.47964],[4.05264,43.59307],[3.91084,43.56309],[3.78477,43.46162],[3.25889,43.19321],[3.05176,42.91514],[3.09092,42.59087],[3.21143,42.43115],[2.89141,42.45605],[2.70186,42.4085],[2.65166,42.34048],[2.20039,42.42095],[2.03271,42.35352],[1.98652,42.3585],[1.92793,42.42632],[1.70605,42.50332]]],[[[-1.21357,45.8166],[-1.3687,45.96768],[-1.38867,46.05039],[-1.28506,46.00269],[-1.17832,45.90405],[-1.21357,45.8166]]]]}},{"type":"Feature","properties":{"name":"Britain","label":{"no":"Storbritannia","en":"Britain"},"short":{"no":"Storbritannia","en":"Britain"},"side":"british","level":0},"geometry":{"type":"MultiPolygon","coordinates":[[[[-3.10112,58.43369],[-3.21235,58.32124],[-3.99004,57.95903],[-4.0356,57.852],[-3.85713,57.81855],[-4.07842,57.67705],[-4.13452,57.57773],[-3.86816,57.60034],[-3.40278,57.70825],[-3.03604,57.67231],[-2.07407,57.70239],[-1.96152,57.67666],[-1.86738,57.61235],[-1.78066,57.47402],[-2.02031,57.25889],[-2.08955,57.10254],[-2.26025,56.86333],[-2.59268,56.56157],[-2.7752,56.48296],[-3.04741,56.44937],[-3.30996,56.36348],[-2.88516,56.39751],[-2.65273,56.31826],[-2.67427,56.25342],[-2.76758,56.20215],[-2.97979,56.19409],[-3.17822,56.08013],[-3.36226,56.02764],[-3.78906,56.09521],[-3.60781,56.01602],[-3.04873,55.95195],[-2.83687,56.02627],[-2.59932,56.02729],[-2.14707,55.90298],[-1.65537,55.57036],[-1.42266,55.02642],[-1.23242,54.70371],[-1.15439,54.65449],[-0.67139,54.50391],[-0.37036,54.2792],[-0.08438,54.11807],[-0.20557,54.02173],[-0.16875,53.94165],[0.11533,53.60928],[-0.07373,53.64365],[-0.27002,53.73677],[-0.65991,53.72402],[-0.2937,53.69233],[0.12832,53.46826],[0.271,53.3355],[0.35576,53.15996],[0.29805,53.0811],[0.0459,52.90562],[0.27979,52.80869],[0.38193,52.8252],[0.55879,52.96694],[1.05557,52.95898],[1.38213,52.89351],[1.65674,52.75371],[1.71611,52.67725],[1.74658,52.46899],[1.59141,52.11978],[1.41348,51.99478],[1.3168,51.95693],[1.23242,51.97124],[1.27441,51.84536],[1.18848,51.80337],[0.95508,51.80781],[0.75225,51.72959],[0.89805,51.6894],[0.92744,51.64663],[0.89092,51.57144],[0.42451,51.46563],[0.52832,51.48447],[0.60029,51.46797],[0.68652,51.38657],[0.88936,51.35952],[1.41494,51.36328],[1.39756,51.18203],[1.04443,51.04727],[0.96016,50.92588],[0.77236,50.93398],[0.68437,50.88555],[0.20508,50.76304],[-0.20391,50.81436],[-0.78525,50.76543],[-1.41646,50.89688],[-1.33447,50.8208],[-1.60083,50.73286],[-2.03105,50.72539],[-1.96206,50.62778],[-2.03584,50.60308],[-2.35015,50.6374],[-2.43345,50.59922],[-2.77695,50.70557],[-2.99941,50.7166],[-3.40459,50.63242],[-3.48545,50.54795],[-3.58438,50.32183],[-3.67979,50.23994],[-3.79336,50.22925],[-4.19458,50.39331],[-4.72798,50.29048],[-5.00952,50.16074],[-5.11851,50.03833],[-5.22524,50.02139],[-5.32285,50.08296],[-5.43398,50.10444],[-5.62212,50.05068],[-5.65518,50.07725],[-5.65625,50.13188],[-5.57065,50.19697],[-5.34229,50.24614],[-5.00444,50.49526],[-4.89355,50.53369],[-4.58291,50.77637],[-4.5231,50.97744],[-4.29648,51.02715],[-4.18818,51.18853],[-3.84233,51.23091],[-3.13599,51.20503],[-3.04204,51.24858],[-2.88125,51.40566],[-2.43306,51.74072],[-2.74214,51.5811],[-2.97852,51.53887],[-3.29312,51.39043],[-3.56235,51.41382],[-3.89077,51.59165],[-4.23457,51.56909],[-4.09102,51.65991],[-4.27617,51.68252],[-4.38628,51.74106],[-4.60078,51.73765],[-4.90229,51.62627],[-5.16836,51.74072],[-5.20059,51.86138],[-5.2623,51.88018],[-5.18335,51.94966],[-4.38315,52.19731],[-4.21772,52.27744],[-3.98032,52.54175],[-4.04844,52.55762],[-4.07891,52.60786],[-4.03926,52.70405],[-4.11753,52.82002],[-4.10146,52.91548],[-4.35645,52.89741],[-4.68306,52.80615],[-4.63833,52.89111],[-4.40508,53.01382],[-4.26855,53.14453],[-4.11104,53.21895],[-3.76421,53.30762],[-3.6459,53.2979],[-3.32617,53.34717],[-3.09756,53.2603],[-3.16558,53.39468],[-3.06475,53.42686],[-2.91855,53.30537],[-2.74951,53.31021],[-2.91309,53.35024],[-3.0646,53.51284],[-3.05947,53.58623],[-2.9251,53.73276],[-3.03179,53.77358],[-3.02676,53.90591],[-2.89985,53.96069],[-2.84648,54.1353],[-2.86758,54.17725],[-3.16597,54.12793],[-3.32153,54.2291],[-3.56938,54.46758],[-3.59204,54.56436],[-3.4646,54.7731],[-3.26792,54.90659],[-3.03623,54.95308],[-3.55044,54.94741],[-3.95791,54.78096],[-4.13296,54.77925],[-4.25342,54.84678],[-4.51748,54.75835],[-4.81807,54.84614],[-4.8895,54.77227],[-4.91123,54.68945],[-5.03232,54.76138],[-5.1355,54.85752],[-5.17271,54.98589],[-5.1167,55.01226],[-5.05586,54.98813],[-4.96519,55.14946],[-4.67676,55.50132],[-4.72417,55.59829],[-4.89185,55.69912],[-4.87168,55.87393],[-4.80684,55.94014],[-4.58408,55.93867],[-4.84409,56.05117],[-4.80029,56.15835],[-4.9271,56.02808],[-5.09282,55.9873],[-5.11499,55.94463],[-5.19585,55.92866],[-5.22822,55.88633],[-5.24731,56.00039],[-5.22295,56.06582],[-4.99697,56.23335],[-5.08433,56.19746],[-5.41045,55.99536],[-5.38584,55.77012],[-5.55645,55.3896],[-5.61846,55.33145],[-5.73066,55.33413],[-5.76787,55.39497],[-5.68135,55.62397],[-5.50449,55.80239],[-5.62285,55.81313],[-5.60957,56.05527],[-5.39194,56.51479],[-5.32944,56.55591],[-5.3127,56.6188],[-5.18838,56.75806],[-5.65244,56.53198],[-5.86484,56.56187],[-5.93677,56.60571],[-5.9689,56.68989],[-6.13369,56.70669],[-6.03472,56.76392],[-5.87764,56.77964],[-5.73062,56.85308],[-5.86143,56.90269],[-5.73628,56.96064],[-5.59131,57.10234],[-5.56191,57.23271],[-5.65635,57.33408],[-5.79492,57.37881],[-5.80195,57.46802],[-5.58179,57.54678],[-5.67876,57.57168],[-5.74492,57.66831],[-5.60835,57.88135],[-5.34902,57.87808],[-5.28979,57.90459],[-5.15723,57.88135],[-5.41318,58.06973],[-5.35137,58.1437],[-5.33828,58.23872],[-5.0083,58.26265],[-5.09014,58.38452],[-5.0665,58.52021],[-5.01675,58.56655],[-4.80962,58.5729],[-4.71543,58.51001],[-4.49189,58.56846],[-4.43325,58.51284],[-3.25913,58.65],[-3.05308,58.63481],[-3.10967,58.51548],[-3.10112,58.43369]]],[[[-0.77432,60.80049],[-0.82549,60.68394],[-0.92227,60.69727],[-0.91582,60.81045],[-0.80181,60.83125],[-0.77432,60.80049]]],[[[-1.06787,60.50229],[-1.16553,60.60391],[-1.09331,60.72021],[-1.00562,60.7165],[-1.00034,60.65801],[-1.04902,60.64692],[-1.03423,60.53018],[-1.06787,60.50229]]],[[[-1.2874,60.46704],[-1.23574,60.4853],[-1.15776,60.41772],[-1.05244,60.44448],[-1.19932,60.00659],[-1.29946,59.87866],[-1.35586,59.91113],[-1.27617,60.11465],[-1.29092,60.15347],[-1.3228,60.18838],[-1.48149,60.17339],[-1.49912,60.22178],[-1.64136,60.23677],[-1.66377,60.28252],[-1.37461,60.33291],[-1.44956,60.46855],[-1.57178,60.49443],[-1.41421,60.59873],[-1.30171,60.60767],[-1.2874,60.46704]]],[[[-1.06558,50.69023],[-1.19609,50.59922],[-1.3063,50.58853],[-1.56343,50.66611],[-1.31279,50.77349],[-1.06558,50.69023]]],[[[-2.66206,59.23018],[-2.60361,59.28931],[-2.40698,59.29756],[-2.54888,59.23135],[-2.66206,59.23018]]],[[[-2.81523,59.16191],[-2.85186,59.18247],[-2.86143,59.24683],[-3.05205,59.32388],[-2.97554,59.34712],[-2.81504,59.24082],[-2.71992,59.21948],[-2.72939,59.18677],[-2.81523,59.16191]]],[[[-3.0707,59.00498],[-2.81792,58.98188],[-2.76245,58.95581],[-2.82622,58.89326],[-2.99482,58.93936],[-3.1666,58.91909],[-3.22334,58.93877],[-3.24214,58.99971],[-3.33164,58.97124],[-3.35371,59.01875],[-3.31035,59.13081],[-3.24858,59.14395],[-3.01924,59.07603],[-3.0707,59.00498]]],[[[-2.93896,58.73862],[-2.97539,58.75693],[-3.03545,58.82266],[-2.89644,58.82759],[-2.93896,58.73862]]],[[[-3.15854,58.80122],[-3.27881,58.78193],[-3.36719,58.83975],[-3.39473,58.90962],[-3.27192,58.90527],[-3.21162,58.81357],[-3.15854,58.80122]]],[[[-4.15488,53.30283],[-4.04937,53.30576],[-4.08428,53.26431],[-4.37305,53.13418],[-4.41885,53.17803],[-4.47197,53.17637],[-4.55322,53.26045],[-4.56787,53.38647],[-4.31509,53.41724],[-4.15488,53.30283]]],[[[-5.10542,55.44883],[-5.33149,55.48105],[-5.39268,55.61836],[-5.31812,55.70918],[-5.18545,55.69097],[-5.10498,55.57397],[-5.10542,55.44883]]],[[[-6.30366,54.09487],[-6.40259,54.06064],[-6.6498,54.05864],[-6.64687,54.16343],[-6.80259,54.21436],[-6.87725,54.3291],[-7.00771,54.40669],[-7.04971,54.40825],[-7.20259,54.30181],[-7.15547,54.2395],[-7.32451,54.13345],[-7.60654,54.14385],[-7.67876,54.18667],[-7.85493,54.21528],[-7.88447,54.28379],[-8.14482,54.45352],[-8.04434,54.51245],[-7.75439,54.59492],[-7.74629,54.61582],[-7.9106,54.69834],[-7.7375,54.71045],[-7.55039,54.76797],[-7.45127,54.8771],[-7.3769,55.02769],[-7.21865,55.09199],[-7.10063,55.04829],[-7.03076,55.08062],[-6.94717,55.18252],[-6.47505,55.24102],[-6.12915,55.21738],[-6.03579,55.14453],[-5.98574,55.02969],[-5.86919,54.91621],[-5.71685,54.81748],[-5.71074,54.75708],[-5.8791,54.68438],[-5.87861,54.64131],[-5.73862,54.67305],[-5.58252,54.66343],[-5.52793,54.61963],[-5.47041,54.5002],[-5.48389,54.44165],[-5.67109,54.54976],[-5.65596,54.38174],[-5.55781,54.371],[-5.60679,54.27256],[-5.82617,54.23584],[-5.93774,54.08906],[-6.01904,54.05127],[-6.30366,54.09487]]],[[[-6.16606,57.5853],[-6.16377,57.40884],[-6.13555,57.31426],[-5.88027,57.26323],[-5.70601,57.26895],[-5.66865,57.2269],[-5.91377,57.06265],[-5.9873,57.04443],[-6.01475,57.05195],[-6.03437,57.20122],[-6.32271,57.20249],[-6.44243,57.32749],[-6.67544,57.36289],[-6.76113,57.44238],[-6.7042,57.49575],[-6.58301,57.50713],[-6.6168,57.5627],[-6.37852,57.60332],[-6.35767,57.6668],[-6.30596,57.67197],[-6.16606,57.5853]]],[[[-5.99092,55.80381],[-6.06035,55.8229],[-6.07197,55.89312],[-5.91177,55.97476],[-5.97031,55.99219],[-5.93906,56.04526],[-5.72515,56.11855],[-5.99092,55.80381]]],[[[-5.77788,56.34434],[-6.31343,56.29365],[-6.32583,56.32095],[-6.18486,56.35688],[-6.13887,56.49063],[-6.31064,56.55215],[-6.28633,56.61187],[-6.10273,56.64565],[-5.94668,56.53452],[-5.76084,56.49067],[-5.77788,56.34434]]],[[[-6.12891,55.93057],[-6.05532,55.69531],[-6.08838,55.65752],[-6.25317,55.60723],[-6.30508,55.60693],[-6.27002,55.67031],[-6.30176,55.78062],[-6.45195,55.70425],[-6.49565,55.71157],[-6.41318,55.85464],[-6.31128,55.85649],[-6.12891,55.93057]]],[[[-6.32583,58.18887],[-6.55459,58.09287],[-6.40337,58.07588],[-6.4252,58.02129],[-6.6833,57.91104],[-6.79658,57.82754],[-6.85376,57.82651],[-6.95693,57.75005],[-7.08345,57.81377],[-6.85684,57.92354],[-7.05708,58.00317],[-6.9853,58.05049],[-7.08848,58.09536],[-7.08525,58.18218],[-7.02842,58.22231],[-6.88623,58.18257],[-6.72646,58.1894],[-6.77646,58.30151],[-6.23745,58.50283],[-6.19424,58.43511],[-6.19868,58.36328],[-6.32583,58.18887]]],[[[-6.30874,56.95181],[-6.3834,56.9709],[-6.43262,57.01792],[-6.32236,57.05054],[-6.27822,57.0314],[-6.26055,56.98525],[-6.30874,56.95181]]],[[[-6.66445,56.57944],[-6.56992,56.66123],[-6.48369,56.66577],[-6.60762,56.58501],[-6.66445,56.57944]]],[[[-7.09277,57.62666],[-7.18262,57.5333],[-7.32056,57.53374],[-7.51562,57.61587],[-7.47031,57.65254],[-7.20557,57.68296],[-7.09277,57.62666]]],[[[-7.24756,57.12637],[-7.38149,57.13066],[-7.41592,57.19214],[-7.41055,57.3811],[-7.26714,57.37178],[-7.24756,57.12637]]],[[[-7.50479,56.95166],[-7.54297,56.97236],[-7.52295,57.00679],[-7.45547,57.01895],[-7.39893,56.98335],[-7.50479,56.95166]]]]}}]}
